"Series","Alphabet 3y 1d"
"Signal","CLMI"
"Generations","1000"
"Ending","max generations were reached"
"Best Strategy","0001100001000000000100100000001010100010000000000000000000010000	","Accuracy","0.778371161549"
"Unique Strats","9602"
"0","0.49903271028","0.719626168224","0.292389853138"
"1","0.552490654206","0.719626168224","0.303070761015"
"2","0.590424165554","0.730307076101","0.31909212283"
"3","0.610006675567","0.730307076101","0.367156208278"
"4","0.619234045394","0.731642189586","0.360480640854"
"5","0.6264188251","0.731642189586","0.340453938585"
"6","0.6321188251","0.738317757009","0.356475300401"
"7","0.636890387183","0.738317757009","0.340453938585"
"8","0.640935113485","0.744993324433","0.361815754339"
"9","0.644065954606","0.748998664887","0.37650200267"
"10","0.646797329773","0.748998664887","0.372496662216"
"11","0.648901602136","0.748998664887","0.331108144192"
"12","0.650101468625","0.748998664887","0.387182910547"
"13","0.65178811749","0.748998664887","0.363150867824"
"14","0.653790520694","0.751668891856","0.387182910547"
"15","0.655054873164","0.761014686248","0.365821094793"
"16","0.657237917223","0.761014686248","0.397863818425"
"17","0.658425500668","0.761014686248","0.352469959947"
"18","0.659503604806","0.761014686248","0.336448598131"
"19","0.660211748999","0.761014686248","0.363150867824"
"20","0.661159012016","0.761014686248","0.401869158879"
"21","0.661486381842","0.761014686248","0.37917222964"
"22","0.662115620828","0.761014686248","0.373831775701"
"23","0.663073030708","0.761014686248","0.37917222964"
"24","0.663689719626","0.761014686248","0.392523364486"
"25","0.664048464619","0.761014686248","0.369826435247"
"26","0.665369025367","0.761014686248","0.391188251001"
"27","0.665981575434","0.761014686248","0.37650200267"
"28","0.665944726302","0.761014686248","0.353805073431"
"29","0.667545126836","0.762349799733","0.404539385848"
"30","0.66815046729","0.762349799733","0.371161548732"
"31","0.668564753004","0.762349799733","0.39652870494"
"32","0.669305874499","0.762349799733","0.361815754339"
"33","0.669751134846","0.762349799733","0.388518024032"
"34","0.670176635514","0.762349799733","0.395193591455"
"35","0.670678638184","0.762349799733","0.389853137517"
"36","0.671114953271","0.762349799733","0.381842456609"
"37","0.67130987984","0.762349799733","0.37917222964"
"38","0.672567690254","0.763684913218","0.404539385848"
"39","0.672984913218","0.766355140187","0.415220293725"
"40","0.673275567423","0.766355140187","0.368491321762"
"41","0.673340186916","0.766355140187","0.383177570093"
"42","0.673762216288","0.766355140187","0.368491321762"
"43","0.674083578104","0.769025367156","0.388518024032"
"44","0.675035514019","0.769025367156","0.401869158879"
"45","0.675411214953","0.769025367156","0.400534045394"
"46","0.675545260347","0.769025367156","0.407209612817"
"47","0.675954606142","0.769025367156","0.367156208278"
"48","0.676404806409","0.769025367156","0.404539385848"
"49","0.676611481976","0.770360480641","0.407209612817"
"50","0.676387850467","0.770360480641","0.399198931909"
"51","0.67643858478","0.770360480641","0.392523364486"
"52","0.676597863818","0.770360480641","0.385847797063"
"53","0.677650333778","0.770360480641","0.381842456609"
"54","0.678639118825","0.770360480641","0.403204272363"
"55","0.678379839786","0.770360480641","0.404539385848"
"56","0.678945393858","0.770360480641","0.388518024032"
"57","0.679002269693","0.770360480641","0.388518024032"
"58","0.67980894526","0.770360480641","0.39652870494"
"59","0.680497196262","0.770360480641","0.399198931909"
"60","0.680602269693","0.770360480641","0.391188251001"
"61","0.68053564753","0.770360480641","0.400534045394"
"62","0.680807743658","0.770360480641","0.403204272363"
"63","0.680607743658","0.770360480641","0.392523364486"
"64","0.680400934579","0.770360480641","0.417890520694"
"65","0.681098531375","0.770360480641","0.405874499332"
"66","0.681942056075","0.770360480641","0.423230974633"
"67","0.682523497997","0.770360480641","0.425901201602"
"68","0.682398531375","0.770360480641","0.408544726302"
"69","0.682040453939","0.770360480641","0.405874499332"
"70","0.68262176235","0.770360480641","0.383177570093"
"71","0.684052870494","0.770360480641","0.391188251001"
"72","0.683526835781","0.770360480641","0.421895861148"
"73","0.684437249666","0.770360480641","0.389853137517"
"74","0.684725634179","0.770360480641","0.424566088117"
"75","0.6835623498","0.770360480641","0.420560747664"
"76","0.683840720961","0.770360480641","0.385847797063"
"77","0.68458024032","0.770360480641","0.412550066756"
"78","0.684229906542","0.770360480641","0.407209612817"
"79","0.685328571429","0.770360480641","0.41655540721"
"80","0.68481188251","0.774365821095","0.407209612817"
"81","0.685065687583","0.774365821095","0.397863818425"
"82","0.684720293725","0.774365821095","0.393858477971"
"83","0.685836181575","0.774365821095","0.421895861148"
"84","0.686174899866","0.774365821095","0.41388518024"
"85","0.687257943925","0.774365821095","0.387182910547"
"86","0.68739305741","0.774365821095","0.368491321762"
"87","0.687610146862","0.774365821095","0.419225634179"
"88","0.687454606142","0.774365821095","0.395193591455"
"89","0.688055006676","0.774365821095","0.401869158879"
"90","0.687052202937","0.774365821095","0.400534045394"
"91","0.687298798398","0.774365821095","0.415220293725"
"92","0.68735447263","0.774365821095","0.408544726302"
"93","0.688246995995","0.774365821095","0.435246995995"
"94","0.687920293725","0.774365821095","0.387182910547"
"95","0.688640720961","0.774365821095","0.423230974633"
"96","0.688285981308","0.774365821095","0.397863818425"
"97","0.688649799733","0.774365821095","0.420560747664"
"98","0.688719492657","0.774365821095","0.403204272363"
"99","0.689097463284","0.774365821095","0.399198931909"
"100","0.690340186916","0.774365821095","0.415220293725"
"101","0.689649666222","0.774365821095","0.423230974633"
"102","0.689303738318","0.774365821095","0.399198931909"
"103","0.689504405874","0.774365821095","0.420560747664"
"104","0.689665020027","0.774365821095","0.405874499332"
"105","0.690345660881","0.774365821095","0.425901201602"
"106","0.690110814419","0.774365821095","0.436582109479"
"107","0.690452336449","0.774365821095","0.417890520694"
"108","0.690655807744","0.774365821095","0.388518024032"
"109","0.690724833111","0.774365821095","0.404539385848"
"110","0.690785714286","0.774365821095","0.431241655541"
"111","0.690403871829","0.774365821095","0.41388518024"
"112","0.691327102804","0.774365821095","0.407209612817"
"113","0.691266221629","0.774365821095","0.407209612817"
"114","0.691072897196","0.774365821095","0.41655540721"
"115","0.691569959947","0.774365821095","0.411214953271"
"116","0.69170400534","0.774365821095","0.429906542056"
"117","0.69150493992","0.774365821095","0.412550066756"
"118","0.69251481976","0.774365821095","0.391188251001"
"119","0.692032443258","0.774365821095","0.41655540721"
"120","0.69213858478","0.774365821095","0.408544726302"
"121","0.69252376502","0.774365821095","0.409879839786"
"122","0.69211588785","0.774365821095","0.43391188251"
"123","0.692360080107","0.774365821095","0.421895861148"
"124","0.692832309746","0.774365821095","0.41388518024"
"125","0.693206809079","0.774365821095","0.408544726302"
"126","0.693195861148","0.774365821095","0.415220293725"
"127","0.692627236315","0.774365821095","0.41655540721"
"128","0.693220026702","0.774365821095","0.43391188251"
"129","0.69351682243","0.774365821095","0.411214953271"
"130","0.69395246996","0.774365821095","0.439252336449"
"131","0.69515447263","0.774365821095","0.428571428571"
"132","0.694219359146","0.774365821095","0.409879839786"
"133","0.69444953271","0.774365821095","0.399198931909"
"134","0.694583578104","0.774365821095","0.420560747664"
"135","0.694249799733","0.774365821095","0.435246995995"
"136","0.693801735648","0.774365821095","0.412550066756"
"137","0.6938","0.774365821095","0.417890520694"
"138","0.694901869159","0.774365821095","0.37917222964"
"139","0.694701068091","0.774365821095","0.407209612817"
"140","0.694850200267","0.774365821095","0.420560747664"
"141","0.695936315087","0.774365821095","0.447263017356"
"142","0.69540987984","0.774365821095","0.432576769025"
"143","0.695665821095","0.774365821095","0.421895861148"
"144","0.695630841121","0.774365821095","0.41388518024"
"145","0.696273030708","0.774365821095","0.417890520694"
"146","0.696351668892","0.774365821095","0.415220293725"
"147","0.696468758344","0.774365821095","0.436582109479"
"148","0.695842857143","0.774365821095","0.415220293725"
"149","0.696163951936","0.774365821095","0.425901201602"
"150","0.69625941255","0.774365821095","0.441922563418"
"151","0.696427369826","0.774365821095","0.424566088117"
"152","0.695946995995","0.774365821095","0.464619492657"
"153","0.696520026702","0.774365821095","0.417890520694"
"154","0.696306008011","0.774365821095","0.440587449933"
"155","0.696813618158","0.774365821095","0.427236315087"
"156","0.697695861148","0.774365821095","0.425901201602"
"157","0.697100400534","0.774365821095","0.440587449933"
"158","0.697313351135","0.774365821095","0.435246995995"
"159","0.697545393858","0.774365821095","0.388518024032"
"160","0.697251268358","0.774365821095","0.417890520694"
"161","0.697312149533","0.774365821095","0.407209612817"
"162","0.698276635514","0.774365821095","0.41388518024"
"163","0.697405073431","0.774365821095","0.429906542056"
"164","0.698685447263","0.774365821095","0.408544726302"
"165","0.698420293725","0.774365821095","0.448598130841"
"166","0.697484779706","0.774365821095","0.444592790387"
"167","0.6967623498","0.774365821095","0.423230974633"
"168","0.697418424566","0.774365821095","0.423230974633"
"169","0.698073698264","0.774365821095","0.443257676903"
"170","0.698690787717","0.774365821095","0.437917222964"
"171","0.69859599466","0.774365821095","0.431241655541"
"172","0.699044859813","0.774365821095","0.412550066756"
"173","0.698010146862","0.774365821095","0.415220293725"
"174","0.698804272363","0.774365821095","0.397863818425"
"175","0.698617890521","0.774365821095","0.423230974633"
"176","0.698958744993","0.774365821095","0.432576769025"
"177","0.698936715621","0.774365821095","0.427236315087"
"178","0.698677837116","0.774365821095","0.412550066756"
"179","0.699503871829","0.774365821095","0.429906542056"
"180","0.698269559413","0.774365821095","0.432576769025"
"181","0.698913217623","0.774365821095","0.417890520694"
"182","0.698983711615","0.774365821095","0.448598130841"
"183","0.699026168224","0.774365821095","0.415220293725"
"184","0.699661148198","0.774365821095","0.425901201602"
"185","0.700172763685","0.774365821095","0.417890520694"
"186","0.700119225634","0.774365821095","0.400534045394"
"187","0.700027503338","0.774365821095","0.447263017356"
"188","0.700204806409","0.774365821095","0.425901201602"
"189","0.700188251001","0.774365821095","0.41388518024"
"190","0.700152736983","0.774365821095","0.429906542056"
"191","0.700575300401","0.774365821095","0.43391188251"
"192","0.701339786382","0.774365821095","0.392523364486"
"193","0.700846194927","0.774365821095","0.417890520694"
"194","0.700771829105","0.774365821095","0.448598130841"
"195","0.700614686248","0.774365821095","0.448598130841"
"196","0.700782510013","0.774365821095","0.415220293725"
"197","0.701019225634","0.774365821095","0.429906542056"
"198","0.700707610147","0.774365821095","0.427236315087"
"199","0.701240987984","0.774365821095","0.444592790387"
"200","0.701373564753","0.774365821095","0.45393858478"
"201","0.701397596796","0.774365821095","0.437917222964"
"202","0.700009479306","0.774365821095","0.421895861148"
"203","0.700675834446","0.774365821095","0.436582109479"
"204","0.700900667557","0.774365821095","0.409879839786"
"205","0.701969158879","0.775700934579","0.408544726302"
"206","0.701281842457","0.775700934579","0.437917222964"
"207","0.70129105474","0.775700934579","0.419225634179"
"208","0.70223965287","0.775700934579","0.435246995995"
"209","0.701450734312","0.775700934579","0.444592790387"
"210","0.701369959947","0.775700934579","0.429906542056"
"211","0.701471829105","0.775700934579","0.431241655541"
"212","0.701548331108","0.775700934579","0.428571428571"
"213","0.702633778371","0.775700934579","0.437917222964"
"214","0.70190293725","0.775700934579","0.436582109479"
"215","0.701415754339","0.775700934579","0.440587449933"
"216","0.701324699599","0.775700934579","0.380507343124"
"217","0.702051668892","0.775700934579","0.437917222964"
"218","0.702260881175","0.775700934579","0.424566088117"
"219","0.701918958611","0.775700934579","0.455273698264"
"220","0.702287983979","0.775700934579","0.421895861148"
"221","0.702351535381","0.775700934579","0.429906542056"
"222","0.701936315087","0.775700934579","0.432576769025"
"223","0.703469959947","0.775700934579","0.436582109479"
"224","0.702978104139","0.775700934579","0.431241655541"
"225","0.703069025367","0.775700934579","0.445927903872"
"226","0.702884646195","0.775700934579","0.448598130841"
"227","0.702383711615","0.775700934579","0.445927903872"
"228","0.702977036048","0.775700934579","0.429906542056"
"229","0.702591989319","0.775700934579","0.435246995995"
"230","0.702576635514","0.775700934579","0.45126835781"
"231","0.702652603471","0.775700934579","0.43391188251"
"232","0.702703337784","0.775700934579","0.432576769025"
"233","0.702569158879","0.775700934579","0.405874499332"
"234","0.702421628838","0.775700934579","0.415220293725"
"235","0.702722696929","0.775700934579","0.445927903872"
"236","0.703957009346","0.775700934579","0.409879839786"
"237","0.703928304406","0.775700934579","0.455273698264"
"238","0.703652736983","0.775700934579","0.420560747664"
"239","0.70397222964","0.775700934579","0.431241655541"
"240","0.704404405874","0.775700934579","0.437917222964"
"241","0.703248464619","0.775700934579","0.43391188251"
"242","0.70325447263","0.775700934579","0.423230974633"
"243","0.704537516689","0.777036048064","0.443257676903"
"244","0.704274499332","0.777036048064","0.432576769025"
"245","0.70481588785","0.777036048064","0.425901201602"
"246","0.704212817089","0.777036048064","0.425901201602"
"247","0.704691722296","0.777036048064","0.411214953271"
"248","0.704503738318","0.777036048064","0.45126835781"
"249","0.704134178905","0.777036048064","0.428571428571"
"250","0.702958878505","0.777036048064","0.423230974633"
"251","0.703843124166","0.777036048064","0.429906542056"
"252","0.704299599466","0.777036048064","0.41388518024"
"253","0.704899198932","0.777036048064","0.427236315087"
"254","0.704630841121","0.777036048064","0.435246995995"
"255","0.704964886515","0.777036048064","0.411214953271"
"256","0.704372630174","0.777036048064","0.401869158879"
"257","0.704475834446","0.777036048064","0.432576769025"
"258","0.704112950601","0.777036048064","0.41655540721"
"259","0.704053404539","0.777036048064","0.428571428571"
"260","0.704225634179","0.777036048064","0.464619492657"
"261","0.704510146862","0.777036048064","0.428571428571"
"262","0.704604672897","0.777036048064","0.441922563418"
"263","0.705967022697","0.777036048064","0.41388518024"
"264","0.705237383178","0.778371161549","0.425901201602"
"265","0.705447129506","0.778371161549","0.41388518024"
"266","0.70499212283","0.778371161549","0.43391188251"
"267","0.704439919893","0.778371161549","0.443257676903"
"268","0.705355540721","0.778371161549","0.428571428571"
"269","0.705404806409","0.778371161549","0.429906542056"
"270","0.705895327103","0.778371161549","0.447263017356"
"271","0.705989986649","0.778371161549","0.421895861148"
"272","0.705489986649","0.778371161549","0.424566088117"
"273","0.705231775701","0.778371161549","0.400534045394"
"274","0.70572870494","0.778371161549","0.412550066756"
"275","0.70564259012","0.778371161549","0.428571428571"
"276","0.706197463284","0.778371161549","0.443257676903"
"277","0.706327503338","0.778371161549","0.45393858478"
"278","0.706156742323","0.778371161549","0.412550066756"
"279","0.706178104139","0.778371161549","0.429906542056"
"280","0.706098397864","0.778371161549","0.444592790387"
"281","0.706589185581","0.778371161549","0.439252336449"
"282","0.706332977303","0.778371161549","0.449933244326"
"283","0.706673965287","0.778371161549","0.443257676903"
"284","0.706312149533","0.778371161549","0.435246995995"
"285","0.706637516689","0.778371161549","0.448598130841"
"286","0.706545260347","0.778371161549","0.445927903872"
"287","0.70630987984","0.778371161549","0.444592790387"
"288","0.705631108144","0.778371161549","0.415220293725"
"289","0.706489853138","0.778371161549","0.445927903872"
"290","0.706888785047","0.778371161549","0.435246995995"
"291","0.707365153538","0.778371161549","0.447263017356"
"292","0.70698518024","0.778371161549","0.460614152203"
"293","0.706860480641","0.778371161549","0.441922563418"
"294","0.706313084112","0.778371161549","0.436582109479"
"295","0.706668758344","0.778371161549","0.45126835781"
"296","0.706904138852","0.778371161549","0.457943925234"
"297","0.707048331108","0.778371161549","0.435246995995"
"298","0.706240854473","0.778371161549","0.448598130841"
"299","0.707397329773","0.778371161549","0.449933244326"
"300","0.706980774366","0.778371161549","0.437917222964"
"301","0.706608544726","0.778371161549","0.45393858478"
"302","0.706397196262","0.778371161549","0.449933244326"
"303","0.70710400534","0.778371161549","0.444592790387"
"304","0.707598931909","0.778371161549","0.443257676903"
"305","0.707379839786","0.778371161549","0.45393858478"
"306","0.706202403204","0.778371161549","0.441922563418"
"307","0.706705607477","0.778371161549","0.45393858478"
"308","0.706504138852","0.778371161549","0.41655540721"
"309","0.707599599466","0.778371161549","0.439252336449"
"310","0.70779305741","0.778371161549","0.440587449933"
"311","0.707119359146","0.778371161549","0.43391188251"
"312","0.707191455274","0.778371161549","0.448598130841"
"313","0.707584245661","0.778371161549","0.431241655541"
"314","0.707301735648","0.778371161549","0.424566088117"
"315","0.708002403204","0.778371161549","0.441922563418"
"316","0.707961014686","0.778371161549","0.405874499332"
"317","0.707480106809","0.778371161549","0.444592790387"
"318","0.707914152203","0.778371161549","0.440587449933"
"319","0.708197196262","0.778371161549","0.467289719626"
"320","0.707777570093","0.778371161549","0.425901201602"
"321","0.707679439252","0.778371161549","0.431241655541"
"322","0.707948064085","0.778371161549","0.437917222964"
"323","0.707688785047","0.778371161549","0.452603471295"
"324","0.708190387183","0.778371161549","0.425901201602"
"325","0.707879572764","0.778371161549","0.427236315087"
"326","0.708264485981","0.778371161549","0.445927903872"
"327","0.708716688919","0.778371161549","0.45126835781"
"328","0.707824833111","0.778371161549","0.43391188251"
"329","0.708857810414","0.778371161549","0.45126835781"
"330","0.708773030708","0.778371161549","0.460614152203"
"331","0.708791588785","0.778371161549","0.476635514019"
"332","0.709055540721","0.778371161549","0.448598130841"
"333","0.70896635514","0.778371161549","0.448598130841"
"334","0.708675300401","0.778371161549","0.43391188251"
"335","0.708904272363","0.778371161549","0.431241655541"
"336","0.709270093458","0.778371161549","0.448598130841"
"337","0.709122162884","0.778371161549","0.45126835781"
"338","0.70930694259","0.778371161549","0.445927903872"
"339","0.709025100134","0.778371161549","0.409879839786"
"340","0.708730974633","0.778371161549","0.476635514019"
"341","0.708802403204","0.778371161549","0.447263017356"
"342","0.708985847797","0.778371161549","0.412550066756"
"343","0.709055540721","0.778371161549","0.391188251001"
"344","0.70856635514","0.778371161549","0.423230974633"
"345","0.708658077437","0.778371161549","0.440587449933"
"346","0.708741255007","0.778371161549","0.417890520694"
"347","0.708574766355","0.778371161549","0.41655540721"
"348","0.709383444593","0.778371161549","0.432576769025"
"349","0.709213351135","0.778371161549","0.428571428571"
"350","0.708921094793","0.778371161549","0.419225634179"
"351","0.708595861148","0.778371161549","0.428571428571"
"352","0.70920200267","0.778371161549","0.447263017356"
"353","0.70936929239","0.778371161549","0.456608811749"
"354","0.709181708945","0.778371161549","0.436582109479"
"355","0.709092923899","0.778371161549","0.435246995995"
"356","0.709478371162","0.778371161549","0.432576769025"
"357","0.709635914553","0.778371161549","0.428571428571"
"358","0.709446194927","0.778371161549","0.448598130841"
"359","0.709842990654","0.778371161549","0.460614152203"
"360","0.709535380507","0.778371161549","0.449933244326"
"361","0.709650066756","0.778371161549","0.41388518024"
"362","0.709615086782","0.778371161549","0.444592790387"
"363","0.70993858478","0.778371161549","0.419225634179"
"364","0.709782643525","0.778371161549","0.45393858478"
"365","0.710163150868","0.778371161549","0.441922563418"
"366","0.709540453939","0.778371161549","0.435246995995"
"367","0.709785847797","0.778371161549","0.443257676903"
"368","0.710152870494","0.778371161549","0.409879839786"
"369","0.710736048064","0.778371161549","0.407209612817"
"370","0.709693457944","0.778371161549","0.388518024032"
"371","0.709576902537","0.778371161549","0.424566088117"
"372","0.709851401869","0.778371161549","0.457943925234"
"373","0.709958878505","0.778371161549","0.47129506008"
"374","0.710012149533","0.778371161549","0.443257676903"
"375","0.710848598131","0.778371161549","0.464619492657"
"376","0.71006435247","0.778371161549","0.45126835781"
"377","0.709748598131","0.778371161549","0.435246995995"
"378","0.710399866489","0.778371161549","0.45126835781"
"379","0.709460480641","0.778371161549","0.436582109479"
"380","0.7101","0.778371161549","0.45126835781"
"381","0.710685313752","0.778371161549","0.448598130841"
"382","0.710744325768","0.778371161549","0.417890520694"
"383","0.71053164219","0.778371161549","0.45126835781"
"384","0.711221361816","0.778371161549","0.448598130841"
"385","0.711040186916","0.778371161549","0.439252336449"
"386","0.711073831776","0.778371161549","0.431241655541"
"387","0.711241789052","0.778371161549","0.447263017356"
"388","0.710685847797","0.778371161549","0.45126835781"
"389","0.710761548732","0.778371161549","0.43391188251"
"390","0.710225500668","0.778371161549","0.429906542056"
"391","0.710582910547","0.778371161549","0.449933244326"
"392","0.710437783712","0.778371161549","0.464619492657"
"393","0.710187182911","0.778371161549","0.443257676903"
"394","0.710301735648","0.778371161549","0.449933244326"
"395","0.711236982644","0.778371161549","0.449933244326"
"396","0.710671695594","0.778371161549","0.435246995995"
"397","0.710622563418","0.778371161549","0.431241655541"
"398","0.710473965287","0.778371161549","0.440587449933"
"399","0.710916688919","0.778371161549","0.448598130841"
"400","0.711367022697","0.778371161549","0.420560747664"
"401","0.7115376502","0.778371161549","0.437917222964"
"402","0.710924032043","0.778371161549","0.457943925234"
"403","0.711172363151","0.778371161549","0.428571428571"
"404","0.711082510013","0.778371161549","0.463284379172"
"405","0.711201602136","0.778371161549","0.444592790387"
"406","0.711028170895","0.778371161549","0.431241655541"
"407","0.711103337784","0.778371161549","0.437917222964"
"408","0.71089506008","0.778371161549","0.448598130841"
"409","0.711227503338","0.778371161549","0.435246995995"
"410","0.711234979973","0.778371161549","0.447263017356"
"411","0.711509078772","0.778371161549","0.47129506008"
"412","0.711220026702","0.778371161549","0.423230974633"
"413","0.711162216288","0.778371161549","0.419225634179"
"414","0.711843124166","0.778371161549","0.449933244326"
"415","0.711870761015","0.778371161549","0.456608811749"
"416","0.711688518024","0.778371161549","0.455273698264"
"417","0.711380373832","0.778371161549","0.448598130841"
"418","0.71190987984","0.778371161549","0.457943925234"
"419","0.711754205607","0.778371161549","0.420560747664"
"420","0.71254259012","0.778371161549","0.45126835781"
"421","0.713228838451","0.778371161549","0.472630173565"
"422","0.712202269693","0.778371161549","0.427236315087"
"423","0.712934445928","0.778371161549","0.45126835781"
"424","0.712026568758","0.778371161549","0.411214953271"
"425","0.712243658211","0.778371161549","0.443257676903"
"426","0.71138611482","0.778371161549","0.443257676903"
"427","0.712306809079","0.778371161549","0.441922563418"
"428","0.711850066756","0.778371161549","0.456608811749"
"429","0.7116564753","0.778371161549","0.441922563418"
"430","0.711762750334","0.778371161549","0.391188251001"
"431","0.710894392523","0.778371161549","0.461949265688"
"432","0.711706275033","0.778371161549","0.437917222964"
"433","0.711375834446","0.778371161549","0.457943925234"
"434","0.711488384513","0.778371161549","0.444592790387"
"435","0.711278371162","0.778371161549","0.431241655541"
"436","0.710656341789","0.778371161549","0.43391188251"
"437","0.711254205607","0.778371161549","0.457943925234"
"438","0.712065287049","0.778371161549","0.461949265688"
"439","0.712242056075","0.778371161549","0.444592790387"
"440","0.711951134846","0.778371161549","0.436582109479"
"441","0.711889853138","0.778371161549","0.436582109479"
"442","0.711708010681","0.778371161549","0.455273698264"
"443","0.711837249666","0.778371161549","0.440587449933"
"444","0.711522029372","0.778371161549","0.455273698264"
"445","0.712626435247","0.778371161549","0.468624833111"
"446","0.712903738318","0.778371161549","0.437917222964"
"447","0.71280987984","0.778371161549","0.455273698264"
"448","0.712092256342","0.778371161549","0.424566088117"
"449","0.712265821095","0.778371161549","0.429906542056"
"450","0.713232443258","0.778371161549","0.436582109479"
"451","0.712872897196","0.778371161549","0.43391188251"
"452","0.713582777036","0.778371161549","0.437917222964"
"453","0.713350066756","0.778371161549","0.436582109479"
"454","0.713703204272","0.778371161549","0.464619492657"
"455","0.712929639519","0.778371161549","0.443257676903"
"456","0.712795861148","0.778371161549","0.465954606142"
"457","0.71290400534","0.778371161549","0.419225634179"
"458","0.713191455274","0.778371161549","0.464619492657"
"459","0.713356341789","0.778371161549","0.448598130841"
"460","0.713091989319","0.778371161549","0.45393858478"
"461","0.712844325768","0.778371161549","0.445927903872"
"462","0.712916021362","0.778371161549","0.420560747664"
"463","0.712654072096","0.778371161549","0.441922563418"
"464","0.713411214953","0.778371161549","0.460614152203"
"465","0.713098931909","0.778371161549","0.425901201602"
"466","0.713096662216","0.778371161549","0.443257676903"
"467","0.712780640854","0.778371161549","0.41388518024"
"468","0.712762616822","0.778371161549","0.43391188251"
"469","0.713587583445","0.778371161549","0.439252336449"
"470","0.7138564753","0.778371161549","0.463284379172"
"471","0.713235380507","0.778371161549","0.459279038718"
"472","0.713107743658","0.778371161549","0.455273698264"
"473","0.71412082777","0.778371161549","0.479305740988"
"474","0.713175033378","0.778371161549","0.452603471295"
"475","0.713653404539","0.778371161549","0.460614152203"
"476","0.713663284379","0.778371161549","0.445927903872"
"477","0.713673030708","0.778371161549","0.440587449933"
"478","0.713702403204","0.778371161549","0.428571428571"
"479","0.713286782377","0.778371161549","0.45126835781"
"480","0.712952870494","0.778371161549","0.443257676903"
"481","0.713452336449","0.778371161549","0.467289719626"
"482","0.713643791722","0.778371161549","0.460614152203"
"483","0.71355540721","0.778371161549","0.431241655541"
"484","0.714338851802","0.778371161549","0.437917222964"
"485","0.713973164219","0.778371161549","0.445927903872"
"486","0.714631775701","0.778371161549","0.457943925234"
"487","0.714185313752","0.778371161549","0.449933244326"
"488","0.714279572764","0.778371161549","0.477970627503"
"489","0.714490520694","0.778371161549","0.47129506008"
"490","0.713518024032","0.778371161549","0.456608811749"
"491","0.713900667557","0.778371161549","0.448598130841"
"492","0.713235246996","0.778371161549","0.452603471295"
"493","0.713865687583","0.778371161549","0.45393858478"
"494","0.713902670227","0.778371161549","0.399198931909"
"495","0.714089052069","0.778371161549","0.437917222964"
"496","0.71420200267","0.778371161549","0.456608811749"
"497","0.714462883845","0.778371161549","0.469959946595"
"498","0.713874499332","0.778371161549","0.444592790387"
"499","0.714595594126","0.778371161549","0.443257676903"
"500","0.715035514019","0.778371161549","0.461949265688"
"501","0.714889452603","0.778371161549","0.47129506008"
"502","0.714221495327","0.778371161549","0.465954606142"
"503","0.71424552737","0.778371161549","0.47129506008"
"504","0.714370226969","0.778371161549","0.47129506008"
"505","0.71447129506","0.778371161549","0.448598130841"
"506","0.71462777036","0.778371161549","0.445927903872"
"507","0.714987182911","0.778371161549","0.412550066756"
"508","0.715181441923","0.778371161549","0.459279038718"
"509","0.715232443258","0.778371161549","0.431241655541"
"510","0.714419092123","0.778371161549","0.452603471295"
"511","0.714095861148","0.778371161549","0.45126835781"
"512","0.714435914553","0.778371161549","0.441922563418"
"513","0.71447917223","0.778371161549","0.459279038718"
"514","0.714207743658","0.778371161549","0.460614152203"
"515","0.71423070761","0.778371161549","0.464619492657"
"516","0.713548464619","0.778371161549","0.440587449933"
"517","0.714426835781","0.778371161549","0.441922563418"
"518","0.713763017356","0.778371161549","0.459279038718"
"519","0.714012416555","0.778371161549","0.448598130841"
"520","0.713677837116","0.778371161549","0.467289719626"
"521","0.713872363151","0.778371161549","0.399198931909"
"522","0.714459012016","0.778371161549","0.463284379172"
"523","0.714340453939","0.778371161549","0.424566088117"
"524","0.71452082777","0.778371161549","0.465954606142"
"525","0.714691188251","0.778371161549","0.425901201602"
"526","0.715338851802","0.778371161549","0.440587449933"
"527","0.714987850467","0.778371161549","0.436582109479"
"528","0.714782777036","0.778371161549","0.464619492657"
"529","0.714658344459","0.778371161549","0.45393858478"
"530","0.715565554072","0.778371161549","0.464619492657"
"531","0.715785714286","0.778371161549","0.448598130841"
"532","0.715592656876","0.778371161549","0.437917222964"
"533","0.715151268358","0.778371161549","0.448598130841"
"534","0.715308144192","0.778371161549","0.441922563418"
"535","0.715296795728","0.778371161549","0.469959946595"
"536","0.715427236315","0.778371161549","0.45393858478"
"537","0.714736448598","0.778371161549","0.437917222964"
"538","0.715117089453","0.778371161549","0.439252336449"
"539","0.715191321762","0.778371161549","0.469959946595"
"540","0.715360080107","0.778371161549","0.45126835781"
"541","0.716183978638","0.778371161549","0.468624833111"
"542","0.715013351135","0.778371161549","0.460614152203"
"543","0.716027236315","0.778371161549","0.455273698264"
"544","0.715933511348","0.778371161549","0.459279038718"
"545","0.715355140187","0.778371161549","0.472630173565"
"546","0.714853805073","0.778371161549","0.443257676903"
"547","0.714990921228","0.778371161549","0.457943925234"
"548","0.715997730307","0.778371161549","0.455273698264"
"549","0.715312817089","0.778371161549","0.443257676903"
"550","0.71546141522","0.778371161549","0.460614152203"
"551","0.71600694259","0.778371161549","0.421895861148"
"552","0.714908544726","0.778371161549","0.456608811749"
"553","0.715121628838","0.778371161549","0.448598130841"
"554","0.715632576769","0.778371161549","0.456608811749"
"555","0.715376635514","0.778371161549","0.43391188251"
"556","0.715182376502","0.778371161549","0.460614152203"
"557","0.715526969292","0.778371161549","0.463284379172"
"558","0.71584552737","0.778371161549","0.439252336449"
"559","0.716038851802","0.778371161549","0.427236315087"
"560","0.715680774366","0.778371161549","0.452603471295"
"561","0.715755273698","0.778371161549","0.479305740988"
"562","0.716281708945","0.778371161549","0.464619492657"
"563","0.71517222964","0.778371161549","0.452603471295"
"564","0.715380507343","0.778371161549","0.456608811749"
"565","0.71484953271","0.778371161549","0.449933244326"
"566","0.715092523364","0.778371161549","0.444592790387"
"567","0.714799465955","0.778371161549","0.459279038718"
"568","0.715657009346","0.778371161549","0.445927903872"
"569","0.715629773031","0.778371161549","0.443257676903"
"570","0.715563684913","0.778371161549","0.447263017356"
"571","0.716010280374","0.778371161549","0.457943925234"
"572","0.716223898531","0.778371161549","0.432576769025"
"573","0.71576034713","0.778371161549","0.444592790387"
"574","0.715576769025","0.778371161549","0.479305740988"
"575","0.715969692924","0.778371161549","0.441922563418"
"576","0.715752736983","0.778371161549","0.445927903872"
"577","0.716064753004","0.778371161549","0.461949265688"
"578","0.715975967957","0.778371161549","0.437917222964"
"579","0.715914419226","0.778371161549","0.45393858478"
"580","0.715462216288","0.778371161549","0.460614152203"
"581","0.71583858478","0.778371161549","0.456608811749"
"582","0.716055140187","0.778371161549","0.463284379172"
"583","0.716361014686","0.778371161549","0.465954606142"
"584","0.716363951936","0.778371161549","0.457943925234"
"585","0.71612082777","0.778371161549","0.456608811749"
"586","0.715802403204","0.778371161549","0.39652870494"
"587","0.715909345794","0.778371161549","0.41655540721"
"588","0.71555740988","0.778371161549","0.473965287049"
"589","0.716108411215","0.778371161549","0.456608811749"
"590","0.715789452603","0.778371161549","0.440587449933"
"591","0.716614552737","0.778371161549","0.432576769025"
"592","0.716200934579","0.778371161549","0.464619492657"
"593","0.715782510013","0.778371161549","0.41655540721"
"594","0.716688518024","0.778371161549","0.472630173565"
"595","0.715869826435","0.778371161549","0.412550066756"
"596","0.716068624833","0.778371161549","0.428571428571"
"597","0.716496128171","0.778371161549","0.461949265688"
"598","0.716468891856","0.778371161549","0.45393858478"
"599","0.717113084112","0.778371161549","0.431241655541"
"600","0.717140453939","0.778371161549","0.468624833111"
"601","0.71707222964","0.778371161549","0.448598130841"
"602","0.716881842457","0.778371161549","0.457943925234"
"603","0.716026969292","0.778371161549","0.445927903872"
"604","0.716136849132","0.778371161549","0.469959946595"
"605","0.71654953271","0.778371161549","0.444592790387"
"606","0.715929506008","0.778371161549","0.475300400534"
"607","0.715947797063","0.778371161549","0.432576769025"
"608","0.715529639519","0.778371161549","0.457943925234"
"609","0.716156875834","0.778371161549","0.439252336449"
"610","0.71666835781","0.778371161549","0.381842456609"
"611","0.717221628838","0.778371161549","0.465954606142"
"612","0.716609746328","0.778371161549","0.447263017356"
"613","0.716227903872","0.778371161549","0.443257676903"
"614","0.716731508678","0.778371161549","0.45126835781"
"615","0.717011481976","0.778371161549","0.441922563418"
"616","0.716595594126","0.778371161549","0.45126835781"
"617","0.716615754339","0.778371161549","0.39652870494"
"618","0.716232176235","0.778371161549","0.457943925234"
"619","0.716118691589","0.778371161549","0.476635514019"
"620","0.71699212283","0.778371161549","0.45126835781"
"621","0.716728437917","0.778371161549","0.459279038718"
"622","0.716035514019","0.778371161549","0.463284379172"
"623","0.71622082777","0.778371161549","0.436582109479"
"624","0.716729105474","0.778371161549","0.428571428571"
"625","0.717472763685","0.778371161549","0.452603471295"
"626","0.7171188251","0.778371161549","0.45126835781"
"627","0.716979305741","0.778371161549","0.441922563418"
"628","0.716804672897","0.778371161549","0.457943925234"
"629","0.717366088117","0.778371161549","0.439252336449"
"630","0.716673564753","0.778371161549","0.457943925234"
"631","0.717865153538","0.778371161549","0.455273698264"
"632","0.716896395194","0.778371161549","0.404539385848"
"633","0.71725246996","0.778371161549","0.425901201602"
"634","0.717122296395","0.778371161549","0.459279038718"
"635","0.717588918558","0.778371161549","0.456608811749"
"636","0.716939519359","0.778371161549","0.455273698264"
"637","0.716728571429","0.778371161549","0.449933244326"
"638","0.715912016021","0.778371161549","0.449933244326"
"639","0.716669692924","0.778371161549","0.456608811749"
"640","0.716622563418","0.778371161549","0.445927903872"
"641","0.716968624833","0.778371161549","0.460614152203"
"642","0.715523497997","0.778371161549","0.45393858478"
"643","0.716194659546","0.778371161549","0.41388518024"
"644","0.717386648865","0.778371161549","0.459279038718"
"645","0.717590654206","0.778371161549","0.452603471295"
"646","0.717603070761","0.778371161549","0.455273698264"
"647","0.717467423231","0.778371161549","0.477970627503"
"648","0.717114686248","0.778371161549","0.439252336449"
"649","0.717115353805","0.778371161549","0.45393858478"
"650","0.716793724967","0.778371161549","0.467289719626"
"651","0.716969692924","0.778371161549","0.431241655541"
"652","0.71711975968","0.778371161549","0.455273698264"
"653","0.71718811749","0.778371161549","0.380507343124"
"654","0.716963417891","0.778371161549","0.457943925234"
"655","0.717561548732","0.778371161549","0.456608811749"
"656","0.717503070761","0.778371161549","0.447263017356"
"657","0.716900801068","0.778371161549","0.408544726302"
"658","0.71710400534","0.778371161549","0.432576769025"
"659","0.717108411215","0.778371161549","0.468624833111"
"660","0.717084779706","0.778371161549","0.455273698264"
"661","0.717151268358","0.778371161549","0.443257676903"
"662","0.717592389853","0.778371161549","0.469959946595"
"663","0.717867556742","0.778371161549","0.47129506008"
"664","0.717484245661","0.778371161549","0.460614152203"
"665","0.717824299065","0.778371161549","0.425901201602"
"666","0.718078504673","0.778371161549","0.437917222964"
"667","0.718141922563","0.778371161549","0.464619492657"
"668","0.718981441923","0.778371161549","0.464619492657"
"669","0.71874259012","0.778371161549","0.444592790387"
"670","0.718344459279","0.778371161549","0.464619492657"
"671","0.718701869159","0.778371161549","0.45126835781"
"672","0.717982777036","0.778371161549","0.460614152203"
"673","0.717585046729","0.778371161549","0.437917222964"
"674","0.718010814419","0.778371161549","0.457943925234"
"675","0.718775166889","0.778371161549","0.447263017356"
"676","0.718120961282","0.778371161549","0.460614152203"
"677","0.717567823765","0.778371161549","0.445927903872"
"678","0.717071428571","0.778371161549","0.455273698264"
"679","0.717867556742","0.778371161549","0.444592790387"
"680","0.717615754339","0.778371161549","0.459279038718"
"681","0.717366221629","0.778371161549","0.443257676903"
"682","0.717888518024","0.778371161549","0.477970627503"
"683","0.717751268358","0.778371161549","0.468624833111"
"684","0.717354606142","0.778371161549","0.469959946595"
"685","0.718035380507","0.778371161549","0.439252336449"
"686","0.718152336449","0.778371161549","0.407209612817"
"687","0.717729639519","0.778371161549","0.464619492657"
"688","0.717564485981","0.778371161549","0.47129506008"
"689","0.717410680908","0.778371161549","0.444592790387"
"690","0.717803604806","0.778371161549","0.476635514019"
"691","0.718040053405","0.778371161549","0.467289719626"
"692","0.718542723632","0.778371161549","0.456608811749"
"693","0.718060881175","0.778371161549","0.467289719626"
"694","0.717459012016","0.778371161549","0.419225634179"
"695","0.717787983979","0.778371161549","0.483311081442"
"696","0.718191989319","0.778371161549","0.443257676903"
"697","0.71863164219","0.778371161549","0.449933244326"
"698","0.717654072096","0.778371161549","0.439252336449"
"699","0.717334579439","0.778371161549","0.480640854473"
"700","0.717965420561","0.778371161549","0.449933244326"
"701","0.718094793057","0.778371161549","0.423230974633"
"702","0.717636982644","0.778371161549","0.415220293725"
"703","0.717597463284","0.778371161549","0.441922563418"
"704","0.717398664887","0.778371161549","0.45126835781"
"705","0.717667690254","0.778371161549","0.456608811749"
"706","0.717812416555","0.778371161549","0.457943925234"
"707","0.718283044059","0.778371161549","0.456608811749"
"708","0.717397863818","0.778371161549","0.47129506008"
"709","0.717695460614","0.778371161549","0.45393858478"
"710","0.718391188251","0.778371161549","0.456608811749"
"711","0.717449132176","0.778371161549","0.429906542056"
"712","0.718057142857","0.778371161549","0.460614152203"
"713","0.718375433912","0.778371161549","0.484646194927"
"714","0.718719893191","0.778371161549","0.459279038718"
"715","0.718190654206","0.778371161549","0.441922563418"
"716","0.718331909212","0.778371161549","0.45393858478"
"717","0.71812082777","0.778371161549","0.445927903872"
"718","0.718044859813","0.778371161549","0.479305740988"
"719","0.717771962617","0.778371161549","0.45393858478"
"720","0.7178435247","0.778371161549","0.475300400534"
"721","0.718080907877","0.778371161549","0.464619492657"
"722","0.718030440587","0.778371161549","0.432576769025"
"723","0.718606275033","0.778371161549","0.457943925234"
"724","0.717909078772","0.778371161549","0.457943925234"
"725","0.717881041389","0.778371161549","0.469959946595"
"726","0.717608277704","0.778371161549","0.468624833111"
"727","0.718579572764","0.778371161549","0.477970627503"
"728","0.718257810414","0.778371161549","0.476635514019"
"729","0.71842576769","0.778371161549","0.425901201602"
"730","0.718341789052","0.778371161549","0.437917222964"
"731","0.718534846462","0.778371161549","0.452603471295"
"732","0.718598664887","0.778371161549","0.417890520694"
"733","0.717887182911","0.778371161549","0.45126835781"
"734","0.718056875834","0.778371161549","0.476635514019"
"735","0.718391188251","0.778371161549","0.443257676903"
"736","0.718280507343","0.778371161549","0.45126835781"
"737","0.718458210948","0.778371161549","0.447263017356"
"738","0.718125233645","0.778371161549","0.457943925234"
"739","0.718761815754","0.778371161549","0.447263017356"
"740","0.71783858478","0.778371161549","0.456608811749"
"741","0.71830493992","0.778371161549","0.45393858478"
"742","0.718757943925","0.778371161549","0.445927903872"
"743","0.718713351135","0.778371161549","0.463284379172"
"744","0.718987850467","0.778371161549","0.472630173565"
"745","0.718935113485","0.778371161549","0.445927903872"
"746","0.719276902537","0.778371161549","0.447263017356"
"747","0.718981441923","0.778371161549","0.444592790387"
"748","0.718998931909","0.778371161549","0.45393858478"
"749","0.719531909212","0.778371161549","0.47129506008"
"750","0.718629238985","0.778371161549","0.432576769025"
"751","0.719021228304","0.778371161549","0.457943925234"
"752","0.718765954606","0.778371161549","0.441922563418"
"753","0.719468090788","0.778371161549","0.456608811749"
"754","0.719300400534","0.778371161549","0.459279038718"
"755","0.719104405874","0.778371161549","0.468624833111"
"756","0.719385847797","0.778371161549","0.456608811749"
"757","0.719374098798","0.778371161549","0.460614152203"
"758","0.718902803738","0.778371161549","0.440587449933"
"759","0.719215086782","0.778371161549","0.461949265688"
"760","0.7184","0.778371161549","0.447263017356"
"761","0.719224833111","0.778371161549","0.45126835781"
"762","0.718576368491","0.778371161549","0.441922563418"
"763","0.718597596796","0.778371161549","0.45126835781"
"764","0.718595193591","0.778371161549","0.445927903872"
"765","0.718373831776","0.778371161549","0.469959946595"
"766","0.718037249666","0.778371161549","0.455273698264"
"767","0.719115086782","0.778371161549","0.464619492657"
"768","0.719346194927","0.778371161549","0.465954606142"
"769","0.719273431242","0.778371161549","0.456608811749"
"770","0.719125233645","0.778371161549","0.447263017356"
"771","0.718762082777","0.778371161549","0.460614152203"
"772","0.720168624833","0.778371161549","0.461949265688"
"773","0.719595327103","0.778371161549","0.480640854473"
"774","0.71948411215","0.778371161549","0.399198931909"
"775","0.718773030708","0.778371161549","0.437917222964"
"776","0.719092923899","0.778371161549","0.479305740988"
"777","0.718773431242","0.778371161549","0.472630173565"
"778","0.718459679573","0.778371161549","0.45126835781"
"779","0.718467556742","0.778371161549","0.487316421896"
"780","0.71919105474","0.778371161549","0.45126835781"
"781","0.718683978638","0.778371161549","0.461949265688"
"782","0.718918157543","0.778371161549","0.465954606142"
"783","0.718422162884","0.778371161549","0.436582109479"
"784","0.719499599466","0.778371161549","0.475300400534"
"785","0.718779973298","0.778371161549","0.460614152203"
"786","0.718700400534","0.778371161549","0.459279038718"
"787","0.718301201602","0.778371161549","0.460614152203"
"788","0.718553137517","0.778371161549","0.432576769025"
"789","0.718809746328","0.778371161549","0.449933244326"
"790","0.719301335113","0.778371161549","0.436582109479"
"791","0.719600267023","0.778371161549","0.448598130841"
"792","0.719355540721","0.778371161549","0.469959946595"
"793","0.719054873164","0.778371161549","0.455273698264"
"794","0.719499866489","0.778371161549","0.440587449933"
"795","0.718800534045","0.778371161549","0.468624833111"
"796","0.719405740988","0.778371161549","0.468624833111"
"797","0.718890654206","0.778371161549","0.445927903872"
"798","0.719222296395","0.778371161549","0.477970627503"
"799","0.719214152203","0.778371161549","0.468624833111"
"800","0.719641522029","0.778371161549","0.467289719626"
"801","0.719042056075","0.778371161549","0.475300400534"
"802","0.719203337784","0.778371161549","0.467289719626"
"803","0.719561281709","0.778371161549","0.483311081442"
"804","0.719477436582","0.778371161549","0.481975967957"
"805","0.718760480641","0.778371161549","0.477970627503"
"806","0.719143257677","0.778371161549","0.460614152203"
"807","0.718410947931","0.778371161549","0.476635514019"
"808","0.719279439252","0.778371161549","0.461949265688"
"809","0.719493591455","0.778371161549","0.465954606142"
"810","0.71938518024","0.778371161549","0.475300400534"
"811","0.720265554072","0.778371161549","0.475300400534"
"812","0.719515620828","0.778371161549","0.455273698264"
"813","0.719719893191","0.778371161549","0.463284379172"
"814","0.719904806409","0.778371161549","0.436582109479"
"815","0.720022429907","0.778371161549","0.443257676903"
"816","0.719942990654","0.778371161549","0.421895861148"
"817","0.719527102804","0.778371161549","0.45393858478"
"818","0.71901188251","0.778371161549","0.461949265688"
"819","0.719812683578","0.778371161549","0.475300400534"
"820","0.720106008011","0.778371161549","0.449933244326"
"821","0.719596528705","0.778371161549","0.444592790387"
"822","0.719851535381","0.778371161549","0.456608811749"
"823","0.720553805073","0.778371161549","0.448598130841"
"824","0.719236315087","0.778371161549","0.447263017356"
"825","0.719333377837","0.778371161549","0.452603471295"
"826","0.719062750334","0.778371161549","0.437917222964"
"827","0.719013217623","0.778371161549","0.460614152203"
"828","0.719834445928","0.778371161549","0.468624833111"
"829","0.720572897196","0.778371161549","0.452603471295"
"830","0.720793858478","0.778371161549","0.461949265688"
"831","0.719794125501","0.778371161549","0.436582109479"
"832","0.719559813084","0.778371161549","0.447263017356"
"833","0.720865020027","0.778371161549","0.447263017356"
"834","0.720259546061","0.778371161549","0.449933244326"
"835","0.719833778371","0.778371161549","0.457943925234"
"836","0.72021188251","0.778371161549","0.467289719626"
"837","0.72031481976","0.778371161549","0.465954606142"
"838","0.720936982644","0.778371161549","0.431241655541"
"839","0.719820026702","0.778371161549","0.436582109479"
"840","0.720035380507","0.778371161549","0.449933244326"
"841","0.719908277704","0.778371161549","0.45393858478"
"842","0.720300534045","0.778371161549","0.461949265688"
"843","0.720287182911","0.778371161549","0.45393858478"
"844","0.720273564753","0.778371161549","0.457943925234"
"845","0.719777036048","0.778371161549","0.467289719626"
"846","0.719678104139","0.778371161549","0.428571428571"
"847","0.720049132176","0.778371161549","0.475300400534"
"848","0.720618691589","0.778371161549","0.447263017356"
"849","0.720611348465","0.778371161549","0.452603471295"
"850","0.720670360481","0.778371161549","0.457943925234"
"851","0.720465687583","0.778371161549","0.464619492657"
"852","0.720397329773","0.778371161549","0.428571428571"
"853","0.719730440587","0.778371161549","0.43391188251"
"854","0.719609612817","0.778371161549","0.457943925234"
"855","0.719760747664","0.778371161549","0.467289719626"
"856","0.719785313752","0.778371161549","0.469959946595"
"857","0.720173698264","0.778371161549","0.449933244326"
"858","0.719034712951","0.778371161549","0.429906542056"
"859","0.718813618158","0.778371161549","0.459279038718"
"860","0.719422563418","0.778371161549","0.444592790387"
"861","0.71934552737","0.778371161549","0.443257676903"
"862","0.719917222964","0.778371161549","0.465954606142"
"863","0.719279839786","0.778371161549","0.456608811749"
"864","0.719371028037","0.778371161549","0.464619492657"
"865","0.719417757009","0.778371161549","0.460614152203"
"866","0.720142857143","0.778371161549","0.469959946595"
"867","0.720287983979","0.778371161549","0.435246995995"
"868","0.720264753004","0.778371161549","0.429906542056"
"869","0.720071562083","0.778371161549","0.441922563418"
"870","0.720337383178","0.778371161549","0.443257676903"
"871","0.72033858478","0.778371161549","0.45126835781"
"872","0.719876902537","0.778371161549","0.469959946595"
"873","0.719723631509","0.778371161549","0.473965287049"
"874","0.720285046729","0.778371161549","0.473965287049"
"875","0.720701335113","0.778371161549","0.47129506008"
"876","0.720437783712","0.778371161549","0.460614152203"
"877","0.72072376502","0.778371161549","0.463284379172"
"878","0.72052376502","0.778371161549","0.488651535381"
"879","0.720818424566","0.778371161549","0.456608811749"
"880","0.720564619493","0.778371161549","0.463284379172"
"881","0.720398264352","0.778371161549","0.467289719626"
"882","0.720508144192","0.778371161549","0.467289719626"
"883","0.720605473965","0.778371161549","0.457943925234"
"884","0.72021588785","0.778371161549","0.472630173565"
"885","0.719830173565","0.778371161549","0.463284379172"
"886","0.719520961282","0.778371161549","0.477970627503"
"887","0.720636715621","0.778371161549","0.456608811749"
"888","0.720783578104","0.778371161549","0.467289719626"
"889","0.720940320427","0.778371161549","0.449933244326"
"890","0.72125941255","0.778371161549","0.461949265688"
"891","0.72112576769","0.778371161549","0.45126835781"
"892","0.720834445928","0.778371161549","0.449933244326"
"893","0.720277169559","0.778371161549","0.432576769025"
"894","0.720520961282","0.778371161549","0.448598130841"
"895","0.719851401869","0.778371161549","0.448598130841"
"896","0.719954072096","0.778371161549","0.441922563418"
"897","0.72057423231","0.778371161549","0.45393858478"
"898","0.720602403204","0.778371161549","0.45393858478"
"899","0.720698931909","0.778371161549","0.457943925234"
"900","0.720221495327","0.778371161549","0.47129506008"
"901","0.720086915888","0.778371161549","0.447263017356"
"902","0.719898664887","0.778371161549","0.449933244326"
"903","0.719919492657","0.778371161549","0.459279038718"
"904","0.721513618158","0.778371161549","0.476635514019"
"905","0.721515754339","0.778371161549","0.469959946595"
"906","0.721699866489","0.778371161549","0.464619492657"
"907","0.721072763685","0.778371161549","0.467289719626"
"908","0.721405874499","0.778371161549","0.461949265688"
"909","0.720612683578","0.778371161549","0.467289719626"
"910","0.720318291055","0.778371161549","0.479305740988"
"911","0.721095594126","0.778371161549","0.467289719626"
"912","0.721306809079","0.778371161549","0.459279038718"
"913","0.720915220294","0.778371161549","0.425901201602"
"914","0.721272496662","0.778371161549","0.468624833111"
"915","0.72132670227","0.778371161549","0.447263017356"
"916","0.720312683578","0.778371161549","0.47129506008"
"917","0.720809212283","0.778371161549","0.432576769025"
"918","0.720948331108","0.778371161549","0.437917222964"
"919","0.721454339119","0.778371161549","0.47129506008"
"920","0.721322830441","0.778371161549","0.45393858478"
"921","0.721453271028","0.778371161549","0.461949265688"
"922","0.721644325768","0.778371161549","0.475300400534"
"923","0.721480640854","0.778371161549","0.456608811749"
"924","0.721419225634","0.778371161549","0.452603471295"
"925","0.720616154873","0.778371161549","0.448598130841"
"926","0.720592523364","0.778371161549","0.468624833111"
"927","0.720562750334","0.778371161549","0.457943925234"
"928","0.720505340454","0.778371161549","0.479305740988"
"929","0.721315620828","0.778371161549","0.468624833111"
"930","0.721476769025","0.778371161549","0.457943925234"
"931","0.720739118825","0.778371161549","0.487316421896"
"932","0.720908010681","0.778371161549","0.441922563418"
"933","0.720637917223","0.778371161549","0.467289719626"
"934","0.720352603471","0.778371161549","0.435246995995"
"935","0.720474632844","0.778371161549","0.475300400534"
"936","0.720395327103","0.778371161549","0.440587449933"
"937","0.720532443258","0.778371161549","0.472630173565"
"938","0.72057423231","0.778371161549","0.455273698264"
"939","0.720252736983","0.778371161549","0.479305740988"
"940","0.72036929239","0.778371161549","0.456608811749"
"941","0.721459145527","0.778371161549","0.469959946595"
"942","0.721081441923","0.778371161549","0.456608811749"
"943","0.721311214953","0.778371161549","0.488651535381"
"944","0.721295327103","0.778371161549","0.473965287049"
"945","0.721205874499","0.778371161549","0.467289719626"
"946","0.720477703605","0.778371161549","0.475300400534"
"947","0.720553538051","0.778371161549","0.469959946595"
"948","0.720842857143","0.778371161549","0.431241655541"
"949","0.720960213618","0.778371161549","0.473965287049"
"950","0.72034259012","0.778371161549","0.476635514019"
"951","0.720357276368","0.778371161549","0.473965287049"
"952","0.721158878505","0.778371161549","0.476635514019"
"953","0.721446595461","0.778371161549","0.489986648865"
"954","0.721651401869","0.778371161549","0.45126835781"
"955","0.721860480641","0.778371161549","0.439252336449"
"956","0.722427369826","0.778371161549","0.460614152203"
"957","0.722301335113","0.778371161549","0.432576769025"
"958","0.721819626168","0.778371161549","0.469959946595"
"959","0.721377570093","0.778371161549","0.467289719626"
"960","0.722145927904","0.778371161549","0.460614152203"
"961","0.721313217623","0.778371161549","0.493991989319"
"962","0.720774098798","0.778371161549","0.464619492657"
"963","0.720516021362","0.778371161549","0.455273698264"
"964","0.721301335113","0.778371161549","0.439252336449"
"965","0.721491855808","0.778371161549","0.455273698264"
"966","0.720847797063","0.778371161549","0.449933244326"
"967","0.721713217623","0.778371161549","0.469959946595"
"968","0.72151388518","0.778371161549","0.460614152203"
"969","0.721534979973","0.778371161549","0.484646194927"
"970","0.721895460614","0.778371161549","0.460614152203"
"971","0.721897730307","0.778371161549","0.49132176235"
"972","0.722205073431","0.778371161549","0.475300400534"
"973","0.721162216288","0.778371161549","0.464619492657"
"974","0.721435781041","0.778371161549","0.467289719626"
"975","0.721807476636","0.778371161549","0.461949265688"
"976","0.721503337784","0.778371161549","0.479305740988"
"977","0.721365420561","0.778371161549","0.469959946595"
"978","0.721840987984","0.778371161549","0.468624833111"
"979","0.721751001335","0.778371161549","0.45393858478"
"980","0.721148731642","0.778371161549","0.452603471295"
"981","0.720620427236","0.778371161549","0.448598130841"
"982","0.721955941255","0.778371161549","0.460614152203"
"983","0.721445927904","0.778371161549","0.45126835781"
"984","0.721440320427","0.778371161549","0.457943925234"
"985","0.72147917223","0.778371161549","0.455273698264"
"986","0.721041789052","0.778371161549","0.487316421896"
"987","0.721315086782","0.778371161549","0.475300400534"
"988","0.722183311081","0.778371161549","0.47129506008"
"989","0.722625100134","0.778371161549","0.464619492657"
"990","0.721711748999","0.778371161549","0.443257676903"
"991","0.721681308411","0.778371161549","0.436582109479"
"992","0.721502269693","0.778371161549","0.45393858478"
"993","0.720796528705","0.778371161549","0.444592790387"
"994","0.721510814419","0.778371161549","0.477970627503"
"995","0.72099799733","0.778371161549","0.463284379172"
"996","0.721146595461","0.778371161549","0.449933244326"
"997","0.720678104139","0.778371161549","0.448598130841"
"998","0.720805874499","0.778371161549","0.448598130841"
"999","0.720789586115","0.778371161549","0.445927903872"
"1000","0.721434579439","0.778371161549","0.447263017356"
