"Series","Alphabet 3m 5m"
"Signal","CLMI"
"Generations","1000"
"Ending","max generations were reached"
"Best Strategy","0000100000000000100010001000000000000010000000000000000000000000	","Accuracy","0.76716670188"
"Unique Strats","9451"
"0","0.5000037397","0.711599408409","0.291147263892"
"1","0.550226515952","0.713500950771","0.301500105641"
"2","0.586593640397","0.724065075005","0.338051975491"
"3","0.608380033805","0.725332769913","0.353264314388"
"4","0.620651785337","0.725332769913","0.363617156138"
"5","0.631329706317","0.732093809423","0.36234946123"
"6","0.638053053032","0.733995351785","0.353475596873"
"7","0.642761462075","0.733995351785","0.389393619269"
"8","0.647388210437","0.746672300866","0.388337206846"
"9","0.649906317346","0.746672300866","0.40523980562"
"10","0.653229135855","0.746672300866","0.370589478132"
"11","0.655838368899","0.746672300866","0.385590534545"
"12","0.657909613353","0.746672300866","0.380097189943"
"13","0.659242510036","0.746672300866","0.36868793577"
"14","0.660518825269","0.746672300866","0.405662370589"
"15","0.661839784492","0.749418973167","0.410521867737"
"16","0.662552905134","0.749418973167","0.413479822523"
"17","0.663105387703","0.749418973167","0.409676737798"
"18","0.664000866258","0.749418973167","0.380519754912"
"19","0.665146862455","0.749418973167","0.401225438411"
"20","0.665664039721","0.749418973167","0.396999788718"
"21","0.665732600887","0.749418973167","0.382632579759"
"22","0.666279040778","0.749418973167","0.424889076696"
"23","0.667343883372","0.749418973167","0.385167969575"
"24","0.668147242764","0.749841538136","0.410944432707"
"25","0.668877392774","0.750686668075","0.413691105007"
"26","0.669728163955","0.755334882738","0.410310585252"
"27","0.669714388337","0.755334882738","0.403338263258"
"28","0.670505535601","0.755334882738","0.430171138813"
"29","0.670912486795","0.755334882738","0.407563912952"
"30","0.671925459539","0.755334882738","0.40207056835"
"31","0.67250712022","0.755334882738","0.413902387492"
"32","0.672706887809","0.755334882738","0.418973167124"
"33","0.673663025565","0.755334882738","0.440523980562"
"34","0.674300739489","0.755334882738","0.406507500528"
"35","0.673977308261","0.755334882738","0.389393619269"
"36","0.674605768012","0.755334882738","0.371012043102"
"37","0.674747115994","0.755334882738","0.364884851046"
"38","0.674860152123","0.755334882738","0.390450031692"
"39","0.675812845975","0.756602577646","0.443693217832"
"40","0.675639699979","0.756602577646","0.427424466512"
"41","0.675819733784","0.756602577646","0.411155715191"
"42","0.675853665751","0.756602577646","0.398267483626"
"43","0.676552799493","0.756602577646","0.418550602155"
"44","0.676943946757","0.756602577646","0.414536234946"
"45","0.676900570463","0.756602577646","0.436720895838"
"46","0.676849587999","0.756602577646","0.403760828227"
"47","0.676671582506","0.756602577646","0.412212127615"
"48","0.677187365307","0.756602577646","0.42510035918"
"49","0.67776936404","0.756602577646","0.422564969364"
"50","0.678646841327","0.756602577646","0.417494189732"
"51","0.679585970843","0.756602577646","0.410733150222"
"52","0.679357194169","0.757870272554","0.401014155926"
"53","0.679488442848","0.757870272554","0.434819353476"
"54","0.680347918868","0.757870272554","0.427424466512"
"55","0.679498394253","0.757870272554","0.426790619058"
"56","0.679860849356","0.757870272554","0.380308472428"
"57","0.680484217198","0.757870272554","0.405451088105"
"58","0.680937861821","0.757870272554","0.410310585252"
"59","0.680930044369","0.757870272554","0.403126980773"
"60","0.680705641242","0.757870272554","0.435875765899"
"61","0.680741728291","0.757870272554","0.433762941052"
"62","0.68111628988","0.757870272554","0.43186139869"
"63","0.680909359814","0.757870272554","0.403549545743"
"64","0.681130002113","0.757870272554","0.421297274456"
"65","0.681358546377","0.757870272554","0.412423410099"
"66","0.681945975069","0.757870272554","0.424255229241"
"67","0.682123980562","0.758504120008","0.443904500317"
"68","0.682509359814","0.758504120008","0.423832664272"
"69","0.682520938094","0.758504120008","0.436509613353"
"70","0.682936699768","0.758504120008","0.376927952673"
"71","0.683236446229","0.758504120008","0.424255229241"
"72","0.683860574688","0.759349249947","0.409042890344"
"73","0.683745806043","0.759349249947","0.438411155715"
"74","0.684039045003","0.759349249947","0.42510035918"
"75","0.684088506233","0.759349249947","0.45848299176"
"76","0.684274603845","0.759349249947","0.362138178745"
"77","0.684384512994","0.759349249947","0.425945489119"
"78","0.684888316079","0.759349249947","0.399957743503"
"79","0.684877709698","0.759349249947","0.447918867526"
"80","0.684573167124","0.759349249947","0.419395732094"
"81","0.684537840693","0.759349249947","0.42510035918"
"82","0.68511362772","0.759349249947","0.427635748996"
"83","0.68531206423","0.759349249947","0.343334037608"
"84","0.685644939784","0.759349249947","0.4386224382"
"85","0.68643811536","0.760194379886","0.432917811113"
"86","0.686493281217","0.760194379886","0.413691105007"
"87","0.686937502641","0.760194379886","0.442636805409"
"88","0.686679928164","0.760194379886","0.432706528629"
"89","0.68695596873","0.760194379886","0.458694274245"
"90","0.686608937249","0.760194379886","0.42193112191"
"91","0.686342657934","0.760194379886","0.442848087894"
"92","0.687176822311","0.760194379886","0.426156771604"
"93","0.686982548067","0.760194379886","0.435241918445"
"94","0.68647684344","0.760194379886","0.434185506022"
"95","0.687160469047","0.760194379886","0.416649059793"
"96","0.687393640397","0.760194379886","0.429959856328"
"97","0.687411113459","0.762307204733","0.407141347982"
"98","0.687542319882","0.762307204733","0.383055144729"
"99","0.687985590535","0.762307204733","0.401648003381"
"100","0.688254341855","0.762307204733","0.429959856328"
"101","0.688293513628","0.762307204733","0.433974223537"
"102","0.687447454046","0.762307204733","0.42510035918"
"103","0.687686351151","0.762307204733","0.442002957955"
"104","0.688414810902","0.762307204733","0.440101415593"
"105","0.688708155504","0.762307204733","0.433762941052"
"106","0.688482822734","0.762307204733","0.41876188464"
"107","0.688036826537","0.762307204733","0.437988590746"
"108","0.688973589689","0.762307204733","0.446017325164"
"109","0.689120980351","0.762307204733","0.469258398479"
"110","0.689263046693","0.762307204733","0.413691105007"
"111","0.689295098246","0.762307204733","0.439467568139"
"112","0.68976549757","0.762307204733","0.43503063596"
"113","0.689460933869","0.762307204733","0.405028523135"
"114","0.689508831608","0.762307204733","0.446228607648"
"115","0.689244242552","0.762307204733","0.429114726389"
"116","0.689209951405","0.762307204733","0.428903443905"
"117","0.689359666174","0.762307204733","0.39890133108"
"118","0.689481216987","0.762307204733","0.451510669765"
"119","0.690064229875","0.762307204733","0.439890133108"
"120","0.690608472428","0.763363617156","0.438833720685"
"121","0.689712676949","0.763363617156","0.434396788506"
"122","0.690496239172","0.763363617156","0.432495246144"
"123","0.690953623495","0.763363617156","0.437354743292"
"124","0.691441178956","0.763363617156","0.450454257342"
"125","0.69106959645","0.763363617156","0.412423410099"
"126","0.69104813015","0.763363617156","0.422142404395"
"127","0.691896429326","0.763363617156","0.433762941052"
"128","0.691515951828","0.763363617156","0.420663427002"
"129","0.691066194802","0.763363617156","0.452355799704"
"130","0.691681998732","0.763363617156","0.427635748996"
"131","0.691291147264","0.763363617156","0.460595816607"
"132","0.692101584619","0.763363617156","0.385590534545"
"133","0.692302007184","0.763363617156","0.45531375449"
"134","0.692680752166","0.763363617156","0.427001901542"
"135","0.69300542996","0.763363617156","0.451933234735"
"136","0.692680900063","0.763363617156","0.448341432495"
"137","0.692557215297","0.763363617156","0.4386224382"
"138","0.691789224593","0.763363617156","0.459328121699"
"139","0.692274477076","0.763363617156","0.434819353476"
"140","0.692561356434","0.763363617156","0.451510669765"
"141","0.693663279104","0.763363617156","0.414747517431"
"142","0.692722987534","0.763363617156","0.438411155715"
"143","0.692668117473","0.763363617156","0.433762941052"
"144","0.693036847665","0.763363617156","0.443693217832"
"145","0.692741347982","0.763363617156","0.467356856117"
"146","0.692983224171","0.763363617156","0.419607014578"
"147","0.693545848299","0.763363617156","0.457215296852"
"148","0.693415275724","0.763363617156","0.424889076696"
"149","0.693855757448","0.763363617156","0.449609127403"
"150","0.694313458694","0.763363617156","0.421297274456"
"151","0.693767821678","0.763363617156","0.461863511515"
"152","0.693702493133","0.763363617156","0.414324952461"
"153","0.693775301078","0.763363617156","0.465032748785"
"154","0.694199112614","0.763363617156","0.457849144306"
"155","0.694490513416","0.763363617156","0.451088104796"
"156","0.694886435664","0.763363617156","0.428903443905"
"157","0.695019733784","0.763363617156","0.427001901542"
"158","0.694917642087","0.763363617156","0.443270652863"
"159","0.694784470737","0.763363617156","0.396999788718"
"160","0.693992964293","0.763363617156","0.414113669977"
"161","0.694897063173","0.763363617156","0.363405873653"
"162","0.69455102472","0.763363617156","0.448763997465"
"163","0.694923219945","0.765687724488","0.446651172618"
"164","0.694670061272","0.765687724488","0.413691105007"
"165","0.69556188464","0.765687724488","0.467779421086"
"166","0.695486562434","0.765687724488","0.43545320093"
"167","0.694969617579","0.765687724488","0.437354743292"
"168","0.695572807944","0.765687724488","0.419395732094"
"169","0.696130340165","0.765687724488","0.44538347771"
"170","0.695235263047","0.765687724488","0.454046059582"
"171","0.695771561378","0.765687724488","0.436298330868"
"172","0.695966089161","0.765687724488","0.452778364674"
"173","0.695773547433","0.765687724488","0.429959856328"
"174","0.695837904078","0.765687724488","0.431650116205"
"175","0.695945066554","0.765687724488","0.452355799704"
"176","0.696032474118","0.765687724488","0.442636805409"
"177","0.695947517431","0.765687724488","0.440735263047"
"178","0.695582717093","0.765687724488","0.429959856328"
"179","0.695574202409","0.765687724488","0.415803929854"
"180","0.695437164589","0.765687724488","0.422987534333"
"181","0.69636803296","0.765687724488","0.381364884851"
"182","0.696048700613","0.765687724488","0.42193112191"
"183","0.696205007395","0.765687724488","0.44496091274"
"184","0.695636636383","0.765687724488","0.439467568139"
"185","0.696723346715","0.765687724488","0.443904500317"
"186","0.695886921614","0.765687724488","0.457637861821"
"187","0.696272364251","0.765687724488","0.432706528629"
"188","0.696691464188","0.765687724488","0.413479822523"
"189","0.697087745616","0.765687724488","0.424255229241"
"190","0.697439383055","0.765687724488","0.462074794"
"191","0.697079907036","0.765687724488","0.436298330868"
"192","0.69806139869","0.765687724488","0.450242974857"
"193","0.69809469681","0.765687724488","0.462286076484"
"194","0.698153834777","0.765687724488","0.449820409888"
"195","0.697923621382","0.765687724488","0.437143460807"
"196","0.697451954363","0.765687724488","0.443904500317"
"197","0.698033213607","0.765687724488","0.442848087894"
"198","0.697485928587","0.765687724488","0.454046059582"
"199","0.697618656243","0.765687724488","0.437143460807"
"200","0.69786442003","0.765687724488","0.440735263047"
"201","0.698027656877","0.765687724488","0.417705472216"
"202","0.698576822311","0.765687724488","0.448975279949"
"203","0.697746693429","0.765687724488","0.424889076696"
"204","0.698319733784","0.765687724488","0.443904500317"
"205","0.698325628565","0.765687724488","0.441157828016"
"206","0.698717684344","0.765687724488","0.481090217621"
"207","0.697864398901","0.765687724488","0.398690048595"
"208","0.698018592859","0.765687724488","0.47200507078"
"209","0.698055313754","0.765687724488","0.439256285654"
"210","0.697951214874","0.765687724488","0.371012043102"
"211","0.699011599408","0.765687724488","0.452355799704"
"212","0.697976167336","0.765687724488","0.448975279949"
"213","0.698130023241","0.765687724488","0.457004014367"
"214","0.69855102472","0.765687724488","0.451088104796"
"215","0.698499725333","0.765687724488","0.44855271498"
"216","0.698575787027","0.765687724488","0.420240862033"
"217","0.698085189098","0.765687724488","0.427213184027"
"218","0.699097042045","0.765687724488","0.442214240439"
"219","0.699548404817","0.765687724488","0.454468624551"
"220","0.698280245088","0.765687724488","0.453412212128"
"221","0.698469047116","0.765687724488","0.433974223537"
"222","0.698603634059","0.765687724488","0.439467568139"
"223","0.698767018804","0.765687724488","0.46841326854"
"224","0.697867716036","0.765687724488","0.429537291359"
"225","0.698838221001","0.765687724488","0.448763997465"
"226","0.699120473273","0.765687724488","0.38537925206"
"227","0.699667504754","0.765687724488","0.429537291359"
"228","0.69976344813","0.765687724488","0.442425522924"
"229","0.699204267906","0.765687724488","0.436509613353"
"230","0.698859623917","0.765687724488","0.470737375872"
"231","0.699044411578","0.765687724488","0.47834354532"
"232","0.699201119797","0.765687724488","0.443481935348"
"233","0.699757954786","0.765687724488","0.460173251637"
"234","0.700020177477","0.765687724488","0.452567082189"
"235","0.699755947602","0.765687724488","0.462074794"
"236","0.699351912106","0.765687724488","0.448763997465"
"237","0.700131502218","0.765687724488","0.4648214663"
"238","0.699467166702","0.765687724488","0.447496302557"
"239","0.699541622649","0.765687724488","0.417494189732"
"240","0.70014884851","0.765687724488","0.469469680963"
"241","0.700201119797","0.765687724488","0.449609127403"
"242","0.699883752377","0.765687724488","0.45489118952"
"243","0.699998013945","0.765687724488","0.44855271498"
"244","0.69972666385","0.765687724488","0.430171138813"
"245","0.700920578914","0.765687724488","0.405873653074"
"246","0.699687196281","0.765687724488","0.418973167124"
"247","0.700221297274","0.765687724488","0.454679907036"
"248","0.700688696387","0.765687724488","0.455525036974"
"249","0.700865455314","0.765687724488","0.461229664061"
"250","0.699858081555","0.765687724488","0.462497358969"
"251","0.700026875132","0.765687724488","0.476653285443"
"252","0.700647601944","0.765899006972","0.452778364674"
"253","0.7006224382","0.765899006972","0.473061483203"
"254","0.700104394676","0.765899006972","0.414324952461"
"255","0.700434291147","0.765899006972","0.462497358969"
"256","0.701310669765","0.765899006972","0.450876822311"
"257","0.700519607015","0.765899006972","0.453200929643"
"258","0.700741305726","0.765899006972","0.453834777097"
"259","0.700482843862","0.765899006972","0.44179167547"
"260","0.700533953095","0.765899006972","0.423621381787"
"261","0.701443228396","0.765899006972","0.462497358969"
"262","0.701231058525","0.765899006972","0.46841326854"
"263","0.701227192056","0.765899006972","0.459328121699"
"264","0.702136319459","0.765899006972","0.414113669977"
"265","0.701011726178","0.765899006972","0.443904500317"
"266","0.701014134798","0.765899006972","0.448975279949"
"267","0.700922670611","0.765899006972","0.469258398479"
"268","0.700948700613","0.765899006972","0.429326008874"
"269","0.701730192267","0.765899006972","0.458060426791"
"270","0.701967948447","0.765899006972","0.418128037186"
"271","0.70276972322","0.765899006972","0.433762941052"
"272","0.701474434819","0.765899006972","0.454468624551"
"273","0.701812169871","0.765899006972","0.440312698077"
"274","0.701847475174","0.765899006972","0.442425522924"
"275","0.70193486161","0.765899006972","0.406084935559"
"276","0.701037735052","0.765899006972","0.397633636172"
"277","0.702041326854","0.765899006972","0.443270652863"
"278","0.701760384534","0.765899006972","0.472216353264"
"279","0.701913099514","0.765899006972","0.460384534122"
"280","0.701939045003","0.765899006972","0.450665539827"
"281","0.701697253328","0.765899006972","0.429114726389"
"282","0.701820346503","0.765899006972","0.447073737587"
"283","0.70220614832","0.765899006972","0.444327065286"
"284","0.70248383689","0.765899006972","0.438833720685"
"285","0.702254616522","0.765899006972","0.446228607648"
"286","0.701917705472","0.765899006972","0.463342488908"
"287","0.701517832242","0.765899006972","0.450665539827"
"288","0.702981808578","0.765899006972","0.470526093387"
"289","0.702550792309","0.765899006972","0.463553771392"
"290","0.702641580393","0.765899006972","0.429959856328"
"291","0.703199725333","0.765899006972","0.442214240439"
"292","0.702363743926","0.765899006972","0.425734206634"
"293","0.702510310585","0.765899006972","0.462074794"
"294","0.702709085147","0.765899006972","0.449820409888"
"295","0.702871857173","0.765899006972","0.436720895838"
"296","0.702241200085","0.765899006972","0.469680963448"
"297","0.702615275724","0.765899006972","0.445806042679"
"298","0.702812360025","0.765899006972","0.448763997465"
"299","0.702777878724","0.765899006972","0.458271709275"
"300","0.702637080076","0.765899006972","0.453623494612"
"301","0.702954320727","0.765899006972","0.453200929643"
"302","0.703326959645","0.765899006972","0.450876822311"
"303","0.703367018804","0.765899006972","0.456581449398"
"304","0.703360236636","0.765899006972","0.442425522924"
"305","0.703544010142","0.765899006972","0.469258398479"
"306","0.702962645257","0.765899006972","0.442002957955"
"307","0.703047559687","0.765899006972","0.470314810902"
"308","0.702618930911","0.765899006972","0.459328121699"
"309","0.702993936193","0.765899006972","0.453412212128"
"310","0.703353391084","0.765899006972","0.449186562434"
"311","0.702604056624","0.765899006972","0.449609127403"
"312","0.702446524403","0.765899006972","0.417071624762"
"313","0.702656264526","0.765899006972","0.443270652863"
"314","0.702239636594","0.765899006972","0.462919923938"
"315","0.703072068456","0.765899006972","0.475808155504"
"316","0.703168582295","0.765899006972","0.4648214663"
"317","0.703032917811","0.765899006972","0.437777308261"
"318","0.703676272977","0.765899006972","0.448975279949"
"319","0.703586435664","0.765899006972","0.476653285443"
"320","0.704164103106","0.765899006972","0.45531375449"
"321","0.703600887386","0.765899006972","0.452567082189"
"322","0.703054975703","0.765899006972","0.464187618846"
"323","0.703308261145","0.765899006972","0.43545320093"
"324","0.703770631735","0.765899006972","0.484682019861"
"325","0.703675829284","0.765899006972","0.446651172618"
"326","0.703521043735","0.765899006972","0.459116839214"
"327","0.704000570463","0.765899006972","0.473906613142"
"328","0.704359264737","0.765899006972","0.454257342066"
"329","0.704152778365","0.765899006972","0.420874709487"
"330","0.704649418973","0.765899006972","0.445806042679"
"331","0.704649440101","0.765899006972","0.432495246144"
"332","0.703810078175","0.765899006972","0.44855271498"
"333","0.704564842595","0.765899006972","0.467779421086"
"334","0.704167230087","0.765899006972","0.481090217621"
"335","0.703919036552","0.766955419396","0.433129093598"
"336","0.703061736742","0.766955419396","0.45214451722"
"337","0.70321206423","0.766955419396","0.454468624551"
"338","0.703447348405","0.766955419396","0.463976336362"
"339","0.7035700824","0.766955419396","0.463976336362"
"340","0.704456391295","0.766955419396","0.452989647158"
"341","0.7040139869","0.766955419396","0.457637861821"
"342","0.70413112191","0.766955419396","0.484470737376"
"343","0.703938706951","0.766955419396","0.462497358969"
"344","0.704046291992","0.766955419396","0.426368054088"
"345","0.703384048172","0.766955419396","0.436087048384"
"346","0.703552905134","0.766955419396","0.434819353476"
"347","0.704236129305","0.766955419396","0.412423410099"
"348","0.704650728925","0.766955419396","0.479399957744"
"349","0.704564905979","0.766955419396","0.476019437989"
"350","0.704703486161","0.766955419396","0.459328121699"
"351","0.704729009085","0.766955419396","0.45172195225"
"352","0.704128016057","0.766955419396","0.460595816607"
"353","0.704159919713","0.766955419396","0.461863511515"
"354","0.704389351363","0.766955419396","0.481301500106"
"355","0.704338918234","0.766955419396","0.45489118952"
"356","0.705134206634","0.766955419396","0.466934291147"
"357","0.704814008029","0.766955419396","0.463765053877"
"358","0.705022543841","0.766955419396","0.474117895626"
"359","0.705162624128","0.766955419396","0.455736319459"
"360","0.705647115994","0.766955419396","0.477287132897"
"361","0.705031206423","0.766955419396","0.457004014367"
"362","0.705672575533","0.766955419396","0.464610183816"
"363","0.705409782379","0.766955419396","0.462074794"
"364","0.705306549757","0.766955419396","0.482780477498"
"365","0.705547390661","0.766955419396","0.430171138813"
"366","0.705437080076","0.766955419396","0.46165222903"
"367","0.705274413691","0.766955419396","0.423621381787"
"368","0.704901711388","0.766955419396","0.48193534756"
"369","0.704846228608","0.766955419396","0.47517430805"
"370","0.704645615888","0.766955419396","0.46524403127"
"371","0.704680519755","0.766955419396","0.455947601944"
"372","0.705073272766","0.766955419396","0.450876822311"
"373","0.704970188041","0.766955419396","0.450031692373"
"374","0.704411641665","0.766955419396","0.45531375449"
"375","0.704850052821","0.766955419396","0.414958799915"
"376","0.705563321361","0.766955419396","0.440735263047"
"377","0.705311303613","0.766955419396","0.413057257553"
"378","0.705656496936","0.766955419396","0.461018381576"
"379","0.706210542996","0.766955419396","0.458905556729"
"380","0.7062635749","0.766955419396","0.456581449398"
"381","0.705485379252","0.766955419396","0.460595816607"
"382","0.705313923516","0.766955419396","0.439256285654"
"383","0.705558652018","0.766955419396","0.462074794"
"384","0.706280921192","0.766955419396","0.42510035918"
"385","0.706239045003","0.766955419396","0.434819353476"
"386","0.705906106064","0.766955419396","0.469680963448"
"387","0.70619180224","0.766955419396","0.443481935348"
"388","0.705908070991","0.766955419396","0.433340376083"
"389","0.705417050497","0.766955419396","0.459539404183"
"390","0.705889118952","0.766955419396","0.464187618846"
"391","0.70616670188","0.766955419396","0.480245087682"
"392","0.70594643989","0.766955419396","0.467779421086"
"393","0.705992837524","0.766955419396","0.436509613353"
"394","0.705692457215","0.766955419396","0.466511726178"
"395","0.705909254173","0.766955419396","0.431650116205"
"396","0.705824191844","0.766955419396","0.449186562434"
"397","0.70608516797","0.766955419396","0.473484048172"
"398","0.706423705895","0.766955419396","0.466511726178"
"399","0.706085315867","0.766955419396","0.452778364674"
"400","0.705905937038","0.766955419396","0.456581449398"
"401","0.705898394253","0.766955419396","0.470314810902"
"402","0.706414261568","0.766955419396","0.47517430805"
"403","0.706851214874","0.766955419396","0.462708641454"
"404","0.706007944221","0.766955419396","0.438411155715"
"405","0.706424867948","0.766955419396","0.413479822523"
"406","0.706197337841","0.766955419396","0.466934291147"
"407","0.706412571308","0.766955419396","0.396365941263"
"408","0.706273209381","0.766955419396","0.429537291359"
"409","0.706342467779","0.766955419396","0.398056201141"
"410","0.706257553349","0.766955419396","0.47517430805"
"411","0.706176864568","0.766955419396","0.476653285443"
"412","0.706245911684","0.766955419396","0.462074794"
"413","0.706987344179","0.766955419396","0.470103528417"
"414","0.707301500106","0.766955419396","0.465877878724"
"415","0.706993048806","0.766955419396","0.443481935348"
"416","0.707654574266","0.766955419396","0.480667652652"
"417","0.707060321149","0.766955419396","0.454046059582"
"418","0.707010458483","0.766955419396","0.466300443693"
"419","0.706746101838","0.766955419396","0.452355799704"
"420","0.706720114093","0.766955419396","0.479611240228"
"421","0.706116712445","0.766955419396","0.471793788295"
"422","0.706690745827","0.766955419396","0.466511726178"
"423","0.707140207057","0.766955419396","0.439045003169"
"424","0.707038664695","0.766955419396","0.427424466512"
"425","0.707291231777","0.766955419396","0.456581449398"
"426","0.707190555673","0.766955419396","0.478766110289"
"427","0.706613416438","0.766955419396","0.469258398479"
"428","0.706880963448","0.766955419396","0.464398901331"
"429","0.707324720051","0.766955419396","0.420663427002"
"430","0.708167399113","0.766955419396","0.473484048172"
"431","0.707542552292","0.766955419396","0.461229664061"
"432","0.707104922882","0.766955419396","0.473272765688"
"433","0.707422945278","0.766955419396","0.429748573843"
"434","0.70734523558","0.766955419396","0.46524403127"
"435","0.707165560955","0.766955419396","0.450454257342"
"436","0.706681069089","0.766955419396","0.463976336362"
"437","0.706979378829","0.766955419396","0.470948658356"
"438","0.706814219311","0.766955419396","0.422776251849"
"439","0.707227551236","0.766955419396","0.466300443693"
"440","0.706687154025","0.766955419396","0.477287132897"
"441","0.707247707585","0.766955419396","0.466300443693"
"442","0.706817177266","0.766955419396","0.473061483203"
"443","0.707571181069","0.766955419396","0.473484048172"
"444","0.706712212128","0.766955419396","0.462497358969"
"445","0.706807986478","0.766955419396","0.457215296852"
"446","0.706802788929","0.766955419396","0.455102472005"
"447","0.706549017536","0.766955419396","0.452989647158"
"448","0.707439678851","0.766955419396","0.459539404183"
"449","0.707373399535","0.766955419396","0.446651172618"
"450","0.706933509402","0.766955419396","0.430593703782"
"451","0.707904648215","0.766955419396","0.444538347771"
"452","0.708360236636","0.766955419396","0.484893302345"
"453","0.707668687936","0.766955419396","0.422353686879"
"454","0.707761588844","0.766955419396","0.429326008874"
"455","0.707663870695","0.766955419396","0.456158884428"
"456","0.707754215086","0.766955419396","0.454046059582"
"457","0.70790302134","0.766955419396","0.444115782802"
"458","0.70761664906","0.766955419396","0.453834777097"
"459","0.708009359814","0.766955419396","0.450242974857"
"460","0.707733424889","0.766955419396","0.476442002958"
"461","0.707739383055","0.766955419396","0.462074794"
"462","0.707596429326","0.766955419396","0.44496091274"
"463","0.707723304458","0.766955419396","0.463553771392"
"464","0.708207162476","0.766955419396","0.462497358969"
"465","0.708046313121","0.766955419396","0.45848299176"
"466","0.707242869216","0.766955419396","0.456581449398"
"467","0.70802436087","0.766955419396","0.476230720473"
"468","0.708991147264","0.766955419396","0.445594760194"
"469","0.708468624551","0.766955419396","0.458905556729"
"470","0.708249165434","0.766955419396","0.431016268751"
"471","0.708530340165","0.766955419396","0.443693217832"
"472","0.708242679062","0.766955419396","0.477920980351"
"473","0.708309486584","0.766955419396","0.447918867526"
"474","0.708583752377","0.766955419396","0.487851257131"
"475","0.708497654764","0.766955419396","0.450454257342"
"476","0.708841200085","0.766955419396","0.465666596239"
"477","0.709068455525","0.766955419396","0.457426579337"
"478","0.709625269385","0.766955419396","0.419818297063"
"479","0.708673779844","0.766955419396","0.47475174308"
"480","0.707771244454","0.766955419396","0.455525036974"
"481","0.70805271498","0.766955419396","0.478554827805"
"482","0.708141178956","0.766955419396","0.462074794"
"483","0.708126283541","0.766955419396","0.479188675259"
"484","0.707796365941","0.766955419396","0.48510458483"
"485","0.70753473484","0.766955419396","0.470526093387"
"486","0.707916141982","0.766955419396","0.466934291147"
"487","0.708228692161","0.766955419396","0.439467568139"
"488","0.707945383478","0.766955419396","0.481724065075"
"489","0.708095858863","0.766955419396","0.463553771392"
"490","0.708333467146","0.766955419396","0.448763997465"
"491","0.708092668498","0.766955419396","0.476653285443"
"492","0.708259687302","0.766955419396","0.463976336362"
"493","0.708130614832","0.766955419396","0.461018381576"
"494","0.708148996408","0.766955419396","0.462919923938"
"495","0.707845763786","0.766955419396","0.440523980562"
"496","0.707827762518","0.766955419396","0.477075850412"
"497","0.708570800761","0.766955419396","0.440523980562"
"498","0.708168687936","0.766955419396","0.447707585041"
"499","0.708530572576","0.766955419396","0.470948658356"
"500","0.709301753645","0.766955419396","0.467356856117"
"501","0.709665053877","0.766955419396","0.471371223326"
"502","0.709375575745","0.766955419396","0.475808155504"
"503","0.708791379675","0.766955419396","0.45172195225"
"504","0.708300697232","0.766955419396","0.444115782802"
"505","0.708718466089","0.766955419396","0.477498415381"
"506","0.708467990704","0.766955419396","0.461863511515"
"507","0.708356771604","0.766955419396","0.450242974857"
"508","0.70877671667","0.766955419396","0.487006127192"
"509","0.709449271075","0.766955419396","0.462919923938"
"510","0.709106887809","0.766955419396","0.472638918234"
"511","0.709548510458","0.766955419396","0.470948658356"
"512","0.70947925206","0.766955419396","0.473906613142"
"513","0.708881533911","0.766955419396","0.431650116205"
"514","0.708252926262","0.766955419396","0.450665539827"
"515","0.70830832453","0.766955419396","0.467356856117"
"516","0.708557637862","0.766955419396","0.444538347771"
"517","0.708978322417","0.766955419396","0.462708641454"
"518","0.708570631735","0.766955419396","0.478977392774"
"519","0.708840481724","0.766955419396","0.461863511515"
"520","0.709256665962","0.766955419396","0.48151278259"
"521","0.709065413057","0.766955419396","0.475385590535"
"522","0.709090978238","0.766955419396","0.462286076484"
"523","0.708523621382","0.766955419396","0.454046059582"
"524","0.70849697866","0.766955419396","0.462286076484"
"525","0.709147031481","0.766955419396","0.452778364674"
"526","0.708801415593","0.766955419396","0.456581449398"
"527","0.708231882527","0.766955419396","0.489752799493"
"528","0.708720346503","0.766955419396","0.476230720473"
"529","0.708788189309","0.766955419396","0.470948658356"
"530","0.709003528417","0.766955419396","0.484048172407"
"531","0.709642657934","0.766955419396","0.472850200718"
"532","0.709020874709","0.766955419396","0.478132262835"
"533","0.709196999789","0.766955419396","0.476019437989"
"534","0.709377287133","0.766955419396","0.489118952039"
"535","0.708998035073","0.766955419396","0.440101415593"
"536","0.709547390661","0.766955419396","0.475596873019"
"537","0.709309021762","0.766955419396","0.475385590535"
"538","0.709103422776","0.766955419396","0.467356856117"
"539","0.709197633636","0.766955419396","0.446439890133"
"540","0.709195077118","0.766955419396","0.456792731883"
"541","0.709020874709","0.766955419396","0.458905556729"
"542","0.708657046271","0.766955419396","0.447496302557"
"543","0.708643038242","0.766955419396","0.478554827805"
"544","0.708404183393","0.766955419396","0.462919923938"
"545","0.708863511515","0.766955419396","0.489330234524"
"546","0.709143165012","0.766955419396","0.453412212128"
"547","0.709201880414","0.766955419396","0.454679907036"
"548","0.709150792309","0.766955419396","0.47834354532"
"549","0.709560574688","0.766955419396","0.464398901331"
"550","0.710175934925","0.766955419396","0.456581449398"
"551","0.709805746884","0.766955419396","0.430593703782"
"552","0.7093523558","0.766955419396","0.463131206423"
"553","0.709698732305","0.766955419396","0.462286076484"
"554","0.7086785337","0.766955419396","0.452355799704"
"555","0.708960511304","0.766955419396","0.447918867526"
"556","0.708770526093","0.766955419396","0.470103528417"
"557","0.709463194591","0.766955419396","0.451088104796"
"558","0.709879695753","0.766955419396","0.480245087682"
"559","0.709966934291","0.766955419396","0.44179167547"
"560","0.709794717938","0.766955419396","0.479399957744"
"561","0.710005282062","0.766955419396","0.474117895626"
"562","0.709801669132","0.766955419396","0.433762941052"
"563","0.710090027467","0.766955419396","0.482991759983"
"564","0.708998880203","0.766955419396","0.41876188464"
"565","0.709182970632","0.766955419396","0.462074794"
"566","0.709347707585","0.766955419396","0.482991759983"
"567","0.709802429749","0.766955419396","0.469258398479"
"568","0.709322649482","0.766955419396","0.472850200718"
"569","0.709765434186","0.766955419396","0.452778364674"
"570","0.709906549757","0.766955419396","0.469258398479"
"571","0.710235474329","0.766955419396","0.474117895626"
"572","0.709603148109","0.766955419396","0.469892245933"
"573","0.710420494401","0.766955419396","0.485949714769"
"574","0.710262793154","0.766955419396","0.423198816818"
"575","0.709959581661","0.766955419396","0.476019437989"
"576","0.710357680118","0.766955419396","0.447073737587"
"577","0.709506084936","0.766955419396","0.462919923938"
"578","0.711009190788","0.766955419396","0.478766110289"
"579","0.710307268117","0.766955419396","0.447285020072"
"580","0.710614240439","0.766955419396","0.477075850412"
"581","0.710830699345","0.766955419396","0.468624551025"
"582","0.710210458483","0.766955419396","0.456370166913"
"583","0.709301711388","0.766955419396","0.459750686668"
"584","0.709697570251","0.766955419396","0.477498415381"
"585","0.709297675893","0.766955419396","0.469680963448"
"586","0.71043486161","0.766955419396","0.447285020072"
"587","0.710619522502","0.766955419396","0.484893302345"
"588","0.710007711811","0.766955419396","0.473484048172"
"589","0.710084724276","0.766955419396","0.468624551025"
"590","0.711032833298","0.766955419396","0.471793788295"
"591","0.710736572998","0.766955419396","0.473061483203"
"592","0.710988506233","0.766955419396","0.472216353264"
"593","0.710504690471","0.766955419396","0.484259454891"
"594","0.710429769702","0.766955419396","0.4648214663"
"595","0.709885822945","0.766955419396","0.474540460596"
"596","0.710412233256","0.766955419396","0.456370166913"
"597","0.710097760406","0.766955419396","0.460173251637"
"598","0.709939784492","0.766955419396","0.469469680963"
"599","0.71028926685","0.766955419396","0.454468624551"
"600","0.710283541094","0.766955419396","0.449820409888"
"601","0.710014346081","0.766955419396","0.465666596239"
"602","0.710337988591","0.766955419396","0.439890133108"
"603","0.710675533488","0.766955419396","0.461229664061"
"604","0.711065518698","0.766955419396","0.487851257131"
"605","0.710776082823","0.766955419396","0.465877878724"
"606","0.71152279738","0.766955419396","0.439467568139"
"607","0.71154318614","0.766955419396","0.477498415381"
"608","0.710980878935","0.766955419396","0.488485104585"
"609","0.710300380308","0.766955419396","0.455102472005"
"610","0.710760215508","0.766955419396","0.43545320093"
"611","0.710763786182","0.766955419396","0.480033805198"
"612","0.710322860765","0.766955419396","0.469892245933"
"613","0.710383224171","0.766955419396","0.436932178322"
"614","0.710101859286","0.766955419396","0.477920980351"
"615","0.710649418973","0.766955419396","0.47834354532"
"616","0.710886456793","0.766955419396","0.465877878724"
"617","0.710791168392","0.766955419396","0.471371223326"
"618","0.711020494401","0.766955419396","0.473695330657"
"619","0.710505746884","0.766955419396","0.467990703571"
"620","0.710698161842","0.766955419396","0.47200507078"
"621","0.710365349673","0.766955419396","0.4648214663"
"622","0.71017020917","0.766955419396","0.471371223326"
"623","0.710749017536","0.766955419396","0.457637861821"
"624","0.710207500528","0.766955419396","0.460173251637"
"625","0.71070302134","0.766955419396","0.419395732094"
"626","0.711149545743","0.766955419396","0.461018381576"
"627","0.710256306782","0.766955419396","0.462074794"
"628","0.710552165645","0.766955419396","0.458694274245"
"629","0.710767293471","0.766955419396","0.431438833721"
"630","0.710838136488","0.766955419396","0.482780477498"
"631","0.711467842806","0.766955419396","0.470948658356"
"632","0.710906190577","0.766955419396","0.477709697866"
"633","0.710858905557","0.766955419396","0.486794844707"
"634","0.710496682865","0.766955419396","0.448763997465"
"635","0.711047813226","0.766955419396","0.48193534756"
"636","0.710905451088","0.766955419396","0.444749630256"
"637","0.710698647792","0.766955419396","0.486794844707"
"638","0.711115127826","0.766955419396","0.495246144095"
"639","0.710075132052","0.766955419396","0.459750686668"
"640","0.710642995986","0.766955419396","0.461440946546"
"641","0.710823917177","0.766955419396","0.467356856117"
"642","0.71116851891","0.766955419396","0.466089161209"
"643","0.712130002113","0.766955419396","0.479611240228"
"644","0.711706951194","0.766955419396","0.485949714769"
"645","0.711976082823","0.766955419396","0.470526093387"
"646","0.711502429749","0.766955419396","0.452355799704"
"647","0.711852017748","0.766955419396","0.466300443693"
"648","0.711484914431","0.766955419396","0.468201986055"
"649","0.710958926685","0.766955419396","0.463131206423"
"650","0.71068673146","0.766955419396","0.421297274456"
"651","0.710982463554","0.766955419396","0.493978449187"
"652","0.710740714135","0.766955419396","0.454468624551"
"653","0.711353264314","0.766955419396","0.428903443905"
"654","0.711549165434","0.766955419396","0.446439890133"
"655","0.71132436087","0.766955419396","0.413479822523"
"656","0.711478639341","0.766955419396","0.478977392774"
"657","0.711345172195","0.766955419396","0.492499471794"
"658","0.71200071836","0.766955419396","0.478766110289"
"659","0.711438939362","0.766955419396","0.470526093387"
"660","0.711093407986","0.766955419396","0.464398901331"
"661","0.711112360025","0.766955419396","0.455736319459"
"662","0.710873800972","0.766955419396","0.478766110289"
"663","0.710586668075","0.766955419396","0.471159940841"
"664","0.711438770336","0.766955419396","0.462074794"
"665","0.711431164166","0.766955419396","0.448763997465"
"666","0.711446545531","0.766955419396","0.451088104796"
"667","0.712181724065","0.766955419396","0.477920980351"
"668","0.712347348405","0.766955419396","0.470737375872"
"669","0.712242805831","0.766955419396","0.47517430805"
"670","0.711262391718","0.766955419396","0.483836889922"
"671","0.711235896894","0.766955419396","0.477709697866"
"672","0.710747242764","0.766955419396","0.471159940841"
"673","0.710437333615","0.766955419396","0.479611240228"
"674","0.711385484893","0.766955419396","0.484682019861"
"675","0.711422564969","0.766955419396","0.469047115994"
"676","0.71173027678","0.766955419396","0.473484048172"
"677","0.711978554828","0.766955419396","0.4648214663"
"678","0.712015064441","0.766955419396","0.466723008663"
"679","0.711507394887","0.766955419396","0.473484048172"
"680","0.711574033383","0.766955419396","0.486794844707"
"681","0.711531143038","0.766955419396","0.459750686668"
"682","0.711716902599","0.766955419396","0.473061483203"
"683","0.711798373125","0.76716670188","0.465877878724"
"684","0.710681491654","0.76716670188","0.475808155504"
"685","0.711048151278","0.76716670188","0.467356856117"
"686","0.710821212761","0.76716670188","0.42826959645"
"687","0.711659433763","0.76716670188","0.476019437989"
"688","0.712198922459","0.76716670188","0.477498415381"
"689","0.711649313332","0.76716670188","0.431438833721"
"690","0.711511366998","0.76716670188","0.470314810902"
"691","0.711133446017","0.76716670188","0.479611240228"
"692","0.710766934291","0.76716670188","0.453200929643"
"693","0.711735368688","0.76716670188","0.482146630044"
"694","0.712048109022","0.76716670188","0.464610183816"
"695","0.711633467146","0.76716670188","0.454679907036"
"696","0.712442277625","0.76716670188","0.474540460596"
"697","0.712623917177","0.76716670188","0.484470737376"
"698","0.712262180435","0.76716670188","0.459328121699"
"699","0.712922269174","0.76716670188","0.483625607437"
"700","0.712886097613","0.76716670188","0.473695330657"
"701","0.712840080287","0.76716670188","0.485527149799"
"702","0.712095710966","0.76716670188","0.476653285443"
"703","0.711928987957","0.76716670188","0.488062539615"
"704","0.712738368899","0.76716670188","0.464398901331"
"705","0.712900169026","0.76716670188","0.448975279949"
"706","0.712057363195","0.76716670188","0.47158250581"
"707","0.711799345024","0.76716670188","0.427424466512"
"708","0.712553855905","0.76716670188","0.473695330657"
"709","0.711511662793","0.76716670188","0.46524403127"
"710","0.711443693218","0.76716670188","0.449609127403"
"711","0.711640967674","0.76716670188","0.46524403127"
"712","0.711459391506","0.76716670188","0.447707585041"
"713","0.711673653074","0.76716670188","0.454468624551"
"714","0.71191001479","0.76716670188","0.442002957955"
"715","0.712342679062","0.76716670188","0.477709697866"
"716","0.712411514895","0.76716670188","0.493767166702"
"717","0.712021360659","0.76716670188","0.480033805198"
"718","0.712569131629","0.76716670188","0.500528206212"
"719","0.712149440101","0.76716670188","0.471371223326"
"720","0.711718592859","0.76716670188","0.489330234524"
"721","0.711598647792","0.76716670188","0.448975279949"
"722","0.712299598563","0.76716670188","0.47517430805"
"723","0.71197502641","0.76716670188","0.463765053877"
"724","0.712957616734","0.76716670188","0.470103528417"
"725","0.711723325586","0.76716670188","0.472427635749"
"726","0.711411007817","0.76716670188","0.461018381576"
"727","0.711521022607","0.76716670188","0.465032748785"
"728","0.710879632368","0.76716670188","0.460384534122"
"729","0.711843101627","0.76716670188","0.474117895626"
"730","0.712390006338","0.76716670188","0.488062539615"
"731","0.712330593704","0.76716670188","0.475596873019"
"732","0.712688189309","0.76716670188","0.464187618846"
"733","0.712499619692","0.76716670188","0.482146630044"
"734","0.711685780689","0.76716670188","0.450876822311"
"735","0.712609106275","0.76716670188","0.46841326854"
"736","0.712772321995","0.76716670188","0.462286076484"
"737","0.712300676104","0.76716670188","0.457849144306"
"738","0.712835263047","0.76716670188","0.471793788295"
"739","0.712226558208","0.76716670188","0.442848087894"
"740","0.712388992183","0.76716670188","0.476864567927"
"741","0.712370314811","0.76716670188","0.461018381576"
"742","0.712669406296","0.76716670188","0.477920980351"
"743","0.713066870906","0.76716670188","0.454468624551"
"744","0.712784259455","0.76716670188","0.497781533911"
"745","0.712187006127","0.76716670188","0.467779421086"
"746","0.712183097401","0.76716670188","0.46165222903"
"747","0.712262349461","0.76716670188","0.450242974857"
"748","0.712399894359","0.76716670188","0.460807099091"
"749","0.713036340587","0.76716670188","0.464187618846"
"750","0.712490450032","0.76716670188","0.493555884217"
"751","0.712527847031","0.76716670188","0.473272765688"
"752","0.712717304035","0.76716670188","0.485738432284"
"753","0.712288020283","0.76716670188","0.462286076484"
"754","0.713452038876","0.76716670188","0.47517430805"
"755","0.713275427847","0.76716670188","0.470948658356"
"756","0.712719923938","0.76716670188","0.484682019861"
"757","0.711527656877","0.76716670188","0.488907669554"
"758","0.712383160786","0.76716670188","0.494612296641"
"759","0.712201753645","0.76716670188","0.46165222903"
"760","0.712448087894","0.76716670188","0.478766110289"
"761","0.712254384112","0.76716670188","0.483625607437"
"762","0.712758842172","0.76716670188","0.473695330657"
"763","0.712883435453","0.76716670188","0.477709697866"
"764","0.713369575322","0.76716670188","0.475596873019"
"765","0.712934988379","0.76716670188","0.481090217621"
"766","0.713047221635","0.76716670188","0.480245087682"
"767","0.713006401859","0.76716670188","0.492288189309"
"768","0.712760638073","0.76716670188","0.482146630044"
"769","0.713310944433","0.76716670188","0.467779421086"
"770","0.712598330868","0.76716670188","0.462919923938"
"771","0.712078850623","0.76716670188","0.469892245933"
"772","0.712720536658","0.76716670188","0.472638918234"
"773","0.712491147264","0.76716670188","0.442425522924"
"774","0.712564504543","0.76716670188","0.490809211916"
"775","0.71288468202","0.76716670188","0.460595816607"
"776","0.712398711177","0.76716670188","0.456370166913"
"777","0.712977371646","0.76716670188","0.475385590535"
"778","0.712933784069","0.76716670188","0.463342488908"
"779","0.712741326854","0.76716670188","0.465877878724"
"780","0.712916987112","0.76716670188","0.461440946546"
"781","0.712981512783","0.76716670188","0.489752799493"
"782","0.712745045426","0.76716670188","0.479611240228"
"783","0.713320642299","0.76716670188","0.48151278259"
"784","0.712694612297","0.76716670188","0.477920980351"
"785","0.713438136488","0.76716670188","0.465877878724"
"786","0.713475237693","0.76716670188","0.450665539827"
"787","0.713144643989","0.76716670188","0.476230720473"
"788","0.713077012466","0.76716670188","0.474117895626"
"789","0.71273655187","0.76716670188","0.461863511515"
"790","0.712473695331","0.76716670188","0.433340376083"
"791","0.712270272554","0.76716670188","0.469892245933"
"792","0.713004817241","0.76716670188","0.498837946334"
"793","0.71308178745","0.76716670188","0.492922036763"
"794","0.712978512571","0.76716670188","0.44496091274"
"795","0.713139235157","0.76716670188","0.484682019861"
"796","0.71303329812","0.76716670188","0.472427635749"
"797","0.712709761251","0.76716670188","0.480667652652"
"798","0.712897697021","0.76716670188","0.463765053877"
"799","0.713144263681","0.76716670188","0.473484048172"
"800","0.713422226917","0.76716670188","0.46524403127"
"801","0.712829030213","0.76716670188","0.48193534756"
"802","0.71310881048","0.76716670188","0.497781533911"
"803","0.712530910628","0.76716670188","0.397633636172"
"804","0.712931016269","0.76716670188","0.470314810902"
"805","0.713312676949","0.76716670188","0.489964081978"
"806","0.713457342066","0.76716670188","0.470314810902"
"807","0.712902155081","0.76716670188","0.472850200718"
"808","0.712530657089","0.76716670188","0.466934291147"
"809","0.713072913585","0.76716670188","0.462286076484"
"810","0.71259746461","0.76716670188","0.46165222903"
"811","0.71289951405","0.76716670188","0.466511726178"
"812","0.712698901331","0.76716670188","0.499471793788"
"813","0.71234595394","0.76716670188","0.448763997465"
"814","0.71303860131","0.76716670188","0.466723008663"
"815","0.71341375449","0.76716670188","0.479188675259"
"816","0.714099112614","0.76716670188","0.425945489119"
"817","0.713940756391","0.76716670188","0.430171138813"
"818","0.713370906402","0.76716670188","0.459750686668"
"819","0.713887830129","0.76716670188","0.463553771392"
"820","0.7137326854","0.76716670188","0.462074794"
"821","0.714148278048","0.76716670188","0.475596873019"
"822","0.714158652018","0.76716670188","0.429537291359"
"823","0.713666490598","0.76716670188","0.476230720473"
"824","0.713345869427","0.76716670188","0.456581449398"
"825","0.71277418128","0.76716670188","0.396365941263"
"826","0.713747813226","0.76716670188","0.49503486161"
"827","0.713091210649","0.76716670188","0.479822522713"
"828","0.713825438411","0.76716670188","0.478132262835"
"829","0.713985442637","0.76716670188","0.481090217621"
"830","0.713483224171","0.76716670188","0.427847031481"
"831","0.713954510881","0.76716670188","0.464187618846"
"832","0.714079632368","0.76716670188","0.455525036974"
"833","0.713918043524","0.76716670188","0.467990703571"
"834","0.714699683076","0.76716670188","0.466934291147"
"835","0.714456158884","0.76716670188","0.470314810902"
"836","0.714696957532","0.76716670188","0.484048172407"
"837","0.714239678851","0.76716670188","0.481301500106"
"838","0.713463743926","0.76716670188","0.449397844919"
"839","0.713764715825","0.76716670188","0.470948658356"
"840","0.714160976125","0.76716670188","0.484048172407"
"841","0.713680540883","0.76716670188","0.462074794"
"842","0.713216944855","0.76716670188","0.477075850412"
"843","0.71377840693","0.76716670188","0.46524403127"
"844","0.713395795479","0.76716670188","0.45489118952"
"845","0.714106739911","0.76716670188","0.474117895626"
"846","0.713884407353","0.76716670188","0.462497358969"
"847","0.713775089795","0.76716670188","0.470737375872"
"848","0.713053813649","0.76716670188","0.475385590535"
"849","0.713325459539","0.76716670188","0.482146630044"
"850","0.713749482358","0.76716670188","0.482357912529"
"851","0.713411958589","0.76716670188","0.492499471794"
"852","0.713685653919","0.76716670188","0.477287132897"
"853","0.714038749208","0.76716670188","0.455525036974"
"854","0.714356982886","0.76716670188","0.480667652652"
"855","0.713016395521","0.76716670188","0.47834354532"
"856","0.713783921403","0.76716670188","0.461018381576"
"857","0.713782083245","0.76716670188","0.455525036974"
"858","0.714066427213","0.76716670188","0.45848299176"
"859","0.714335918022","0.76716670188","0.474117895626"
"860","0.714072237482","0.76716670188","0.474329178111"
"861","0.713589668286","0.76716670188","0.491654341855"
"862","0.713663110078","0.76716670188","0.465666596239"
"863","0.714166448341","0.76716670188","0.480878935136"
"864","0.71389759138","0.76716670188","0.480667652652"
"865","0.713861335305","0.76716670188","0.464610183816"
"866","0.714408218889","0.76716670188","0.467145573632"
"867","0.71380445806","0.76716670188","0.485949714769"
"868","0.71472871329","0.76716670188","0.446862455102"
"869","0.714682759349","0.76716670188","0.460595816607"
"870","0.714422163533","0.76716670188","0.464398901331"
"871","0.714057109656","0.76716670188","0.460807099091"
"872","0.714081956476","0.76716670188","0.468624551025"
"873","0.714435558842","0.76716670188","0.481724065075"
"874","0.71458829495","0.76716670188","0.481090217621"
"875","0.714362539615","0.76716670188","0.451510669765"
"876","0.714300021128","0.76716670188","0.480667652652"
"877","0.713368856962","0.76716670188","0.482569195014"
"878","0.713744052398","0.76716670188","0.460595816607"
"879","0.714269511937","0.76716670188","0.462708641454"
"880","0.714693957321","0.76716670188","0.45172195225"
"881","0.714942277625","0.76716670188","0.48193534756"
"882","0.714430192267","0.76716670188","0.459328121699"
"883","0.714396006761","0.76716670188","0.476019437989"
"884","0.713828248468","0.76716670188","0.451299387281"
"885","0.714301056412","0.76716670188","0.484048172407"
"886","0.714305704627","0.76716670188","0.487006127192"
"887","0.71369180224","0.76716670188","0.474540460596"
"888","0.713910352842","0.76716670188","0.491231776886"
"889","0.714981280372","0.76716670188","0.457637861821"
"890","0.714701119797","0.76716670188","0.471371223326"
"891","0.714460405662","0.76716670188","0.472216353264"
"892","0.71433788295","0.76716670188","0.474329178111"
"893","0.714352778365","0.76716670188","0.432283963659"
"894","0.71438998521","0.76716670188","0.490175364462"
"895","0.714276758927","0.76716670188","0.479188675259"
"896","0.714091443059","0.76716670188","0.48510458483"
"897","0.713335410944","0.76716670188","0.484470737376"
"898","0.714178554828","0.76716670188","0.487851257131"
"899","0.714206549757","0.76716670188","0.450454257342"
"900","0.714428396366","0.76716670188","0.493344601733"
"901","0.714232917811","0.76716670188","0.458905556729"
"902","0.714222395943","0.76716670188","0.429748573843"
"903","0.714166807522","0.76716670188","0.48193534756"
"904","0.714358208325","0.76716670188","0.467356856117"
"905","0.714177287133","0.76716670188","0.433551658568"
"906","0.713630297908","0.76716670188","0.469047115994"
"907","0.714930466934","0.76716670188","0.472216353264"
"908","0.714482843862","0.76716670188","0.447285020072"
"909","0.714124149588","0.76716670188","0.474963025565"
"910","0.714423853793","0.76716670188","0.485527149799"
"911","0.714623959434","0.76716670188","0.439045003169"
"912","0.71463245299","0.76716670188","0.47475174308"
"913","0.714398985844","0.76716670188","0.470526093387"
"914","0.713682252271","0.76716670188","0.466723008663"
"915","0.714379695753","0.76716670188","0.468624551025"
"916","0.714333361504","0.76716670188","0.468624551025"
"917","0.714301140925","0.76716670188","0.476864567927"
"918","0.715058926685","0.76716670188","0.502007183604"
"919","0.715368709064","0.76716670188","0.478766110289"
"920","0.714759856328","0.76716670188","0.469258398479"
"921","0.71460796535","0.76716670188","0.486583562223"
"922","0.714523135432","0.76716670188","0.489118952039"
"923","0.714907606169","0.76716670188","0.461018381576"
"924","0.714666596239","0.76716670188","0.467779421086"
"925","0.714270357067","0.76716670188","0.482569195014"
"926","0.713648721741","0.76716670188","0.480245087682"
"927","0.714754426368","0.76716670188","0.484259454891"
"928","0.714764356645","0.76716670188","0.500950771181"
"929","0.714833192478","0.76716670188","0.452567082189"
"930","0.714975660258","0.76716670188","0.453834777097"
"931","0.715061102895","0.76716670188","0.473906613142"
"932","0.714643312909","0.76716670188","0.438411155715"
"933","0.714816670188","0.76716670188","0.476019437989"
"934","0.714773082611","0.76716670188","0.484259454891"
"935","0.714467145574","0.76716670188","0.479611240228"
"936","0.714578660469","0.76716670188","0.485527149799"
"937","0.714216416649","0.76716670188","0.480033805198"
"938","0.714972427636","0.76716670188","0.482357912529"
"939","0.714867124445","0.76716670188","0.489752799493"
"940","0.715146735686","0.76716670188","0.481301500106"
"941","0.714549292204","0.76716670188","0.469258398479"
"942","0.714305239806","0.76716670188","0.446862455102"
"943","0.714535389816","0.76716670188","0.47834354532"
"944","0.71488178745","0.76716670188","0.454679907036"
"945","0.714927424467","0.76716670188","0.487217409677"
"946","0.714596809634","0.76716670188","0.473272765688"
"947","0.714511050074","0.76716670188","0.467779421086"
"948","0.715051721952","0.76716670188","0.469680963448"
"949","0.715327931544","0.76716670188","0.480667652652"
"950","0.715063891823","0.76716670188","0.458060426791"
"951","0.71519590112","0.76716670188","0.452989647158"
"952","0.714816395521","0.76716670188","0.497147686457"
"953","0.714257574477","0.76716670188","0.486160997253"
"954","0.714883625607","0.76716670188","0.462708641454"
"955","0.715473674202","0.76716670188","0.481301500106"
"956","0.715049376717","0.76716670188","0.463553771392"
"957","0.714913712233","0.76716670188","0.470737375872"
"958","0.714051214874","0.76716670188","0.447073737587"
"959","0.71415801817","0.76716670188","0.473272765688"
"960","0.715213796746","0.76716670188","0.488062539615"
"961","0.715017768857","0.76716670188","0.485527149799"
"962","0.714794358758","0.76716670188","0.469258398479"
"963","0.715322543841","0.76716670188","0.459961969153"
"964","0.714919480245","0.76716670188","0.434819353476"
"965","0.71491628988","0.76716670188","0.415381364885"
"966","0.715071244454","0.76716670188","0.452567082189"
"967","0.714892013522","0.76716670188","0.459116839214"
"968","0.71436308895","0.76716670188","0.453412212128"
"969","0.714866638496","0.76716670188","0.477920980351"
"970","0.714354489753","0.76716670188","0.466300443693"
"971","0.714885252483","0.76716670188","0.492076906824"
"972","0.714787175153","0.76716670188","0.492499471794"
"973","0.715398901331","0.76716670188","0.484893302345"
"974","0.715457468836","0.76716670188","0.498415381365"
"975","0.715475491232","0.76716670188","0.481301500106"
"976","0.714571181069","0.76716670188","0.448341432495"
"977","0.714574920769","0.76716670188","0.45489118952"
"978","0.714140545109","0.76716670188","0.47517430805"
"979","0.714677308261","0.76716670188","0.481301500106"
"980","0.714890597929","0.76716670188","0.492076906824"
"981","0.715162370589","0.76716670188","0.482357912529"
"982","0.714908409043","0.76716670188","0.462074794"
"983","0.714786139869","0.76716670188","0.458905556729"
"984","0.714593154447","0.76716670188","0.44179167547"
"985","0.715480794422","0.76716670188","0.466511726178"
"986","0.715110141559","0.76716670188","0.476864567927"
"987","0.714577244876","0.76716670188","0.462286076484"
"988","0.714111493767","0.76716670188","0.47517430805"
"989","0.714345552504","0.76716670188","0.478554827805"
"990","0.714129178111","0.76716670188","0.479611240228"
"991","0.714848510458","0.76716670188","0.466300443693"
"992","0.714709190788","0.76716670188","0.478132262835"
"993","0.714966237059","0.76716670188","0.482991759983"
"994","0.714433467146","0.76716670188","0.477920980351"
"995","0.714895605324","0.76716670188","0.48869638707"
"996","0.715042171984","0.76716670188","0.479188675259"
"997","0.714987492077","0.76716670188","0.469680963448"
"998","0.714717304035","0.76716670188","0.46841326854"
"999","0.714989182337","0.76716670188","0.437566025776"
"1000","0.714690450032","0.76716670188","0.484470737376"
