"Series","British American Tobacco 3y 1d"
"Signal","OLMI"
"Generations","1000"
"Ending","max generations were reached"
"Best Strategy","1101100101010000100100101000000011100000100000000010000000000000	","Accuracy","0.892287234043"
"Unique Strats","10000"
"0","0.504929388298","0.871010638298","0.123670212766"
"1","0.62861981383","0.875","0.135638297872"
"2","0.709690691489","0.875","0.195478723404"
"3","0.748877659574","0.877659574468","0.190159574468"
"4","0.769342287234","0.877659574468","0.199468085106"
"5","0.783331515957","0.877659574468","0.20079787234"
"6","0.792996675532","0.885638297872","0.226063829787"
"7","0.798528989362","0.885638297872","0.268617021277"
"8","0.801868484043","0.885638297872","0.267287234043"
"9","0.803735239362","0.885638297872","0.261968085106"
"10","0.804780984043","0.885638297872","0.26329787234"
"11","0.807802659574","0.886968085106","0.240691489362"
"12","0.808741489362","0.886968085106","0.211436170213"
"13","0.808677393617","0.886968085106","0.276595744681"
"14","0.810201595745","0.886968085106","0.268617021277"
"15","0.80975412234","0.886968085106","0.264627659574"
"16","0.811807047872","0.889627659574","0.281914893617"
"17","0.813560505319","0.889627659574","0.277925531915"
"18","0.812725797872","0.889627659574","0.218085106383"
"19","0.813885239362","0.889627659574","0.260638297872"
"20","0.813045744681","0.889627659574","0.244680851064"
"21","0.813044281915","0.889627659574","0.253989361702"
"22","0.812797473404","0.889627659574","0.251329787234"
"23","0.814109308511","0.889627659574","0.238031914894"
"24","0.813475398936","0.889627659574","0.25664893617"
"25","0.815285106383","0.889627659574","0.283244680851"
"26","0.814251196809","0.889627659574","0.232712765957"
"27","0.814543484043","0.889627659574","0.259308510638"
"28","0.815434973404","0.889627659574","0.219414893617"
"29","0.815578856383","0.889627659574","0.255319148936"
"30","0.816703457447","0.890957446809","0.264627659574"
"31","0.815768218085","0.890957446809","0.281914893617"
"32","0.816682446809","0.890957446809","0.247340425532"
"33","0.816828191489","0.890957446809","0.259308510638"
"34","0.817960106383","0.890957446809","0.279255319149"
"35","0.818609308511","0.890957446809","0.276595744681"
"36","0.81904481383","0.890957446809","0.3125"
"37","0.818151728723","0.890957446809","0.269946808511"
"38","0.819691223404","0.890957446809","0.261968085106"
"39","0.81868643617","0.890957446809","0.315159574468"
"40","0.818160505319","0.890957446809","0.227393617021"
"41","0.818879654255","0.890957446809","0.227393617021"
"42","0.817789228723","0.890957446809","0.267287234043"
"43","0.81879893617","0.890957446809","0.295212765957"
"44","0.819040691489","0.890957446809","0.284574468085"
"45","0.819281914894","0.890957446809","0.271276595745"
"46","0.820505585106","0.890957446809","0.276595744681"
"47","0.822357180851","0.890957446809","0.231382978723"
"48","0.822614760638","0.890957446809","0.269946808511"
"49","0.821123670213","0.890957446809","0.272606382979"
"50","0.821463829787","0.890957446809","0.280585106383"
"51","0.821471941489","0.890957446809","0.26329787234"
"52","0.821361702128","0.890957446809","0.226063829787"
"53","0.820530718085","0.892287234043","0.304521276596"
"54","0.821226462766","0.892287234043","0.247340425532"
"55","0.821715558511","0.892287234043","0.291223404255"
"56","0.823717154255","0.892287234043","0.25664893617"
"57","0.822734840426","0.892287234043","0.279255319149"
"58","0.823081648936","0.892287234043","0.240691489362"
"59","0.821589760638","0.892287234043","0.267287234043"
"60","0.824619015957","0.892287234043","0.289893617021"
"61","0.822548537234","0.892287234043","0.232712765957"
"62","0.822473138298","0.892287234043","0.252659574468"
"63","0.822804787234","0.892287234043","0.285904255319"
"64","0.823436702128","0.892287234043","0.234042553191"
"65","0.823090425532","0.892287234043","0.271276595745"
"66","0.823474468085","0.892287234043","0.279255319149"
"67","0.823836569149","0.892287234043","0.316489361702"
"68","0.823706648936","0.892287234043","0.313829787234"
"69","0.823206515957","0.892287234043","0.275265957447"
"70","0.823596010638","0.892287234043","0.273936170213"
"71","0.824270212766","0.892287234043","0.226063829787"
"72","0.824452526596","0.892287234043","0.268617021277"
"73","0.824564494681","0.892287234043","0.280585106383"
"74","0.824473138298","0.892287234043","0.288563829787"
"75","0.824019414894","0.892287234043","0.239361702128"
"76","0.825950797872","0.892287234043","0.224734042553"
"77","0.825455452128","0.892287234043","0.24335106383"
"78","0.824552925532","0.892287234043","0.24335106383"
"79","0.825729388298","0.892287234043","0.267287234043"
"80","0.824046409574","0.892287234043","0.235372340426"
"81","0.824357579787","0.892287234043","0.288563829787"
"82","0.824238164894","0.892287234043","0.226063829787"
"83","0.825853856383","0.892287234043","0.261968085106"
"84","0.825062234043","0.892287234043","0.288563829787"
"85","0.826149601064","0.892287234043","0.31914893617"
"86","0.825202925532","0.892287234043","0.308510638298"
"87","0.826461037234","0.892287234043","0.292553191489"
"88","0.8270375","0.892287234043","0.285904255319"
"89","0.82673962766","0.892287234043","0.284574468085"
"90","0.827536037234","0.892287234043","0.309840425532"
"91","0.826489228723","0.892287234043","0.271276595745"
"92","0.82589893617","0.892287234043","0.300531914894"
"93","0.825543617021","0.892287234043","0.291223404255"
"94","0.826798005319","0.892287234043","0.273936170213"
"95","0.827357845745","0.892287234043","0.283244680851"
"96","0.827121143617","0.892287234043","0.292553191489"
"97","0.826603989362","0.892287234043","0.268617021277"
"98","0.826830319149","0.892287234043","0.267287234043"
"99","0.827132047872","0.892287234043","0.316489361702"
"100","0.827921010638","0.892287234043","0.293882978723"
"101","0.827425930851","0.892287234043","0.281914893617"
"102","0.826307712766","0.892287234043","0.287234042553"
"103","0.826696409574","0.892287234043","0.291223404255"
"104","0.826903723404","0.892287234043","0.280585106383"
"105","0.826194547872","0.892287234043","0.277925531915"
"106","0.827474734043","0.892287234043","0.300531914894"
"107","0.827071808511","0.892287234043","0.287234042553"
"108","0.82883337766","0.892287234043","0.277925531915"
"109","0.827901196809","0.892287234043","0.293882978723"
"110","0.828373803191","0.892287234043","0.280585106383"
"111","0.828911037234","0.892287234043","0.261968085106"
"112","0.826915957447","0.892287234043","0.284574468085"
"113","0.827232047872","0.892287234043","0.279255319149"
"114","0.828090159574","0.892287234043","0.267287234043"
"115","0.828680053191","0.892287234043","0.273936170213"
"116","0.827962101064","0.892287234043","0.31914893617"
"117","0.828066489362","0.892287234043","0.295212765957"
"118","0.828382180851","0.892287234043","0.272606382979"
"119","0.828268617021","0.892287234043","0.248670212766"
"120","0.828274202128","0.892287234043","0.269946808511"
"121","0.829196010638","0.892287234043","0.303191489362"
"122","0.829632180851","0.892287234043","0.307180851064"
"123","0.828824734043","0.892287234043","0.272606382979"
"124","0.829011569149","0.892287234043","0.247340425532"
"125","0.827731382979","0.892287234043","0.3125"
"126","0.827977925532","0.892287234043","0.304521276596"
"127","0.829347739362","0.892287234043","0.271276595745"
"128","0.829613164894","0.892287234043","0.284574468085"
"129","0.829227393617","0.892287234043","0.276595744681"
"130","0.82873018617","0.892287234043","0.259308510638"
"131","0.828436303191","0.892287234043","0.279255319149"
"132","0.827987101064","0.892287234043","0.343085106383"
"133","0.829341489362","0.892287234043","0.277925531915"
"134","0.830468351064","0.892287234043","0.272606382979"
"135","0.830265026596","0.892287234043","0.281914893617"
"136","0.829575664894","0.892287234043","0.309840425532"
"137","0.830226994681","0.892287234043","0.333776595745"
"138","0.828280585106","0.892287234043","0.279255319149"
"139","0.829436303191","0.892287234043","0.283244680851"
"140","0.829056781915","0.892287234043","0.244680851064"
"141","0.82890212766","0.892287234043","0.279255319149"
"142","0.829170478723","0.892287234043","0.253989361702"
"143","0.829559840426","0.892287234043","0.216755319149"
"144","0.829711303191","0.892287234043","0.240691489362"
"145","0.831218484043","0.892287234043","0.328457446809"
"146","0.83037393617","0.892287234043","0.316489361702"
"147","0.830882978723","0.892287234043","0.275265957447"
"148","0.830765425532","0.892287234043","0.329787234043"
"149","0.830052260638","0.892287234043","0.273936170213"
"150","0.831265026596","0.892287234043","0.285904255319"
"151","0.830714361702","0.892287234043","0.220744680851"
"152","0.832210904255","0.892287234043","0.308510638298"
"153","0.829957446809","0.892287234043","0.23670212766"
"154","0.831055851064","0.892287234043","0.275265957447"
"155","0.830004787234","0.892287234043","0.317819148936"
"156","0.830759840426","0.892287234043","0.288563829787"
"157","0.831212765957","0.892287234043","0.271276595745"
"158","0.831024867021","0.892287234043","0.226063829787"
"159","0.82916143617","0.892287234043","0.293882978723"
"160","0.830256382979","0.892287234043","0.280585106383"
"161","0.830169946809","0.892287234043","0.25664893617"
"162","0.830371276596","0.892287234043","0.31914893617"
"163","0.831221808511","0.892287234043","0.315159574468"
"164","0.831840159574","0.892287234043","0.320478723404"
"165","0.830775531915","0.892287234043","0.313829787234"
"166","0.83017287234","0.892287234043","0.337765957447"
"167","0.83115212766","0.892287234043","0.311170212766"
"168","0.83131037234","0.892287234043","0.277925531915"
"169","0.831053723404","0.892287234043","0.29920212766"
"170","0.83243125","0.892287234043","0.292553191489"
"171","0.832661037234","0.892287234043","0.324468085106"
"172","0.831453058511","0.892287234043","0.287234042553"
"173","0.832389893617","0.892287234043","0.293882978723"
"174","0.832353191489","0.892287234043","0.303191489362"
"175","0.831823537234","0.892287234043","0.287234042553"
"176","0.832480585106","0.892287234043","0.289893617021"
"177","0.832790292553","0.892287234043","0.281914893617"
"178","0.832845744681","0.892287234043","0.30585106383"
"179","0.8330625","0.892287234043","0.311170212766"
"180","0.832262898936","0.892287234043","0.264627659574"
"181","0.833160505319","0.892287234043","0.277925531915"
"182","0.832791489362","0.892287234043","0.281914893617"
"183","0.832465691489","0.892287234043","0.265957446809"
"184","0.832799734043","0.892287234043","0.304521276596"
"185","0.831665558511","0.892287234043","0.276595744681"
"186","0.831595478723","0.892287234043","0.210106382979"
"187","0.831740159574","0.892287234043","0.308510638298"
"188","0.831430984043","0.892287234043","0.332446808511"
"189","0.832171409574","0.892287234043","0.303191489362"
"190","0.833036835106","0.892287234043","0.31914893617"
"191","0.832800664894","0.892287234043","0.323138297872"
"192","0.833782047872","0.892287234043","0.324468085106"
"193","0.832493617021","0.892287234043","0.332446808511"
"194","0.831783909574","0.892287234043","0.301861702128"
"195","0.83235106383","0.892287234043","0.24335106383"
"196","0.832321941489","0.892287234043","0.303191489362"
"197","0.832534574468","0.892287234043","0.273936170213"
"198","0.832054920213","0.892287234043","0.321808510638"
"199","0.832681781915","0.892287234043","0.26329787234"
"200","0.833209042553","0.892287234043","0.295212765957"
"201","0.832858909574","0.892287234043","0.211436170213"
"202","0.834004787234","0.892287234043","0.296542553191"
"203","0.835089494681","0.892287234043","0.32579787234"
"204","0.832311037234","0.892287234043","0.288563829787"
"205","0.83290412234","0.892287234043","0.296542553191"
"206","0.833784308511","0.892287234043","0.323138297872"
"207","0.833156117021","0.892287234043","0.335106382979"
"208","0.833926994681","0.892287234043","0.255319148936"
"209","0.834295212766","0.892287234043","0.317819148936"
"210","0.834169015957","0.892287234043","0.327127659574"
"211","0.831828324468","0.892287234043","0.292553191489"
"212","0.833193617021","0.892287234043","0.287234042553"
"213","0.832151861702","0.892287234043","0.308510638298"
"214","0.83350625","0.892287234043","0.271276595745"
"215","0.834672074468","0.892287234043","0.323138297872"
"216","0.833708643617","0.892287234043","0.289893617021"
"217","0.833417287234","0.892287234043","0.297872340426"
"218","0.834129654255","0.892287234043","0.288563829787"
"219","0.833576329787","0.892287234043","0.323138297872"
"220","0.833395345745","0.892287234043","0.329787234043"
"221","0.834473670213","0.892287234043","0.304521276596"
"222","0.834940957447","0.892287234043","0.228723404255"
"223","0.833717154255","0.892287234043","0.272606382979"
"224","0.833696276596","0.892287234043","0.273936170213"
"225","0.833064494681","0.892287234043","0.283244680851"
"226","0.833105851064","0.892287234043","0.280585106383"
"227","0.832352925532","0.892287234043","0.265957446809"
"228","0.833673404255","0.892287234043","0.281914893617"
"229","0.834003457447","0.892287234043","0.288563829787"
"230","0.834148537234","0.892287234043","0.292553191489"
"231","0.833308776596","0.892287234043","0.328457446809"
"232","0.832903191489","0.892287234043","0.279255319149"
"233","0.835300265957","0.892287234043","0.303191489362"
"234","0.834649468085","0.892287234043","0.308510638298"
"235","0.835664494681","0.892287234043","0.320478723404"
"236","0.834231117021","0.892287234043","0.311170212766"
"237","0.833528058511","0.892287234043","0.297872340426"
"238","0.833207845745","0.892287234043","0.281914893617"
"239","0.835078058511","0.892287234043","0.304521276596"
"240","0.833299601064","0.892287234043","0.328457446809"
"241","0.834865824468","0.892287234043","0.281914893617"
"242","0.834779255319","0.892287234043","0.324468085106"
"243","0.833250132979","0.892287234043","0.287234042553"
"244","0.833645744681","0.892287234043","0.36835106383"
"245","0.834123138298","0.892287234043","0.309840425532"
"246","0.833702393617","0.892287234043","0.333776595745"
"247","0.833036968085","0.892287234043","0.291223404255"
"248","0.834625797872","0.892287234043","0.316489361702"
"249","0.834410106383","0.892287234043","0.328457446809"
"250","0.833835771277","0.892287234043","0.321808510638"
"251","0.834361968085","0.892287234043","0.309840425532"
"252","0.834786569149","0.892287234043","0.244680851064"
"253","0.833847473404","0.892287234043","0.31914893617"
"254","0.834961835106","0.892287234043","0.292553191489"
"255","0.835217420213","0.892287234043","0.316489361702"
"256","0.835496542553","0.892287234043","0.31914893617"
"257","0.834628856383","0.892287234043","0.332446808511"
"258","0.835576462766","0.892287234043","0.337765957447"
"259","0.834377925532","0.892287234043","0.291223404255"
"260","0.835539893617","0.892287234043","0.288563829787"
"261","0.834943351064","0.892287234043","0.280585106383"
"262","0.834450398936","0.892287234043","0.335106382979"
"263","0.833496675532","0.892287234043","0.32579787234"
"264","0.835201462766","0.892287234043","0.307180851064"
"265","0.834328856383","0.892287234043","0.308510638298"
"266","0.834852260638","0.892287234043","0.273936170213"
"267","0.835554521277","0.892287234043","0.321808510638"
"268","0.834032579787","0.892287234043","0.23670212766"
"269","0.834156648936","0.892287234043","0.246010638298"
"270","0.835651994681","0.892287234043","0.336436170213"
"271","0.836292154255","0.892287234043","0.301861702128"
"272","0.835337234043","0.892287234043","0.324468085106"
"273","0.835817819149","0.892287234043","0.280585106383"
"274","0.834790026596","0.892287234043","0.32579787234"
"275","0.835385904255","0.892287234043","0.328457446809"
"276","0.834571276596","0.892287234043","0.223404255319"
"277","0.834892287234","0.892287234043","0.329787234043"
"278","0.834890292553","0.892287234043","0.307180851064"
"279","0.835921808511","0.892287234043","0.332446808511"
"280","0.835893085106","0.892287234043","0.269946808511"
"281","0.836546675532","0.892287234043","0.29920212766"
"282","0.835347340426","0.892287234043","0.287234042553"
"283","0.835359175532","0.892287234043","0.296542553191"
"284","0.835461170213","0.892287234043","0.29920212766"
"285","0.834568484043","0.892287234043","0.291223404255"
"286","0.83624481383","0.892287234043","0.335106382979"
"287","0.835797473404","0.892287234043","0.324468085106"
"288","0.835447074468","0.892287234043","0.321808510638"
"289","0.835532446809","0.892287234043","0.328457446809"
"290","0.83701875","0.892287234043","0.300531914894"
"291","0.836397340426","0.892287234043","0.265957446809"
"292","0.836582845745","0.892287234043","0.273936170213"
"293","0.835454787234","0.892287234043","0.267287234043"
"294","0.833989228723","0.892287234043","0.269946808511"
"295","0.835141356383","0.892287234043","0.293882978723"
"296","0.836159574468","0.892287234043","0.344414893617"
"297","0.835879255319","0.892287234043","0.3125"
"298","0.835954920213","0.892287234043","0.328457446809"
"299","0.835301196809","0.892287234043","0.285904255319"
"300","0.835437898936","0.892287234043","0.328457446809"
"301","0.835647606383","0.892287234043","0.331117021277"
"302","0.836828723404","0.892287234043","0.287234042553"
"303","0.838038829787","0.892287234043","0.323138297872"
"304","0.83658125","0.892287234043","0.324468085106"
"305","0.836069281915","0.892287234043","0.336436170213"
"306","0.836688031915","0.892287234043","0.281914893617"
"307","0.83603537234","0.892287234043","0.320478723404"
"308","0.836994547872","0.892287234043","0.329787234043"
"309","0.835429255319","0.892287234043","0.32579787234"
"310","0.836179255319","0.892287234043","0.327127659574"
"311","0.836148138298","0.892287234043","0.222074468085"
"312","0.836411569149","0.892287234043","0.303191489362"
"313","0.834473271277","0.892287234043","0.31914893617"
"314","0.836494547872","0.892287234043","0.228723404255"
"315","0.83696662234","0.892287234043","0.321808510638"
"316","0.836148005319","0.892287234043","0.3125"
"317","0.836521941489","0.892287234043","0.32579787234"
"318","0.836638696809","0.892287234043","0.30585106383"
"319","0.83571981383","0.892287234043","0.296542553191"
"320","0.837245079787","0.892287234043","0.308510638298"
"321","0.836407978723","0.892287234043","0.272606382979"
"322","0.836522473404","0.892287234043","0.296542553191"
"323","0.836435638298","0.892287234043","0.29920212766"
"324","0.83609268617","0.892287234043","0.292553191489"
"325","0.83770518617","0.892287234043","0.29920212766"
"326","0.836305053191","0.892287234043","0.279255319149"
"327","0.837589095745","0.892287234043","0.332446808511"
"328","0.837209973404","0.892287234043","0.293882978723"
"329","0.837544148936","0.892287234043","0.297872340426"
"330","0.837180319149","0.892287234043","0.255319148936"
"331","0.836520744681","0.892287234043","0.32579787234"
"332","0.836565159574","0.892287234043","0.317819148936"
"333","0.836012898936","0.892287234043","0.31914893617"
"334","0.836378324468","0.892287234043","0.324468085106"
"335","0.835995611702","0.892287234043","0.336436170213"
"336","0.836144148936","0.892287234043","0.264627659574"
"337","0.837585505319","0.892287234043","0.333776595745"
"338","0.836503058511","0.892287234043","0.320478723404"
"339","0.836041755319","0.892287234043","0.287234042553"
"340","0.836299468085","0.892287234043","0.348404255319"
"341","0.83646037234","0.892287234043","0.277925531915"
"342","0.836104654255","0.892287234043","0.296542553191"
"343","0.835690026596","0.892287234043","0.292553191489"
"344","0.836640026596","0.892287234043","0.345744680851"
"345","0.836215824468","0.892287234043","0.316489361702"
"346","0.836254521277","0.892287234043","0.292553191489"
"347","0.837683909574","0.892287234043","0.327127659574"
"348","0.836449734043","0.892287234043","0.316489361702"
"349","0.837821542553","0.892287234043","0.315159574468"
"350","0.838328191489","0.892287234043","0.277925531915"
"351","0.838226994681","0.892287234043","0.320478723404"
"352","0.837370212766","0.892287234043","0.295212765957"
"353","0.836283111702","0.892287234043","0.321808510638"
"354","0.836578457447","0.892287234043","0.300531914894"
"355","0.83657393617","0.892287234043","0.329787234043"
"356","0.837288962766","0.892287234043","0.307180851064"
"357","0.836677659574","0.892287234043","0.265957446809"
"358","0.837410638298","0.892287234043","0.320478723404"
"359","0.837169281915","0.892287234043","0.327127659574"
"360","0.837312101064","0.892287234043","0.327127659574"
"361","0.837808643617","0.892287234043","0.257978723404"
"362","0.83625731383","0.892287234043","0.268617021277"
"363","0.836520079787","0.892287234043","0.311170212766"
"364","0.836984840426","0.892287234043","0.277925531915"
"365","0.837196010638","0.892287234043","0.320478723404"
"366","0.838073138298","0.892287234043","0.357712765957"
"367","0.838136170213","0.892287234043","0.328457446809"
"368","0.837145345745","0.892287234043","0.300531914894"
"369","0.836707579787","0.892287234043","0.281914893617"
"370","0.837986835106","0.892287234043","0.316489361702"
"371","0.837374867021","0.892287234043","0.235372340426"
"372","0.837160638298","0.892287234043","0.328457446809"
"373","0.837760904255","0.892287234043","0.31914893617"
"374","0.83819162234","0.892287234043","0.248670212766"
"375","0.836558510638","0.892287234043","0.335106382979"
"376","0.837701861702","0.892287234043","0.336436170213"
"377","0.838201861702","0.892287234043","0.29920212766"
"378","0.837199601064","0.892287234043","0.287234042553"
"379","0.837465159574","0.892287234043","0.304521276596"
"380","0.838207978723","0.892287234043","0.293882978723"
"381","0.836997739362","0.892287234043","0.333776595745"
"382","0.83813537234","0.892287234043","0.289893617021"
"383","0.837096675532","0.892287234043","0.293882978723"
"384","0.838033111702","0.892287234043","0.333776595745"
"385","0.837565691489","0.892287234043","0.320478723404"
"386","0.83693337766","0.892287234043","0.308510638298"
"387","0.837759973404","0.892287234043","0.328457446809"
"388","0.837831117021","0.892287234043","0.311170212766"
"389","0.836753856383","0.892287234043","0.304521276596"
"390","0.837155984043","0.892287234043","0.329787234043"
"391","0.837648537234","0.892287234043","0.280585106383"
"392","0.836979787234","0.892287234043","0.273936170213"
"393","0.838057180851","0.892287234043","0.289893617021"
"394","0.836475398936","0.892287234043","0.234042553191"
"395","0.836076994681","0.892287234043","0.304521276596"
"396","0.837589228723","0.892287234043","0.284574468085"
"397","0.837305718085","0.892287234043","0.252659574468"
"398","0.839086303191","0.892287234043","0.311170212766"
"399","0.837367819149","0.892287234043","0.281914893617"
"400","0.837939494681","0.892287234043","0.344414893617"
"401","0.837126595745","0.892287234043","0.301861702128"
"402","0.837273138298","0.892287234043","0.284574468085"
"403","0.839054787234","0.892287234043","0.304521276596"
"404","0.837136702128","0.892287234043","0.283244680851"
"405","0.836296941489","0.892287234043","0.281914893617"
"406","0.836156781915","0.892287234043","0.345744680851"
"407","0.8376125","0.892287234043","0.332446808511"
"408","0.838301994681","0.892287234043","0.277925531915"
"409","0.837710904255","0.892287234043","0.257978723404"
"410","0.837989361702","0.892287234043","0.288563829787"
"411","0.837933111702","0.892287234043","0.304521276596"
"412","0.837751994681","0.892287234043","0.337765957447"
"413","0.839380585106","0.892287234043","0.288563829787"
"414","0.838363696809","0.892287234043","0.335106382979"
"415","0.839426329787","0.892287234043","0.283244680851"
"416","0.838254787234","0.892287234043","0.323138297872"
"417","0.837648803191","0.892287234043","0.303191489362"
"418","0.837984574468","0.892287234043","0.340425531915"
"419","0.838752792553","0.892287234043","0.347074468085"
"420","0.836906781915","0.892287234043","0.3125"
"421","0.836938031915","0.892287234043","0.329787234043"
"422","0.83750625","0.892287234043","0.280585106383"
"423","0.837709175532","0.892287234043","0.345744680851"
"424","0.838608244681","0.892287234043","0.293882978723"
"425","0.838057978723","0.892287234043","0.284574468085"
"426","0.83946143617","0.892287234043","0.327127659574"
"427","0.838690957447","0.892287234043","0.30585106383"
"428","0.838059973404","0.892287234043","0.31914893617"
"429","0.837811968085","0.892287234043","0.291223404255"
"430","0.839251462766","0.892287234043","0.295212765957"
"431","0.839090425532","0.892287234043","0.336436170213"
"432","0.838299335106","0.892287234043","0.304521276596"
"433","0.83814787234","0.892287234043","0.248670212766"
"434","0.838829920213","0.892287234043","0.339095744681"
"435","0.838370611702","0.892287234043","0.289893617021"
"436","0.839360771277","0.892287234043","0.317819148936"
"437","0.838234973404","0.892287234043","0.333776595745"
"438","0.83885518617","0.892287234043","0.32579787234"
"439","0.839138297872","0.892287234043","0.31914893617"
"440","0.838553324468","0.892287234043","0.280585106383"
"441","0.838410505319","0.892287234043","0.316489361702"
"442","0.83734268617","0.892287234043","0.242021276596"
"443","0.837789893617","0.892287234043","0.23670212766"
"444","0.838396409574","0.892287234043","0.320478723404"
"445","0.838093484043","0.892287234043","0.336436170213"
"446","0.837796542553","0.892287234043","0.313829787234"
"447","0.838102792553","0.892287234043","0.343085106383"
"448","0.83938018617","0.892287234043","0.304521276596"
"449","0.838205984043","0.892287234043","0.317819148936"
"450","0.839420611702","0.892287234043","0.280585106383"
"451","0.83889162234","0.892287234043","0.285904255319"
"452","0.837992553191","0.892287234043","0.303191489362"
"453","0.837489760638","0.892287234043","0.336436170213"
"454","0.837227526596","0.892287234043","0.327127659574"
"455","0.837362632979","0.892287234043","0.284574468085"
"456","0.83816768617","0.892287234043","0.331117021277"
"457","0.838193218085","0.892287234043","0.356382978723"
"458","0.837923138298","0.892287234043","0.238031914894"
"459","0.839415957447","0.892287234043","0.336436170213"
"460","0.83948231383","0.892287234043","0.283244680851"
"461","0.838661968085","0.892287234043","0.296542553191"
"462","0.837677925532","0.892287234043","0.324468085106"
"463","0.838219680851","0.892287234043","0.287234042553"
"464","0.837286702128","0.892287234043","0.337765957447"
"465","0.839350531915","0.892287234043","0.32579787234"
"466","0.838455718085","0.892287234043","0.268617021277"
"467","0.838934441489","0.892287234043","0.280585106383"
"468","0.839137632979","0.892287234043","0.345744680851"
"469","0.840691356383","0.892287234043","0.296542553191"
"470","0.8390625","0.892287234043","0.31914893617"
"471","0.838815558511","0.892287234043","0.277925531915"
"472","0.838523005319","0.892287234043","0.337765957447"
"473","0.838793351064","0.892287234043","0.315159574468"
"474","0.837696675532","0.892287234043","0.323138297872"
"475","0.839592819149","0.892287234043","0.297872340426"
"476","0.838841356383","0.892287234043","0.343085106383"
"477","0.838240691489","0.892287234043","0.327127659574"
"478","0.838839893617","0.892287234043","0.304521276596"
"479","0.838509441489","0.892287234043","0.304521276596"
"480","0.839950531915","0.892287234043","0.308510638298"
"481","0.839163962766","0.892287234043","0.301861702128"
"482","0.839293617021","0.892287234043","0.287234042553"
"483","0.839226595745","0.892287234043","0.292553191489"
"484","0.838269015957","0.892287234043","0.340425531915"
"485","0.838494148936","0.892287234043","0.296542553191"
"486","0.838911037234","0.892287234043","0.289893617021"
"487","0.83819162234","0.892287234043","0.329787234043"
"488","0.837650265957","0.892287234043","0.303191489362"
"489","0.839189760638","0.892287234043","0.327127659574"
"490","0.837689893617","0.892287234043","0.335106382979"
"491","0.838641888298","0.892287234043","0.291223404255"
"492","0.839720478723","0.892287234043","0.347074468085"
"493","0.839445212766","0.892287234043","0.297872340426"
"494","0.837420212766","0.892287234043","0.316489361702"
"495","0.839367420213","0.892287234043","0.332446808511"
"496","0.838459441489","0.892287234043","0.327127659574"
"497","0.838669547872","0.892287234043","0.316489361702"
"498","0.837933776596","0.892287234043","0.336436170213"
"499","0.83887287234","0.892287234043","0.31914893617"
"500","0.839110771277","0.892287234043","0.295212765957"
"501","0.839288696809","0.892287234043","0.337765957447"
"502","0.839041755319","0.892287234043","0.345744680851"
"503","0.839776595745","0.892287234043","0.323138297872"
"504","0.839112234043","0.892287234043","0.336436170213"
"505","0.838364228723","0.892287234043","0.276595744681"
"506","0.838636170213","0.892287234043","0.339095744681"
"507","0.840325531915","0.892287234043","0.332446808511"
"508","0.839785239362","0.892287234043","0.246010638298"
"509","0.839626861702","0.892287234043","0.303191489362"
"510","0.840082047872","0.892287234043","0.345744680851"
"511","0.839907978723","0.892287234043","0.336436170213"
"512","0.839784707447","0.892287234043","0.275265957447"
"513","0.840258510638","0.892287234043","0.292553191489"
"514","0.839247207447","0.892287234043","0.351063829787"
"515","0.838825797872","0.892287234043","0.328457446809"
"516","0.839063164894","0.892287234043","0.307180851064"
"517","0.839219015957","0.892287234043","0.320478723404"
"518","0.83899162234","0.892287234043","0.311170212766"
"519","0.837672207447","0.892287234043","0.323138297872"
"520","0.839015824468","0.892287234043","0.336436170213"
"521","0.837686569149","0.892287234043","0.336436170213"
"522","0.839729255319","0.892287234043","0.3125"
"523","0.839146542553","0.892287234043","0.279255319149"
"524","0.839393484043","0.892287234043","0.335106382979"
"525","0.838333510638","0.892287234043","0.228723404255"
"526","0.839297207447","0.892287234043","0.332446808511"
"527","0.839164361702","0.892287234043","0.284574468085"
"528","0.83941356383","0.892287234043","0.335106382979"
"529","0.838093085106","0.892287234043","0.345744680851"
"530","0.83947393617","0.892287234043","0.301861702128"
"531","0.840578723404","0.892287234043","0.279255319149"
"532","0.840759840426","0.892287234043","0.340425531915"
"533","0.840202393617","0.892287234043","0.329787234043"
"534","0.841012367021","0.892287234043","0.329787234043"
"535","0.840483510638","0.892287234043","0.340425531915"
"536","0.839702792553","0.892287234043","0.324468085106"
"537","0.838936303191","0.892287234043","0.288563829787"
"538","0.839628989362","0.892287234043","0.332446808511"
"539","0.839199202128","0.892287234043","0.301861702128"
"540","0.840149601064","0.892287234043","0.331117021277"
"541","0.839509840426","0.892287234043","0.357712765957"
"542","0.840876861702","0.892287234043","0.331117021277"
"543","0.839825930851","0.892287234043","0.311170212766"
"544","0.840460106383","0.892287234043","0.317819148936"
"545","0.837635771277","0.892287234043","0.321808510638"
"546","0.839646542553","0.892287234043","0.341755319149"
"547","0.83901356383","0.892287234043","0.276595744681"
"548","0.838261303191","0.892287234043","0.292553191489"
"549","0.838258776596","0.892287234043","0.333776595745"
"550","0.840227526596","0.892287234043","0.333776595745"
"551","0.838646941489","0.892287234043","0.268617021277"
"552","0.839687101064","0.892287234043","0.337765957447"
"553","0.839582978723","0.892287234043","0.297872340426"
"554","0.839994547872","0.892287234043","0.331117021277"
"555","0.838921808511","0.892287234043","0.284574468085"
"556","0.839639893617","0.892287234043","0.295212765957"
"557","0.840141888298","0.892287234043","0.29920212766"
"558","0.839154255319","0.892287234043","0.321808510638"
"559","0.839230585106","0.892287234043","0.293882978723"
"560","0.839947473404","0.892287234043","0.301861702128"
"561","0.838165425532","0.892287234043","0.285904255319"
"562","0.838568218085","0.892287234043","0.296542553191"
"563","0.838887367021","0.892287234043","0.271276595745"
"564","0.838989893617","0.892287234043","0.331117021277"
"565","0.839741356383","0.892287234043","0.328457446809"
"566","0.83904162234","0.892287234043","0.29920212766"
"567","0.839317154255","0.892287234043","0.327127659574"
"568","0.841829255319","0.892287234043","0.3125"
"569","0.840138430851","0.892287234043","0.341755319149"
"570","0.839803989362","0.892287234043","0.335106382979"
"571","0.839796808511","0.892287234043","0.297872340426"
"572","0.83981462766","0.892287234043","0.321808510638"
"573","0.839542154255","0.892287234043","0.317819148936"
"574","0.839408909574","0.892287234043","0.277925531915"
"575","0.838717021277","0.892287234043","0.315159574468"
"576","0.840161037234","0.892287234043","0.329787234043"
"577","0.840207579787","0.892287234043","0.337765957447"
"578","0.840288829787","0.892287234043","0.329787234043"
"579","0.839961835106","0.892287234043","0.232712765957"
"580","0.839969414894","0.892287234043","0.218085106383"
"581","0.840643882979","0.892287234043","0.337765957447"
"582","0.840067021277","0.892287234043","0.288563829787"
"583","0.84052287234","0.892287234043","0.311170212766"
"584","0.840333244681","0.892287234043","0.309840425532"
"585","0.839047340426","0.892287234043","0.339095744681"
"586","0.841125797872","0.892287234043","0.316489361702"
"587","0.840245478723","0.892287234043","0.337765957447"
"588","0.840652260638","0.892287234043","0.331117021277"
"589","0.840330585106","0.892287234043","0.320478723404"
"590","0.839776595745","0.892287234043","0.335106382979"
"591","0.841163696809","0.892287234043","0.297872340426"
"592","0.840890957447","0.892287234043","0.324468085106"
"593","0.840059175532","0.892287234043","0.311170212766"
"594","0.840508909574","0.892287234043","0.335106382979"
"595","0.840301861702","0.892287234043","0.324468085106"
"596","0.839777393617","0.892287234043","0.303191489362"
"597","0.839491489362","0.892287234043","0.347074468085"
"598","0.839209175532","0.892287234043","0.336436170213"
"599","0.840513696809","0.892287234043","0.329787234043"
"600","0.840414228723","0.892287234043","0.283244680851"
"601","0.840150664894","0.892287234043","0.345744680851"
"602","0.83952287234","0.892287234043","0.335106382979"
"603","0.840085904255","0.892287234043","0.320478723404"
"604","0.840831648936","0.892287234043","0.26329787234"
"605","0.840472074468","0.892287234043","0.23670212766"
"606","0.840696409574","0.892287234043","0.335106382979"
"607","0.839949601064","0.892287234043","0.32579787234"
"608","0.839439893617","0.892287234043","0.316489361702"
"609","0.839121143617","0.892287234043","0.321808510638"
"610","0.840471542553","0.892287234043","0.341755319149"
"611","0.840605319149","0.892287234043","0.307180851064"
"612","0.840002526596","0.892287234043","0.289893617021"
"613","0.839876595745","0.892287234043","0.279255319149"
"614","0.840195212766","0.892287234043","0.320478723404"
"615","0.841012101064","0.892287234043","0.30585106383"
"616","0.840359175532","0.892287234043","0.293882978723"
"617","0.840321143617","0.892287234043","0.32579787234"
"618","0.840374202128","0.892287234043","0.32579787234"
"619","0.840059441489","0.892287234043","0.32579787234"
"620","0.841452393617","0.892287234043","0.335106382979"
"621","0.841662101064","0.892287234043","0.289893617021"
"622","0.840330319149","0.892287234043","0.328457446809"
"623","0.841872473404","0.892287234043","0.340425531915"
"624","0.840688297872","0.892287234043","0.304521276596"
"625","0.840473670213","0.892287234043","0.313829787234"
"626","0.840259574468","0.892287234043","0.336436170213"
"627","0.841023404255","0.892287234043","0.281914893617"
"628","0.840366489362","0.892287234043","0.276595744681"
"629","0.839923404255","0.892287234043","0.291223404255"
"630","0.839895478723","0.892287234043","0.335106382979"
"631","0.841155718085","0.892287234043","0.336436170213"
"632","0.840317021277","0.892287234043","0.231382978723"
"633","0.840435239362","0.892287234043","0.317819148936"
"634","0.840199867021","0.892287234043","0.349734042553"
"635","0.841245345745","0.892287234043","0.339095744681"
"636","0.841337632979","0.892287234043","0.339095744681"
"637","0.841777260638","0.892287234043","0.30585106383"
"638","0.839801728723","0.892287234043","0.336436170213"
"639","0.840177526596","0.892287234043","0.343085106383"
"640","0.841657180851","0.892287234043","0.335106382979"
"641","0.840888430851","0.892287234043","0.320478723404"
"642","0.841454255319","0.892287234043","0.333776595745"
"643","0.84160212766","0.892287234043","0.335106382979"
"644","0.841715425532","0.892287234043","0.329787234043"
"645","0.840725531915","0.892287234043","0.283244680851"
"646","0.84100212766","0.892287234043","0.321808510638"
"647","0.83945837766","0.892287234043","0.308510638298"
"648","0.840091755319","0.892287234043","0.336436170213"
"649","0.840625132979","0.892287234043","0.323138297872"
"650","0.840471941489","0.892287234043","0.259308510638"
"651","0.840870611702","0.892287234043","0.332446808511"
"652","0.839274734043","0.892287234043","0.333776595745"
"653","0.840096675532","0.892287234043","0.239361702128"
"654","0.839977792553","0.892287234043","0.280585106383"
"655","0.839196808511","0.892287234043","0.324468085106"
"656","0.84127087766","0.892287234043","0.301861702128"
"657","0.840349867021","0.892287234043","0.281914893617"
"658","0.840303856383","0.892287234043","0.289893617021"
"659","0.840931515957","0.892287234043","0.280585106383"
"660","0.839871675532","0.892287234043","0.297872340426"
"661","0.840788164894","0.892287234043","0.288563829787"
"662","0.841604388298","0.892287234043","0.343085106383"
"663","0.840650531915","0.892287234043","0.331117021277"
"664","0.84116875","0.892287234043","0.357712765957"
"665","0.840434042553","0.892287234043","0.287234042553"
"666","0.841530319149","0.892287234043","0.3125"
"667","0.840617021277","0.892287234043","0.335106382979"
"668","0.841761835106","0.892287234043","0.329787234043"
"669","0.840401595745","0.892287234043","0.272606382979"
"670","0.840231914894","0.892287234043","0.351063829787"
"671","0.840430319149","0.892287234043","0.347074468085"
"672","0.840485505319","0.892287234043","0.344414893617"
"673","0.841242553191","0.892287234043","0.32579787234"
"674","0.840530053191","0.892287234043","0.332446808511"
"675","0.84148337766","0.892287234043","0.341755319149"
"676","0.841078590426","0.892287234043","0.349734042553"
"677","0.841579388298","0.892287234043","0.269946808511"
"678","0.840803191489","0.892287234043","0.308510638298"
"679","0.841056515957","0.892287234043","0.30585106383"
"680","0.840023404255","0.892287234043","0.336436170213"
"681","0.841000398936","0.892287234043","0.343085106383"
"682","0.84105212766","0.892287234043","0.331117021277"
"683","0.842531515957","0.892287234043","0.347074468085"
"684","0.841356515957","0.892287234043","0.332446808511"
"685","0.841254255319","0.892287234043","0.247340425532"
"686","0.840669148936","0.892287234043","0.308510638298"
"687","0.840101728723","0.892287234043","0.333776595745"
"688","0.841524734043","0.892287234043","0.30585106383"
"689","0.841425797872","0.892287234043","0.329787234043"
"690","0.840164494681","0.892287234043","0.340425531915"
"691","0.841500398936","0.892287234043","0.320478723404"
"692","0.842763962766","0.892287234043","0.327127659574"
"693","0.841306382979","0.892287234043","0.327127659574"
"694","0.842358643617","0.892287234043","0.333776595745"
"695","0.842530851064","0.892287234043","0.332446808511"
"696","0.840346409574","0.892287234043","0.332446808511"
"697","0.840605319149","0.892287234043","0.321808510638"
"698","0.840797207447","0.892287234043","0.345744680851"
"699","0.840979255319","0.892287234043","0.304521276596"
"700","0.841880319149","0.892287234043","0.31914893617"
"701","0.840657579787","0.892287234043","0.327127659574"
"702","0.841716356383","0.892287234043","0.3125"
"703","0.84102912234","0.892287234043","0.332446808511"
"704","0.840966489362","0.892287234043","0.272606382979"
"705","0.841189095745","0.892287234043","0.333776595745"
"706","0.840420478723","0.892287234043","0.341755319149"
"707","0.841452792553","0.892287234043","0.331117021277"
"708","0.842013297872","0.892287234043","0.301861702128"
"709","0.842216223404","0.892287234043","0.333776595745"
"710","0.843058510638","0.892287234043","0.315159574468"
"711","0.841858244681","0.892287234043","0.295212765957"
"712","0.841578590426","0.892287234043","0.301861702128"
"713","0.841219946809","0.892287234043","0.349734042553"
"714","0.842207579787","0.892287234043","0.335106382979"
"715","0.842816356383","0.892287234043","0.323138297872"
"716","0.842026994681","0.892287234043","0.31914893617"
"717","0.841473670213","0.892287234043","0.304521276596"
"718","0.84158856383","0.892287234043","0.29920212766"
"719","0.84154375","0.892287234043","0.313829787234"
"720","0.840741755319","0.892287234043","0.284574468085"
"721","0.841406781915","0.892287234043","0.301861702128"
"722","0.84104268617","0.892287234043","0.275265957447"
"723","0.840507579787","0.892287234043","0.352393617021"
"724","0.841213829787","0.892287234043","0.340425531915"
"725","0.840252925532","0.892287234043","0.328457446809"
"726","0.839529787234","0.892287234043","0.336436170213"
"727","0.840991090426","0.892287234043","0.340425531915"
"728","0.842233643617","0.892287234043","0.333776595745"
"729","0.841954654255","0.892287234043","0.287234042553"
"730","0.841846808511","0.892287234043","0.340425531915"
"731","0.841080452128","0.892287234043","0.324468085106"
"732","0.841915159574","0.892287234043","0.347074468085"
"733","0.840718085106","0.892287234043","0.336436170213"
"734","0.841060106383","0.892287234043","0.329787234043"
"735","0.8420875","0.892287234043","0.25"
"736","0.843415558511","0.892287234043","0.280585106383"
"737","0.84286981383","0.892287234043","0.336436170213"
"738","0.841200265957","0.892287234043","0.352393617021"
"739","0.841465824468","0.892287234043","0.340425531915"
"740","0.842188031915","0.892287234043","0.351063829787"
"741","0.841640691489","0.892287234043","0.301861702128"
"742","0.840746409574","0.892287234043","0.321808510638"
"743","0.842546409574","0.892287234043","0.303191489362"
"744","0.841156914894","0.892287234043","0.333776595745"
"745","0.840430452128","0.892287234043","0.336436170213"
"746","0.840992952128","0.892287234043","0.337765957447"
"747","0.841094680851","0.892287234043","0.288563829787"
"748","0.840838164894","0.892287234043","0.301861702128"
"749","0.841319946809","0.892287234043","0.32579787234"
"750","0.84151037234","0.892287234043","0.23670212766"
"751","0.841679920213","0.892287234043","0.336436170213"
"752","0.841744414894","0.892287234043","0.30585106383"
"753","0.842653324468","0.892287234043","0.292553191489"
"754","0.842713297872","0.892287234043","0.297872340426"
"755","0.841334175532","0.892287234043","0.328457446809"
"756","0.840689228723","0.892287234043","0.29920212766"
"757","0.841716489362","0.892287234043","0.340425531915"
"758","0.842061968085","0.892287234043","0.284574468085"
"759","0.842182579787","0.892287234043","0.32579787234"
"760","0.841665691489","0.892287234043","0.308510638298"
"761","0.840256781915","0.892287234043","0.24335106383"
"762","0.842260771277","0.892287234043","0.295212765957"
"763","0.841601595745","0.892287234043","0.315159574468"
"764","0.842188031915","0.892287234043","0.280585106383"
"765","0.843606914894","0.892287234043","0.336436170213"
"766","0.842751329787","0.892287234043","0.327127659574"
"767","0.841770345745","0.892287234043","0.336436170213"
"768","0.841076196809","0.892287234043","0.343085106383"
"769","0.841507047872","0.892287234043","0.323138297872"
"770","0.84210212766","0.892287234043","0.29920212766"
"771","0.841367287234","0.892287234043","0.292553191489"
"772","0.842806781915","0.892287234043","0.345744680851"
"773","0.841001728723","0.892287234043","0.283244680851"
"774","0.840638164894","0.892287234043","0.323138297872"
"775","0.842440292553","0.892287234043","0.339095744681"
"776","0.84196768617","0.892287234043","0.30585106383"
"777","0.84268125","0.892287234043","0.333776595745"
"778","0.843401462766","0.892287234043","0.315159574468"
"779","0.842832446809","0.892287234043","0.347074468085"
"780","0.841777659574","0.892287234043","0.340425531915"
"781","0.84143643617","0.892287234043","0.340425531915"
"782","0.841278058511","0.892287234043","0.3125"
"783","0.84227712766","0.892287234043","0.329787234043"
"784","0.84058231383","0.892287234043","0.296542553191"
"785","0.8419","0.892287234043","0.283244680851"
"786","0.842384973404","0.892287234043","0.321808510638"
"787","0.841042287234","0.892287234043","0.324468085106"
"788","0.84239587766","0.892287234043","0.29920212766"
"789","0.841436170213","0.892287234043","0.352393617021"
"790","0.841563696809","0.892287234043","0.345744680851"
"791","0.842223138298","0.892287234043","0.341755319149"
"792","0.84162712766","0.892287234043","0.339095744681"
"793","0.842100265957","0.892287234043","0.356382978723"
"794","0.841378590426","0.892287234043","0.295212765957"
"795","0.841934973404","0.892287234043","0.279255319149"
"796","0.841733776596","0.892287234043","0.335106382979"
"797","0.842821542553","0.892287234043","0.295212765957"
"798","0.843272606383","0.892287234043","0.222074468085"
"799","0.841554787234","0.892287234043","0.3125"
"800","0.840250531915","0.892287234043","0.343085106383"
"801","0.842818484043","0.892287234043","0.335106382979"
"802","0.841796542553","0.892287234043","0.329787234043"
"803","0.842221409574","0.892287234043","0.329787234043"
"804","0.842649734043","0.892287234043","0.320478723404"
"805","0.842044946809","0.892287234043","0.345744680851"
"806","0.841693218085","0.892287234043","0.293882978723"
"807","0.842624468085","0.892287234043","0.337765957447"
"808","0.841929654255","0.892287234043","0.321808510638"
"809","0.84306037234","0.892287234043","0.327127659574"
"810","0.842658244681","0.892287234043","0.32579787234"
"811","0.842671808511","0.892287234043","0.313829787234"
"812","0.840870744681","0.892287234043","0.291223404255"
"813","0.841017287234","0.892287234043","0.293882978723"
"814","0.842116755319","0.892287234043","0.281914893617"
"815","0.841409973404","0.892287234043","0.29920212766"
"816","0.842171143617","0.892287234043","0.331117021277"
"817","0.841814228723","0.892287234043","0.348404255319"
"818","0.84213537234","0.892287234043","0.303191489362"
"819","0.841801329787","0.892287234043","0.337765957447"
"820","0.841046675532","0.892287234043","0.340425531915"
"821","0.84189787234","0.892287234043","0.300531914894"
"822","0.841712234043","0.892287234043","0.36170212766"
"823","0.842607047872","0.892287234043","0.343085106383"
"824","0.84192606383","0.892287234043","0.30585106383"
"825","0.841329787234","0.892287234043","0.327127659574"
"826","0.841842154255","0.892287234043","0.339095744681"
"827","0.842153058511","0.892287234043","0.315159574468"
"828","0.842586037234","0.892287234043","0.29920212766"
"829","0.84158337766","0.892287234043","0.337765957447"
"830","0.842179255319","0.892287234043","0.285904255319"
"831","0.841552792553","0.892287234043","0.340425531915"
"832","0.842432978723","0.892287234043","0.300531914894"
"833","0.842152393617","0.892287234043","0.360372340426"
"834","0.842619414894","0.892287234043","0.323138297872"
"835","0.841694680851","0.892287234043","0.335106382979"
"836","0.840031515957","0.892287234043","0.285904255319"
"837","0.842115159574","0.892287234043","0.32579787234"
"838","0.843085638298","0.892287234043","0.331117021277"
"839","0.843289893617","0.892287234043","0.335106382979"
"840","0.842721276596","0.892287234043","0.31914893617"
"841","0.842154654255","0.892287234043","0.320478723404"
"842","0.843489494681","0.892287234043","0.297872340426"
"843","0.842920744681","0.892287234043","0.347074468085"
"844","0.842116888298","0.892287234043","0.328457446809"
"845","0.842498670213","0.892287234043","0.349734042553"
"846","0.841108909574","0.892287234043","0.301861702128"
"847","0.841049867021","0.892287234043","0.268617021277"
"848","0.842904920213","0.892287234043","0.311170212766"
"849","0.842215824468","0.892287234043","0.344414893617"
"850","0.840734707447","0.892287234043","0.341755319149"
"851","0.841994680851","0.892287234043","0.316489361702"
"852","0.841015292553","0.892287234043","0.284574468085"
"853","0.842247473404","0.892287234043","0.348404255319"
"854","0.843585904255","0.892287234043","0.32579787234"
"855","0.843802526596","0.892287234043","0.347074468085"
"856","0.843323803191","0.892287234043","0.344414893617"
"857","0.842928989362","0.892287234043","0.300531914894"
"858","0.842207845745","0.892287234043","0.327127659574"
"859","0.842647606383","0.892287234043","0.347074468085"
"860","0.842672074468","0.892287234043","0.343085106383"
"861","0.843271675532","0.892287234043","0.352393617021"
"862","0.84334787234","0.892287234043","0.300531914894"
"863","0.842776196809","0.892287234043","0.333776595745"
"864","0.842505319149","0.892287234043","0.373670212766"
"865","0.84178337766","0.892287234043","0.341755319149"
"866","0.842327526596","0.892287234043","0.339095744681"
"867","0.841600930851","0.892287234043","0.320478723404"
"868","0.842075664894","0.892287234043","0.328457446809"
"869","0.842067553191","0.892287234043","0.337765957447"
"870","0.841290824468","0.892287234043","0.337765957447"
"871","0.841726462766","0.892287234043","0.335106382979"
"872","0.840344547872","0.892287234043","0.339095744681"
"873","0.841480452128","0.892287234043","0.309840425532"
"874","0.842109840426","0.892287234043","0.343085106383"
"875","0.841045744681","0.892287234043","0.327127659574"
"876","0.843769414894","0.892287234043","0.339095744681"
"877","0.844501329787","0.892287234043","0.307180851064"
"878","0.84326662234","0.892287234043","0.339095744681"
"879","0.843172074468","0.892287234043","0.316489361702"
"880","0.842410638298","0.892287234043","0.315159574468"
"881","0.841017819149","0.892287234043","0.333776595745"
"882","0.842619148936","0.892287234043","0.291223404255"
"883","0.84351037234","0.892287234043","0.301861702128"
"884","0.84278856383","0.892287234043","0.333776595745"
"885","0.842322340426","0.892287234043","0.339095744681"
"886","0.842284707447","0.892287234043","0.316489361702"
"887","0.843921542553","0.892287234043","0.348404255319"
"888","0.840763962766","0.892287234043","0.303191489362"
"889","0.841607579787","0.892287234043","0.331117021277"
"890","0.842496941489","0.892287234043","0.336436170213"
"891","0.841435771277","0.892287234043","0.288563829787"
"892","0.842331382979","0.892287234043","0.337765957447"
"893","0.842724734043","0.892287234043","0.297872340426"
"894","0.84428231383","0.892287234043","0.336436170213"
"895","0.841402260638","0.892287234043","0.332446808511"
"896","0.843487765957","0.892287234043","0.279255319149"
"897","0.843452792553","0.892287234043","0.333776595745"
"898","0.842926728723","0.892287234043","0.289893617021"
"899","0.843444015957","0.892287234043","0.337765957447"
"900","0.843494148936","0.892287234043","0.307180851064"
"901","0.841251595745","0.892287234043","0.316489361702"
"902","0.843258510638","0.892287234043","0.257978723404"
"903","0.842087765957","0.892287234043","0.307180851064"
"904","0.844198670213","0.892287234043","0.335106382979"
"905","0.843526861702","0.892287234043","0.333776595745"
"906","0.842587765957","0.892287234043","0.307180851064"
"907","0.843643484043","0.892287234043","0.316489361702"
"908","0.841319946809","0.892287234043","0.313829787234"
"909","0.84207087766","0.892287234043","0.337765957447"
"910","0.842721409574","0.892287234043","0.339095744681"
"911","0.843340159574","0.892287234043","0.337765957447"
"912","0.843163962766","0.892287234043","0.340425531915"
"913","0.843136835106","0.892287234043","0.316489361702"
"914","0.841861968085","0.892287234043","0.345744680851"
"915","0.842974202128","0.892287234043","0.289893617021"
"916","0.841814893617","0.892287234043","0.337765957447"
"917","0.842492021277","0.892287234043","0.345744680851"
"918","0.842884707447","0.892287234043","0.303191489362"
"919","0.842026728723","0.892287234043","0.337765957447"
"920","0.842412898936","0.892287234043","0.316489361702"
"921","0.842063829787","0.892287234043","0.277925531915"
"922","0.841655718085","0.892287234043","0.328457446809"
"923","0.843809707447","0.892287234043","0.333776595745"
"924","0.843605053191","0.892287234043","0.345744680851"
"925","0.841055984043","0.892287234043","0.331117021277"
"926","0.84182912234","0.892287234043","0.348404255319"
"927","0.841546010638","0.892287234043","0.353723404255"
"928","0.842599202128","0.892287234043","0.300531914894"
"929","0.842691090426","0.892287234043","0.272606382979"
"930","0.841857712766","0.892287234043","0.287234042553"
"931","0.841989760638","0.892287234043","0.323138297872"
"932","0.840722207447","0.892287234043","0.311170212766"
"933","0.842777659574","0.892287234043","0.291223404255"
"934","0.844457047872","0.892287234043","0.331117021277"
"935","0.842577393617","0.892287234043","0.309840425532"
"936","0.842588696809","0.892287234043","0.328457446809"
"937","0.840974335106","0.892287234043","0.308510638298"
"938","0.842895744681","0.892287234043","0.329787234043"
"939","0.843425797872","0.892287234043","0.327127659574"
"940","0.842955053191","0.892287234043","0.344414893617"
"941","0.842496675532","0.892287234043","0.364361702128"
"942","0.842584707447","0.892287234043","0.331117021277"
"943","0.843172074468","0.892287234043","0.331117021277"
"944","0.843924468085","0.892287234043","0.297872340426"
"945","0.843560904255","0.892287234043","0.344414893617"
"946","0.84318643617","0.892287234043","0.296542553191"
"947","0.842681648936","0.892287234043","0.341755319149"
"948","0.84230625","0.892287234043","0.332446808511"
"949","0.84451981383","0.892287234043","0.32579787234"
"950","0.842629920213","0.892287234043","0.29920212766"
"951","0.843715026596","0.892287234043","0.311170212766"
"952","0.841878856383","0.892287234043","0.288563829787"
"953","0.842926595745","0.892287234043","0.324468085106"
"954","0.842829654255","0.892287234043","0.316489361702"
"955","0.84309587766","0.892287234043","0.341755319149"
"956","0.842927526596","0.892287234043","0.339095744681"
"957","0.843246010638","0.892287234043","0.337765957447"
"958","0.843084574468","0.892287234043","0.341755319149"
"959","0.843944148936","0.892287234043","0.337765957447"
"960","0.844195478723","0.892287234043","0.340425531915"
"961","0.842765159574","0.892287234043","0.292553191489"
"962","0.842568218085","0.892287234043","0.356382978723"
"963","0.842938962766","0.892287234043","0.309840425532"
"964","0.842694281915","0.892287234043","0.287234042553"
"965","0.842212101064","0.892287234043","0.343085106383"
"966","0.842955319149","0.892287234043","0.339095744681"
"967","0.84319268617","0.892287234043","0.345744680851"
"968","0.84283337766","0.892287234043","0.328457446809"
"969","0.843499601064","0.892287234043","0.327127659574"
"970","0.843467154255","0.892287234043","0.332446808511"
"971","0.840524867021","0.892287234043","0.340425531915"
"972","0.843562632979","0.892287234043","0.347074468085"
"973","0.84279162234","0.892287234043","0.283244680851"
"974","0.844053989362","0.892287234043","0.340425531915"
"975","0.844419148936","0.892287234043","0.355053191489"
"976","0.843696276596","0.892287234043","0.25"
"977","0.843045079787","0.892287234043","0.287234042553"
"978","0.844535505319","0.892287234043","0.352393617021"
"979","0.844668218085","0.892287234043","0.30585106383"
"980","0.843654654255","0.892287234043","0.345744680851"
"981","0.844403989362","0.892287234043","0.327127659574"
"982","0.84456768617","0.892287234043","0.297872340426"
"983","0.843568484043","0.892287234043","0.300531914894"
"984","0.843158244681","0.892287234043","0.335106382979"
"985","0.843176861702","0.892287234043","0.340425531915"
"986","0.843663696809","0.892287234043","0.339095744681"
"987","0.843275797872","0.892287234043","0.341755319149"
"988","0.843357712766","0.892287234043","0.332446808511"
"989","0.842704654255","0.892287234043","0.348404255319"
"990","0.843040691489","0.892287234043","0.311170212766"
"991","0.843758510638","0.892287234043","0.345744680851"
"992","0.843823803191","0.892287234043","0.300531914894"
"993","0.843388430851","0.892287234043","0.328457446809"
"994","0.842083510638","0.892287234043","0.341755319149"
"995","0.843244680851","0.892287234043","0.323138297872"
"996","0.843450664894","0.892287234043","0.341755319149"
"997","0.843675664894","0.892287234043","0.344414893617"
"998","0.844016090426","0.892287234043","0.324468085106"
"999","0.844290824468","0.892287234043","0.329787234043"
"1000","0.843310771277","0.892287234043","0.337765957447"
