"Series","British American Tobacco 3m 5m"
"Signal","CGO"
"Generations","1000"
"Ending","max generations were reached"
"Best Strategy","0000011000000000110011000001011111000000010001100001000000010100	","Accuracy","0.55170723738"
"Unique Strats","9242"
"0","0.500000833197","0.530305505636","0.468877634373"
"1","0.503243832707","0.532592713609","0.462342754452"
"2","0.505485688613","0.537657245548","0.469857866362"
"3","0.506995752328","0.537657245548","0.472961934324"
"4","0.50819142297","0.537657245548","0.47835321026"
"5","0.50919142297","0.537657245548","0.47835321026"
"6","0.510119032838","0.537657245548","0.479660186244"
"7","0.511105407613","0.537657245548","0.480150302238"
"8","0.511783842509","0.540924685509","0.478516582258"
"9","0.512306453194","0.540924685509","0.482437510211"
"10","0.51289795785","0.540924685509","0.47753635027"
"11","0.513342623754","0.540924685509","0.481457278223"
"12","0.513829684692","0.540924685509","0.483417742199"
"13","0.514360758046","0.540924685509","0.483744486195"
"14","0.51469264826","0.540924685509","0.482110766215"
"15","0.514973713446","0.540924685509","0.481784022219"
"16","0.515259255024","0.541251429505","0.484397974187"
"17","0.515556739095","0.541578173501","0.485378206175"
"18","0.515925976148","0.541578173501","0.486848554158"
"19","0.516264531939","0.541578173501","0.483907858193"
"20","0.516460545662","0.541578173501","0.487828786146"
"21","0.516664580951","0.543048521483","0.485704950172"
"22","0.516930370854","0.543048521483","0.484397974187"
"23","0.516932167946","0.543048521483","0.48831890214"
"24","0.517231383761","0.543048521483","0.48668518216"
"25","0.5175754942","0.543048521483","0.483744486195"
"26","0.517711648423","0.543048521483","0.487175298154"
"27","0.517791128901","0.543048521483","0.484888090181"
"28","0.518051429505","0.543048521483","0.486031694168"
"29","0.518360692697","0.543048521483","0.48586832217"
"30","0.518546201601","0.543048521483","0.48831890214"
"31","0.518720339814","0.543538637478","0.490279366117"
"32","0.518981931057","0.543538637478","0.48668518216"
"33","0.519159402058","0.543538637478","0.490115994119"
"34","0.519296667211","0.543538637478","0.48913576213"
"35","0.51933920928","0.543538637478","0.488645646136"
"36","0.519468387518","0.543538637478","0.48586832217"
"37","0.519533670969","0.543865381474","0.488809018134"
"38","0.519607939879","0.543865381474","0.486358438164"
"39","0.519973108969","0.543865381474","0.487665414148"
"40","0.520156559386","0.543865381474","0.487175298154"
"41","0.520304411044","0.54419212547","0.490606110113"
"42","0.52034002614","0.54419212547","0.48831890214"
"43","0.520391259598","0.544518869466","0.490932854109"
"44","0.520660545662","0.544518869466","0.489299134128"
"45","0.520834520503","0.544518869466","0.491749714099"
"46","0.520933981376","0.544518869466","0.48913576213"
"47","0.520864842346","0.544518869466","0.486358438164"
"48","0.521083205359","0.544518869466","0.489952622121"
"49","0.521300147035","0.544518869466","0.491586342101"
"50","0.521418461036","0.544518869466","0.482927626205"
"51","0.52146505473","0.544518869466","0.491422970103"
"52","0.521562163045","0.544518869466","0.482274138213"
"53","0.52195956543","0.544518869466","0.491586342101"
"54","0.521902140173","0.544518869466","0.491096226107"
"55","0.521936252246","0.544518869466","0.489625878124"
"56","0.522006502206","0.544518869466","0.487011926156"
"57","0.522021793825","0.544518869466","0.491913086097"
"58","0.522237199804","0.54582584545","0.488645646136"
"59","0.522320633883","0.54582584545","0.490115994119"
"60","0.522351821598","0.54582584545","0.492893318085"
"61","0.522576458095","0.54582584545","0.491586342101"
"62","0.522741855906","0.54582584545","0.488809018134"
"63","0.522678712629","0.54582584545","0.493546806077"
"64","0.522822692371","0.54582584545","0.492076458095"
"65","0.52278232315","0.54582584545","0.491586342101"
"66","0.522913249469","0.54582584545","0.491749714099"
"67","0.522869433099","0.54582584545","0.493710178075"
"68","0.522951315145","0.54582584545","0.488809018134"
"69","0.523008429995","0.54582584545","0.492893318085"
"70","0.52326668845","0.54582584545","0.493710178075"
"71","0.523288661983","0.54582584545","0.491913086097"
"72","0.5233836628","0.54582584545","0.491422970103"
"73","0.523443914393","0.54582584545","0.492239830093"
"74","0.52340612645","0.54582584545","0.492566574089"
"75","0.523564270544","0.54582584545","0.490279366117"
"76","0.523742313347","0.54582584545","0.492403202091"
"77","0.523729374285","0.54582584545","0.493546806077"
"78","0.523851821598","0.54582584545","0.495507270054"
"79","0.523919980395","0.546152589446","0.492239830093"
"80","0.523949991831","0.546152589446","0.488809018134"
"81","0.524043538637","0.546806077438","0.492239830093"
"82","0.524124032021","0.546806077438","0.485541578174"
"83","0.524141741545","0.546806077438","0.492566574089"
"84","0.524280934488","0.546806077438","0.491913086097"
"85","0.524437232478","0.546806077438","0.494363666068"
"86","0.524405227904","0.546806077438","0.495180526058"
"87","0.524302221859","0.546806077438","0.49420029407"
"88","0.524434683875","0.546806077438","0.496324130044"
"89","0.524528753472","0.546806077438","0.490442738115"
"90","0.524582012743","0.546806077438","0.490932854109"
"91","0.524732200621","0.546806077438","0.492729946087"
"92","0.524958454501","0.546806077438","0.491749714099"
"93","0.524985688613","0.546969449436","0.493873550074"
"94","0.524883238033","0.546969449436","0.492893318085"
"95","0.525034471492","0.546969449436","0.488645646136"
"96","0.525133474922","0.546969449436","0.493710178075"
"97","0.525146904101","0.546969449436","0.494363666068"
"98","0.525311011273","0.546969449436","0.492729946087"
"99","0.525261950662","0.546969449436","0.489299134128"
"100","0.525239830093","0.546969449436","0.496814246038"
"101","0.525295360235","0.546969449436","0.492403202091"
"102","0.525318836791","0.546969449436","0.49501715406"
"103","0.525371949028","0.546969449436","0.493056690083"
"104","0.525507841856","0.546969449436","0.494036922072"
"105","0.525556804444","0.546969449436","0.496160758046"
"106","0.525597386048","0.546969449436","0.495343898056"
"107","0.525596536514","0.546969449436","0.495343898056"
"108","0.525705211567","0.546969449436","0.495180526058"
"109","0.525771034145","0.546969449436","0.491422970103"
"110","0.525873893155","0.546969449436","0.493056690083"
"111","0.525980428035","0.546969449436","0.497140990034"
"112","0.525956281653","0.546969449436","0.491422970103"
"113","0.525910014703","0.547132821434","0.495343898056"
"114","0.525873778794","0.547132821434","0.495997386048"
"115","0.526053177585","0.547132821434","0.49583401405"
"116","0.526228132658","0.547132821434","0.495343898056"
"117","0.526243587649","0.548276425421","0.495180526058"
"118","0.526210553831","0.548276425421","0.497140990034"
"119","0.526254386538","0.548276425421","0.492729946087"
"120","0.526359549093","0.548276425421","0.494527038066"
"121","0.52639212547","0.548276425421","0.492076458095"
"122","0.526459761477","0.548276425421","0.498121222023"
"123","0.526597647443","0.548276425421","0.496324130044"
"124","0.526618183303","0.548276425421","0.497304362032"
"125","0.526464793334","0.548276425421","0.496324130044"
"126","0.526546119915","0.548276425421","0.495997386048"
"127","0.526574089201","0.548276425421","0.491913086097"
"128","0.526474661003","0.548276425421","0.497140990034"
"129","0.526666214671","0.548276425421","0.497794478026"
"130","0.526789560529","0.548276425421","0.496324130044"
"131","0.526779709198","0.548276425421","0.495180526058"
"132","0.526893955236","0.548276425421","0.494690410064"
"133","0.526958830256","0.548276425421","0.496324130044"
"134","0.527031906551","0.548276425421","0.492403202091"
"135","0.526959696128","0.548276425421","0.49501715406"
"136","0.526980787453","0.548276425421","0.493710178075"
"137","0.527053487992","0.548276425421","0.492239830093"
"138","0.527203006045","0.548276425421","0.495343898056"
"139","0.527246495671","0.548276425421","0.495507270054"
"140","0.527186440124","0.548439797419","0.495507270054"
"141","0.527311485051","0.548439797419","0.494690410064"
"142","0.527222218592","0.548439797419","0.499591570005"
"143","0.527285950008","0.548439797419","0.486358438164"
"144","0.52728518216","0.548439797419","0.497794478026"
"145","0.527280379023","0.548439797419","0.498774710015"
"146","0.527342525731","0.548439797419","0.495670642052"
"147","0.52740367587","0.548439797419","0.495343898056"
"148","0.527626711322","0.548439797419","0.499101454011"
"149","0.527643097533","0.548439797419","0.496977618036"
"150","0.527481391929","0.548439797419","0.494363666068"
"151","0.527604214998","0.548439797419","0.49665087404"
"152","0.527690883843","0.548439797419","0.498121222023"
"153","0.527677748734","0.548439797419","0.492729946087"
"154","0.527695719654","0.548439797419","0.49665087404"
"155","0.527738751838","0.548439797419","0.495507270054"
"156","0.527649959157","0.548439797419","0.494363666068"
"157","0.527653831073","0.548439797419","0.49420029407"
"158","0.527622594347","0.548439797419","0.497304362032"
"159","0.527796013723","0.548439797419","0.495180526058"
"160","0.52779795785","0.548439797419","0.497794478026"
"161","0.52800664924","0.548439797419","0.500245057997"
"162","0.528225682078","0.548439797419","0.498121222023"
"163","0.528234340794","0.548439797419","0.500571801993"
"164","0.528099019768","0.548439797419","0.496160758046"
"165","0.528302777324","0.548766541415","0.49501715406"
"166","0.528263813102","0.548766541415","0.493710178075"
"167","0.528224865218","0.548766541415","0.499918314001"
"168","0.528158242117","0.548766541415","0.493873550074"
"169","0.528331204052","0.548766541415","0.498938082013"
"170","0.528357196537","0.548766541415","0.496814246038"
"171","0.528379415128","0.548766541415","0.495507270054"
"172","0.528405374939","0.549583401405","0.492566574089"
"173","0.528381114197","0.549583401405","0.49420029407"
"174","0.528446136252","0.549583401405","0.499754942003"
"175","0.528504754125","0.549583401405","0.489952622121"
"176","0.528316173828","0.549583401405","0.499264826009"
"177","0.528523345859","0.549583401405","0.496487502042"
"178","0.528593105702","0.549583401405","0.498938082013"
"179","0.528533050155","0.549583401405","0.500735173991"
"180","0.528564597288","0.549583401405","0.496977618036"
"181","0.528537902304","0.549910145401","0.496814246038"
"182","0.528708511681","0.549910145401","0.498611338017"
"183","0.528718346675","0.549910145401","0.497631106028"
"184","0.528702875347","0.549910145401","0.498938082013"
"185","0.528756101944","0.549910145401","0.494527038066"
"186","0.528811060284","0.549910145401","0.497304362032"
"187","0.528849011599","0.549910145401","0.497794478026"
"188","0.528900653488","0.549910145401","0.497631106028"
"189","0.528925584055","0.549910145401","0.497140990034"
"190","0.528992566574","0.549910145401","0.493873550074"
"191","0.529011926156","0.549910145401","0.498774710015"
"192","0.52898150629","0.549910145401","0.499754942003"
"193","0.529152181016","0.549910145401","0.500735173991"
"194","0.52907036432","0.549910145401","0.498447966019"
"195","0.52918722431","0.549910145401","0.493710178075"
"196","0.529147230845","0.549910145401","0.497957850025"
"197","0.529181195883","0.549910145401","0.499754942003"
"198","0.529191864074","0.549910145401","0.498447966019"
"199","0.529185476229","0.549910145401","0.496324130044"
"200","0.529305865055","0.549910145401","0.499428198007"
"201","0.529502924359","0.549910145401","0.496160758046"
"202","0.529310717203","0.549910145401","0.497794478026"
"203","0.529360888744","0.549910145401","0.499591570005"
"204","0.529460709034","0.549910145401","0.499428198007"
"205","0.529563290312","0.549910145401","0.498938082013"
"206","0.529478957687","0.549910145401","0.497631106028"
"207","0.529451315145","0.549910145401","0.498284594021"
"208","0.529479513151","0.550400261395","0.498284594021"
"209","0.529489854599","0.550400261395","0.501552033981"
"210","0.529475722921","0.550400261395","0.49420029407"
"211","0.529616909002","0.550400261395","0.498774710015"
"212","0.529629652018","0.550400261395","0.492403202091"
"213","0.529815863421","0.550400261395","0.500735173991"
"214","0.529747459565","0.550400261395","0.497957850025"
"215","0.529736693351","0.550400261395","0.497631106028"
"216","0.52985770299","0.550400261395","0.501061917987"
"217","0.529907286391","0.550400261395","0.496160758046"
"218","0.529886178729","0.550400261395","0.501225289985"
"219","0.529749354681","0.550400261395","0.499754942003"
"220","0.529743309917","0.550400261395","0.495997386048"
"221","0.529651249796","0.550400261395","0.49583401405"
"222","0.529857278223","0.550400261395","0.496814246038"
"223","0.529904590753","0.550400261395","0.500571801993"
"224","0.52987374612","0.550400261395","0.499101454011"
"225","0.530019620977","0.550400261395","0.500245057997"
"226","0.529999803954","0.550400261395","0.49583401405"
"227","0.53008150629","0.550400261395","0.500245057997"
"228","0.529988482274","0.550400261395","0.498284594021"
"229","0.530132690737","0.550400261395","0.500735173991"
"230","0.530120617546","0.550400261395","0.499428198007"
"231","0.530142787126","0.550400261395","0.495343898056"
"232","0.530091406633","0.550400261395","0.498447966019"
"233","0.530084904427","0.550400261395","0.502205521974"
"234","0.530143048521","0.550400261395","0.500408429995"
"235","0.530166410717","0.550400261395","0.501061917987"
"236","0.530143260905","0.550400261395","0.500735173991"
"237","0.530127740565","0.550400261395","0.497631106028"
"238","0.53006342101","0.550400261395","0.499918314001"
"239","0.530116892665","0.550400261395","0.495343898056"
"240","0.53006668845","0.550400261395","0.497957850025"
"241","0.530190540761","0.550400261395","0.500081685999"
"242","0.530067260252","0.550400261395","0.499591570005"
"243","0.530183940533","0.550563633393","0.496814246038"
"244","0.53033430812","0.550563633393","0.499101454011"
"245","0.530404362032","0.550563633393","0.498938082013"
"246","0.530443947067","0.550563633393","0.502205521974"
"247","0.530369857866","0.550563633393","0.502205521974"
"248","0.530445662473","0.550563633393","0.496324130044"
"249","0.530530828296","0.550563633393","0.500898545989"
"250","0.530585606927","0.550563633393","0.500081685999"
"251","0.53050449273","0.550563633393","0.498774710015"
"252","0.530431710505","0.550563633393","0.498938082013"
"253","0.530557212874","0.550563633393","0.496487502042"
"254","0.530607204705","0.550563633393","0.496814246038"
"255","0.530650236889","0.550563633393","0.500571801993"
"256","0.530559287698","0.550563633393","0.500571801993"
"257","0.530608380983","0.550563633393","0.497304362032"
"258","0.530753308283","0.550563633393","0.492239830093"
"259","0.530683205359","0.550563633393","0.498774710015"
"260","0.530581653325","0.550563633393","0.501878777977"
"261","0.530641676197","0.550563633393","0.502368893972"
"262","0.530767488972","0.550563633393","0.500898545989"
"263","0.530850677994","0.550563633393","0.500571801993"
"264","0.530919179873","0.550563633393","0.501878777977"
"265","0.530850628982","0.550563633393","0.502042149975"
"266","0.530836448293","0.550563633393","0.500081685999"
"267","0.530782078092","0.550563633393","0.497957850025"
"268","0.530892909655","0.551217121385","0.502042149975"
"269","0.530818657082","0.551217121385","0.502205521974"
"270","0.530932723411","0.551217121385","0.501715405979"
"271","0.530979937919","0.551217121385","0.504002613952"
"272","0.530888090181","0.551217121385","0.498938082013"
"273","0.530847002124","0.551217121385","0.497631106028"
"274","0.530914049992","0.551217121385","0.500408429995"
"275","0.530976621467","0.551217121385","0.492893318085"
"276","0.531032935795","0.551217121385","0.502859009966"
"277","0.531179333442","0.551217121385","0.499264826009"
"278","0.5310204215","0.551217121385","0.501878777977"
"279","0.530927822251","0.551217121385","0.497304362032"
"280","0.530944306486","0.551217121385","0.499264826009"
"281","0.531112285574","0.551217121385","0.499918314001"
"282","0.531130142134","0.551217121385","0.504002613952"
"283","0.531101176278","0.551217121385","0.498284594021"
"284","0.531069874204","0.551217121385","0.497794478026"
"285","0.531120797255","0.551217121385","0.499428198007"
"286","0.531202434243","0.551217121385","0.499264826009"
"287","0.531428508414","0.551217121385","0.502695637968"
"288","0.531339666721","0.551217121385","0.504656101944"
"289","0.531259434733","0.551217121385","0.498774710015"
"290","0.531268714262","0.551217121385","0.500081685999"
"291","0.531226694984","0.551217121385","0.502695637968"
"292","0.531132527365","0.551217121385","0.498774710015"
"293","0.531092893318","0.551217121385","0.501552033981"
"294","0.531086358438","0.551380493383","0.492403202091"
"295","0.531139487012","0.551380493383","0.498611338017"
"296","0.531197500408","0.551380493383","0.497140990034"
"297","0.531317905571","0.551380493383","0.500898545989"
"298","0.531301127267","0.551380493383","0.502042149975"
"299","0.531463094266","0.551380493383","0.499264826009"
"300","0.531486080706","0.551380493383","0.503185753962"
"301","0.531478826989","0.551380493383","0.503022381964"
"302","0.531434634864","0.551380493383","0.496487502042"
"303","0.531506714589","0.551380493383","0.500081685999"
"304","0.531401846104","0.551380493383","0.503185753962"
"305","0.531415389642","0.551380493383","0.500735173991"
"306","0.531488122856","0.551380493383","0.50334912596"
"307","0.531644126777","0.551380493383","0.498774710015"
"308","0.531760251593","0.551380493383","0.499264826009"
"309","0.531760937755","0.551380493383","0.50334912596"
"310","0.531767848391","0.551380493383","0.501388661983"
"311","0.531726580624","0.551380493383","0.501715405979"
"312","0.531650106192","0.551380493383","0.503839241954"
"313","0.531669629146","0.551380493383","0.494036922072"
"314","0.531808315635","0.551380493383","0.50253226597"
"315","0.531868191472","0.551380493383","0.504002613952"
"316","0.531819539291","0.551380493383","0.501061917987"
"317","0.531802760987","0.551380493383","0.50253226597"
"318","0.531908724065","0.551380493383","0.501225289985"
"319","0.531939748407","0.551380493383","0.499591570005"
"320","0.531928426728","0.551380493383","0.503839241954"
"321","0.531906028427","0.551380493383","0.503185753962"
"322","0.531967423624","0.551380493383","0.499918314001"
"323","0.532040810325","0.551380493383","0.502205521974"
"324","0.531935549747","0.551380493383","0.503022381964"
"325","0.531911746447","0.551380493383","0.504002613952"
"326","0.531815961444","0.551380493383","0.500898545989"
"327","0.53172573109","0.551380493383","0.504329357948"
"328","0.531859875837","0.551380493383","0.499918314001"
"329","0.531933180853","0.551380493383","0.498284594021"
"330","0.532011877144","0.551380493383","0.499428198007"
"331","0.532012546969","0.551380493383","0.497631106028"
"332","0.53204924032","0.551380493383","0.502859009966"
"333","0.532029619343","0.551380493383","0.501878777977"
"334","0.531894085934","0.551380493383","0.500081685999"
"335","0.53204066329","0.551380493383","0.500898545989"
"336","0.532029308936","0.551380493383","0.499264826009"
"337","0.532050955726","0.551380493383","0.504329357948"
"338","0.532047720961","0.551380493383","0.501388661983"
"339","0.531988090181","0.551380493383","0.503512497958"
"340","0.532003528835","0.551380493383","0.49501715406"
"341","0.532098513315","0.551380493383","0.500898545989"
"342","0.532045744159","0.551380493383","0.502859009966"
"343","0.532049011599","0.551380493383","0.501388661983"
"344","0.532187305996","0.551380493383","0.502859009966"
"345","0.532138735501","0.551380493383","0.502859009966"
"346","0.532077225943","0.551380493383","0.502042149975"
"347","0.53221236726","0.551380493383","0.503512497958"
"348","0.532292011109","0.551380493383","0.501388661983"
"349","0.532357784676","0.551380493383","0.503512497958"
"350","0.532275935305","0.551380493383","0.501552033981"
"351","0.532259385721","0.551380493383","0.501225289985"
"352","0.532305146218","0.551380493383","0.506289821925"
"353","0.532310945924","0.551380493383","0.504492729946"
"354","0.532288220879","0.551380493383","0.497794478026"
"355","0.532267979088","0.551380493383","0.499428198007"
"356","0.532070266296","0.551380493383","0.50334912596"
"357","0.532129161902","0.551380493383","0.503839241954"
"358","0.532171311877","0.551380493383","0.500081685999"
"359","0.53222094429","0.551380493383","0.502859009966"
"360","0.532326596961","0.551380493383","0.502859009966"
"361","0.532455562817","0.551380493383","0.503675869956"
"362","0.532416092142","0.551380493383","0.501878777977"
"363","0.532508266623","0.551380493383","0.503185753962"
"364","0.532535173991","0.551380493383","0.498938082013"
"365","0.532507417089","0.551380493383","0.502368893972"
"366","0.532349844797","0.551380493383","0.505309589936"
"367","0.532325633066","0.551380493383","0.50416598595"
"368","0.532448668518","0.551380493383","0.501552033981"
"369","0.532359598105","0.551380493383","0.502042149975"
"370","0.532451119098","0.551380493383","0.499428198007"
"371","0.532476016991","0.551380493383","0.502042149975"
"372","0.532627217775","0.551380493383","0.505472961934"
"373","0.532621074988","0.551380493383","0.498121222023"
"374","0.532595033491","0.551380493383","0.505472961934"
"375","0.532618248652","0.551380493383","0.501715405979"
"376","0.532519522954","0.551380493383","0.50416598595"
"377","0.532432837772","0.551380493383","0.503022381964"
"378","0.532451053749","0.551380493383","0.496160758046"
"379","0.532528426728","0.551380493383","0.502368893972"
"380","0.53270705767","0.551380493383","0.497631106028"
"381","0.53268885803","0.551380493383","0.504656101944"
"382","0.532590998203","0.551380493383","0.506453193923"
"383","0.532614360399","0.551380493383","0.496324130044"
"384","0.53263389969","0.551380493383","0.500898545989"
"385","0.532559124326","0.551380493383","0.504002613952"
"386","0.532548407123","0.551380493383","0.503675869956"
"387","0.532583777161","0.551380493383","0.501061917987"
"388","0.532705979415","0.551380493383","0.503185753962"
"389","0.532799460872","0.551380493383","0.506616565921"
"390","0.53283045254","0.551380493383","0.50253226597"
"391","0.53280111093","0.551380493383","0.502042149975"
"392","0.532885966345","0.551380493383","0.49746773403"
"393","0.532835500735","0.551380493383","0.50498284594"
"394","0.532855938572","0.551380493383","0.502042149975"
"395","0.532971605947","0.551380493383","0.502205521974"
"396","0.532960398628","0.551380493383","0.501552033981"
"397","0.533014785166","0.551380493383","0.504656101944"
"398","0.533095294886","0.551380493383","0.503512497958"
"399","0.533099019768","0.551380493383","0.505146217938"
"400","0.533031400098","0.551380493383","0.501878777977"
"401","0.532903904591","0.551380493383","0.499101454011"
"402","0.532932511028","0.551380493383","0.505146217938"
"403","0.533077111583","0.551380493383","0.50253226597"
"404","0.532966835484","0.551380493383","0.504819473942"
"405","0.533010129064","0.551380493383","0.505309589936"
"406","0.532938033001","0.551380493383","0.498284594021"
"407","0.533024342428","0.551380493383","0.503512497958"
"408","0.532948047705","0.551380493383","0.50416598595"
"409","0.533001061918","0.551380493383","0.499754942003"
"410","0.533001421336","0.551380493383","0.504329357948"
"411","0.532958568861","0.551380493383","0.502695637968"
"412","0.53308488809","0.551380493383","0.501061917987"
"413","0.533033768992","0.551380493383","0.502042149975"
"414","0.533009067146","0.551380493383","0.503022381964"
"415","0.532968289495","0.551380493383","0.507433425911"
"416","0.533018591733","0.551380493383","0.50334912596"
"417","0.532956641072","0.551380493383","0.502042149975"
"418","0.533092435876","0.551380493383","0.506126449926"
"419","0.533046691717","0.551380493383","0.502859009966"
"420","0.533253406306","0.551380493383","0.501552033981"
"421","0.533208593367","0.551380493383","0.501552033981"
"422","0.533251511191","0.551380493383","0.500735173991"
"423","0.533251102761","0.551380493383","0.500571801993"
"424","0.533242721777","0.551380493383","0.503839241954"
"425","0.533269286064","0.551380493383","0.502695637968"
"426","0.533147557589","0.551380493383","0.501715405979"
"427","0.533250972063","0.551380493383","0.502205521974"
"428","0.53335863421","0.551380493383","0.50416598595"
"429","0.533447263519","0.551380493383","0.504656101944"
"430","0.533310553831","0.551380493383","0.503675869956"
"431","0.533296879595","0.551380493383","0.505146217938"
"432","0.533325338997","0.551380493383","0.500245057997"
"433","0.533513004411","0.551380493383","0.499591570005"
"434","0.533370576703","0.551380493383","0.503675869956"
"435","0.533272259435","0.551543865381","0.503839241954"
"436","0.533311174645","0.551543865381","0.505146217938"
"437","0.533240712302","0.551543865381","0.505963077928"
"438","0.5333033818","0.551543865381","0.50416598595"
"439","0.533446708054","0.551543865381","0.505636333932"
"440","0.533466998856","0.551543865381","0.503185753962"
"441","0.533435745793","0.551543865381","0.503022381964"
"442","0.533433017481","0.551543865381","0.506289821925"
"443","0.533474415945","0.551543865381","0.504656101944"
"444","0.533304133312","0.551543865381","0.505963077928"
"445","0.533360512988","0.551543865381","0.506943309917"
"446","0.5333687306","0.551543865381","0.502695637968"
"447","0.533430877308","0.551543865381","0.502042149975"
"448","0.533404035288","0.551543865381","0.504656101944"
"449","0.533466002287","0.551543865381","0.503675869956"
"450","0.533483646463","0.551543865381","0.501061917987"
"451","0.533440859337","0.551543865381","0.507106681915"
"452","0.533385443555","0.551543865381","0.498121222023"
"453","0.533452295377","0.551543865381","0.507106681915"
"454","0.533530566901","0.551543865381","0.502859009966"
"455","0.533653651364","0.551543865381","0.503022381964"
"456","0.533691913086","0.551543865381","0.503022381964"
"457","0.533641725208","0.551543865381","0.502368893972"
"458","0.533576376409","0.551543865381","0.503185753962"
"459","0.533595605293","0.55170723738","0.505309589936"
"460","0.533658438164","0.55170723738","0.503022381964"
"461","0.53355157654","0.55170723738","0.505963077928"
"462","0.533562473452","0.55170723738","0.505472961934"
"463","0.533637199804","0.55170723738","0.506126449926"
"464","0.533550155203","0.55170723738","0.503675869956"
"465","0.53359142297","0.55170723738","0.502695637968"
"466","0.533610259761","0.55170723738","0.50579970593"
"467","0.533613102434","0.55170723738","0.506616565921"
"468","0.533694216631","0.55170723738","0.497794478026"
"469","0.533672308446","0.55170723738","0.505146217938"
"470","0.533509851331","0.55170723738","0.503675869956"
"471","0.533589870936","0.55170723738","0.505309589936"
"472","0.533649191309","0.55170723738","0.501878777977"
"473","0.53363984643","0.55170723738","0.501715405979"
"474","0.533763371998","0.55170723738","0.504656101944"
"475","0.53374148015","0.55170723738","0.500735173991"
"476","0.533721875511","0.55170723738","0.502205521974"
"477","0.533713739585","0.55170723738","0.504492729946"
"478","0.53369888907","0.55170723738","0.501552033981"
"479","0.533704705114","0.55170723738","0.508413657899"
"480","0.533578402222","0.55170723738","0.507106681915"
"481","0.533615258945","0.55170723738","0.501552033981"
"482","0.533640941023","0.55170723738","0.500408429995"
"483","0.533758568861","0.55170723738","0.503022381964"
"484","0.533778532919","0.55170723738","0.504656101944"
"485","0.533880640418","0.55170723738","0.506453193923"
"486","0.533783025649","0.55170723738","0.500898545989"
"487","0.533792174481","0.55170723738","0.50334912596"
"488","0.533725420683","0.55170723738","0.501715405979"
"489","0.533723264173","0.55170723738","0.505146217938"
"490","0.533657980722","0.55170723738","0.504002613952"
"491","0.53373063225","0.55170723738","0.50253226597"
"492","0.53358080379","0.55170723738","0.505472961934"
"493","0.533752899853","0.55170723738","0.503675869956"
"494","0.533842525731","0.55170723738","0.50416598595"
"495","0.533842950498","0.55170723738","0.501552033981"
"496","0.533811190982","0.55170723738","0.502205521974"
"497","0.533852197353","0.55170723738","0.501715405979"
"498","0.533742754452","0.55170723738","0.50498284594"
"499","0.534008135926","0.55170723738","0.507596797909"
"500","0.533903398138","0.55170723738","0.505472961934"
"501","0.53387404019","0.55170723738","0.503839241954"
"502","0.533847328868","0.55170723738","0.507106681915"
"503","0.533835043294","0.55170723738","0.505309589936"
"504","0.533849027937","0.55170723738","0.506779937919"
"505","0.533932429342","0.55170723738","0.50416598595"
"506","0.533946021892","0.55170723738","0.501878777977"
"507","0.53389836628","0.55170723738","0.503839241954"
"508","0.533893138376","0.55170723738","0.502859009966"
"509","0.533979905244","0.55170723738","0.507106681915"
"510","0.533910896912","0.55170723738","0.506943309917"
"511","0.533962555138","0.55170723738","0.502205521974"
"512","0.533932723411","0.55170723738","0.508413657899"
"513","0.533963306649","0.55170723738","0.50253226597"
"514","0.534147655612","0.55170723738","0.505146217938"
"515","0.53410501552","0.55170723738","0.503675869956"
"516","0.534078892338","0.55170723738","0.501388661983"
"517","0.534052899853","0.55170723738","0.507270053913"
"518","0.534007155694","0.55170723738","0.503022381964"
"519","0.534065250776","0.55170723738","0.505472961934"
"520","0.534161427871","0.55170723738","0.504819473942"
"521","0.534160807058","0.55170723738","0.499264826009"
"522","0.53418407123","0.55170723738","0.502695637968"
"523","0.53416832217","0.55170723738","0.50334912596"
"524","0.534180591407","0.55170723738","0.506453193923"
"525","0.534209165169","0.55170723738","0.503839241954"
"526","0.534102058487","0.55170723738","0.504329357948"
"527","0.534174317922","0.55170723738","0.506616565921"
"528","0.534125371671","0.55170723738","0.503185753962"
"529","0.534230958994","0.55170723738","0.507760169907"
"530","0.534222904754","0.55170723738","0.501715405979"
"531","0.534194216631","0.55170723738","0.501715405979"
"532","0.534165561183","0.55170723738","0.503185753962"
"533","0.534185280183","0.55170723738","0.503185753962"
"534","0.534207858193","0.55170723738","0.499264826009"
"535","0.534261623918","0.55170723738","0.506779937919"
"536","0.534121712139","0.55170723738","0.50253226597"
"537","0.534022708708","0.55170723738","0.505472961934"
"538","0.534201470348","0.55170723738","0.505472961934"
"539","0.534275935305","0.55170723738","0.504656101944"
"540","0.534412318249","0.55170723738","0.506289821925"
"541","0.53448885803","0.55170723738","0.503839241954"
"542","0.53443646463","0.55170723738","0.501061917987"
"543","0.534395637968","0.55170723738","0.505309589936"
"544","0.534412988074","0.55170723738","0.505963077928"
"545","0.534415553014","0.55170723738","0.504492729946"
"546","0.534283989544","0.55170723738","0.504656101944"
"547","0.534254582585","0.55170723738","0.505636333932"
"548","0.53431236726","0.55170723738","0.503512497958"
"549","0.534366149322","0.55170723738","0.509067145891"
"550","0.534420715569","0.55170723738","0.506453193923"
"551","0.534299852965","0.55170723738","0.506126449926"
"552","0.534398496978","0.55170723738","0.50579970593"
"553","0.534333246202","0.55170723738","0.500081685999"
"554","0.534535500735","0.55170723738","0.505636333932"
"555","0.534509344878","0.55170723738","0.507270053913"
"556","0.534376474432","0.55170723738","0.508577029897"
"557","0.534438996896","0.55170723738","0.505472961934"
"558","0.53443360562","0.55170723738","0.500081685999"
"559","0.53436598595","0.55170723738","0.501715405979"
"560","0.534412269237","0.55170723738","0.503839241954"
"561","0.534364172521","0.55170723738","0.501061917987"
"562","0.534426923705","0.55170723738","0.504656101944"
"563","0.534497467734","0.55170723738","0.506126449926"
"564","0.534412122202","0.55170723738","0.506779937919"
"565","0.534382290475","0.55170723738","0.50253226597"
"566","0.534461623918","0.55170723738","0.506943309917"
"567","0.534408969123","0.55170723738","0.506943309917"
"568","0.534465626532","0.55170723738","0.498447966019"
"569","0.534444322823","0.55170723738","0.504002613952"
"570","0.534474759026","0.55170723738","0.507760169907"
"571","0.534516369874","0.55170723738","0.506779937919"
"572","0.534570315308","0.55170723738","0.510047377879"
"573","0.534584920765","0.55170723738","0.504329357948"
"574","0.534654860317","0.55170723738","0.499101454011"
"575","0.534764515602","0.55170723738","0.499754942003"
"576","0.534655481131","0.55170723738","0.50334912596"
"577","0.534643865381","0.55170723738","0.505636333932"
"578","0.53462707074","0.55170723738","0.507270053913"
"579","0.53443523934","0.55170723738","0.50416598595"
"580","0.534481048848","0.55170723738","0.506289821925"
"581","0.534556085607","0.55170723738","0.503512497958"
"582","0.534554190492","0.55170723738","0.50498284594"
"583","0.534530975331","0.55170723738","0.508250285901"
"584","0.534489070413","0.55170723738","0.504002613952"
"585","0.534568991995","0.55170723738","0.505472961934"
"586","0.534724309753","0.55170723738","0.502205521974"
"587","0.534688465937","0.55170723738","0.503022381964"
"588","0.534554353864","0.55170723738","0.50579970593"
"589","0.534649452704","0.55170723738","0.507760169907"
"590","0.5346992975","0.55170723738","0.502859009966"
"591","0.534655056363","0.55170723738","0.505146217938"
"592","0.534632069923","0.55170723738","0.50334912596"
"593","0.534623770626","0.55170723738","0.506126449926"
"594","0.534715422317","0.55170723738","0.497140990034"
"595","0.534679415128","0.55170723738","0.503675869956"
"596","0.534737020095","0.55170723738","0.505636333932"
"597","0.534721254697","0.55170723738","0.504002613952"
"598","0.534790246692","0.55170723738","0.507923541905"
"599","0.534821842836","0.55170723738","0.504492729946"
"600","0.534787665414","0.55170723738","0.508250285901"
"601","0.534803479824","0.55170723738","0.505636333932"
"602","0.534766345368","0.55170723738","0.506453193923"
"603","0.534699330175","0.55170723738","0.506453193923"
"604","0.534729488646","0.55170723738","0.507760169907"
"605","0.534776703153","0.55170723738","0.508086913903"
"606","0.534805358602","0.55170723738","0.503512497958"
"607","0.534854484561","0.55170723738","0.502695637968"
"608","0.534922381964","0.55170723738","0.507760169907"
"609","0.534839356314","0.55170723738","0.506126449926"
"610","0.534746577357","0.55170723738","0.506289821925"
"611","0.534826694984","0.55170723738","0.506616565921"
"612","0.534782159778","0.55170723738","0.501878777977"
"613","0.534765528508","0.55170723738","0.50579970593"
"614","0.534682127103","0.55170723738","0.50579970593"
"615","0.5347360562","0.55170723738","0.501878777977"
"616","0.53475157654","0.55170723738","0.508413657899"
"617","0.534746119915","0.55170723738","0.49746773403"
"618","0.534788498611","0.55170723738","0.50579970593"
"619","0.534646691717","0.55170723738","0.502042149975"
"620","0.534771638621","0.55170723738","0.502695637968"
"621","0.534848276425","0.55170723738","0.505146217938"
"622","0.534781898383","0.55170723738","0.504656101944"
"623","0.534835794805","0.55170723738","0.504492729946"
"624","0.534853389969","0.55170723738","0.506289821925"
"625","0.534836726025","0.55170723738","0.507923541905"
"626","0.534861868976","0.55170723738","0.506779937919"
"627","0.534828083646","0.55170723738","0.501715405979"
"628","0.534859353047","0.55170723738","0.506126449926"
"629","0.534945825845","0.55170723738","0.504819473942"
"630","0.53496423787","0.55170723738","0.503512497958"
"631","0.534879023035","0.55170723738","0.506943309917"
"632","0.534794706747","0.55170723738","0.503512497958"
"633","0.534939258291","0.55170723738","0.504656101944"
"634","0.534900506453","0.55170723738","0.507106681915"
"635","0.534920045744","0.55170723738","0.504329357948"
"636","0.53492636824","0.55170723738","0.506779937919"
"637","0.534958585198","0.55170723738","0.504002613952"
"638","0.534896373142","0.55170723738","0.506943309917"
"639","0.534880607744","0.55170723738","0.504819473942"
"640","0.535015749061","0.55170723738","0.501388661983"
"641","0.535008609704","0.55170723738","0.508086913903"
"642","0.534922398301","0.55170723738","0.505472961934"
"643","0.53485198497","0.55170723738","0.507596797909"
"644","0.534900081686","0.55170723738","0.509720633883"
"645","0.534979496814","0.55170723738","0.508740401895"
"646","0.534963273975","0.55170723738","0.502205521974"
"647","0.535003463486","0.55170723738","0.507760169907"
"648","0.534978777977","0.55170723738","0.507106681915"
"649","0.534999983663","0.55170723738","0.506616565921"
"650","0.535070004901","0.55170723738","0.505309589936"
"651","0.535065773566","0.55170723738","0.506453193923"
"652","0.53510011436","0.55170723738","0.50253226597"
"653","0.535119898709","0.55170723738","0.503512497958"
"654","0.535293938899","0.55170723738","0.509067145891"
"655","0.53519469041","0.55170723738","0.503185753962"
"656","0.535099166803","0.55170723738","0.505309589936"
"657","0.535051854272","0.55170723738","0.50579970593"
"658","0.5349877471","0.55170723738","0.505472961934"
"659","0.535088596635","0.55170723738","0.499918314001"
"660","0.535139062245","0.55170723738","0.50253226597"
"661","0.535128982192","0.55170723738","0.507270053913"
"662","0.535100163372","0.55170723738","0.505636333932"
"663","0.535129504983","0.55170723738","0.500081685999"
"664","0.535078451233","0.55170723738","0.505146217938"
"665","0.535189544192","0.55170723738","0.506126449926"
"666","0.53511400098","0.55170723738","0.50334912596"
"667","0.534979954256","0.55170723738","0.506126449926"
"668","0.534995490933","0.55170723738","0.504656101944"
"669","0.535089576867","0.55170723738","0.508740401895"
"670","0.535119326907","0.55170723738","0.504492729946"
"671","0.535096781572","0.55170723738","0.506453193923"
"672","0.535107449763","0.55170723738","0.505636333932"
"673","0.535237412188","0.55170723738","0.505963077928"
"674","0.535261705604","0.55170723738","0.507106681915"
"675","0.535257082176","0.55170723738","0.503675869956"
"676","0.535198938082","0.55170723738","0.505636333932"
"677","0.53513757556","0.55170723738","0.504329357948"
"678","0.535095539944","0.55170723738","0.506779937919"
"679","0.535166819147","0.55170723738","0.509884005881"
"680","0.535243505963","0.55170723738","0.506943309917"
"681","0.535129537657","0.55170723738","0.505146217938"
"682","0.535240369221","0.55170723738","0.503839241954"
"683","0.535219588303","0.55170723738","0.506943309917"
"684","0.535163175952","0.55170723738","0.504819473942"
"685","0.535214278713","0.55170723738","0.50253226597"
"686","0.535252752818","0.55170723738","0.50253226597"
"687","0.535091063552","0.55170723738","0.506616565921"
"688","0.535160921418","0.55170723738","0.500081685999"
"689","0.535147769972","0.55170723738","0.506126449926"
"690","0.535072782225","0.55170723738","0.501061917987"
"691","0.535103349126","0.55170723738","0.507270053913"
"692","0.535261476883","0.55170723738","0.507923541905"
"693","0.535401503022","0.55170723738","0.503022381964"
"694","0.535339274628","0.55170723738","0.506453193923"
"695","0.535358732233","0.55170723738","0.505636333932"
"696","0.535338441431","0.55170723738","0.503839241954"
"697","0.535356755432","0.55170723738","0.505963077928"
"698","0.535357539618","0.55170723738","0.508250285901"
"699","0.535269286064","0.55170723738","0.507433425911"
"700","0.535287616403","0.55170723738","0.505636333932"
"701","0.535292272504","0.55170723738","0.503675869956"
"702","0.53530437837","0.55170723738","0.509067145891"
"703","0.535445809508","0.55170723738","0.507760169907"
"704","0.53534136579","0.55170723738","0.506616565921"
"705","0.535324816207","0.55170723738","0.505309589936"
"706","0.535387518379","0.55170723738","0.507596797909"
"707","0.535395164189","0.55170723738","0.507106681915"
"708","0.535452050319","0.55170723738","0.50416598595"
"709","0.535372096063","0.55170723738","0.506126449926"
"710","0.535325780101","0.55170723738","0.507106681915"
"711","0.535376278386","0.55170723738","0.506126449926"
"712","0.535508544355","0.55170723738","0.50416598595"
"713","0.535462228394","0.55170723738","0.499264826009"
"714","0.535463224963","0.55170723738","0.510374121876"
"715","0.535364662637","0.55170723738","0.508577029897"
"716","0.535399036105","0.55170723738","0.506779937919"
"717","0.535293808201","0.55170723738","0.50416598595"
"718","0.535294755759","0.55170723738","0.501715405979"
"719","0.535325518706","0.55170723738","0.503022381964"
"720","0.535299950988","0.55170723738","0.504492729946"
"721","0.535456134619","0.55170723738","0.508577029897"
"722","0.535477765071","0.55170723738","0.507596797909"
"723","0.535534406143","0.55170723738","0.506943309917"
"724","0.535457327234","0.55170723738","0.502042149975"
"725","0.535494853782","0.55170723738","0.506616565921"
"726","0.535454762294","0.55170723738","0.508577029897"
"727","0.535430321843","0.55170723738","0.507433425911"
"728","0.535401780755","0.55170723738","0.503839241954"
"729","0.535358405489","0.55170723738","0.504002613952"
"730","0.535393334422","0.55170723738","0.504656101944"
"731","0.535332952132","0.55170723738","0.503185753962"
"732","0.535461705604","0.55170723738","0.503839241954"
"733","0.535537020095","0.55170723738","0.509557261885"
"734","0.535574661003","0.55170723738","0.506289821925"
"735","0.535519163535","0.55170723738","0.504492729946"
"736","0.535479954256","0.55170723738","0.505146217938"
"737","0.535491341284","0.55170723738","0.507923541905"
"738","0.535471164842","0.55170723738","0.503675869956"
"739","0.53546271851","0.55170723738","0.507596797909"
"740","0.535486962915","0.55170723738","0.506453193923"
"741","0.535354353864","0.55170723738","0.505963077928"
"742","0.535406861624","0.55170723738","0.501878777977"
"743","0.535539879105","0.55170723738","0.508740401895"
"744","0.535760807058","0.55170723738","0.509230517889"
"745","0.535711975167","0.55170723738","0.504656101944"
"746","0.535562130371","0.55170723738","0.505963077928"
"747","0.535510406796","0.55170723738","0.507433425911"
"748","0.535532004574","0.55170723738","0.504656101944"
"749","0.535675428851","0.55170723738","0.505963077928"
"750","0.535705963078","0.55170723738","0.507106681915"
"751","0.535692925992","0.55170723738","0.50416598595"
"752","0.535734618526","0.55170723738","0.504492729946"
"753","0.535578157164","0.55170723738","0.504002613952"
"754","0.535570004901","0.55170723738","0.503512497958"
"755","0.535647508577","0.55170723738","0.508086913903"
"756","0.535714964875","0.55170723738","0.507106681915"
"757","0.535675265479","0.55170723738","0.499918314001"
"758","0.535752050319","0.55170723738","0.504492729946"
"759","0.535564858683","0.55170723738","0.505309589936"
"760","0.53553430812","0.55170723738","0.506453193923"
"761","0.535578124489","0.55170723738","0.507923541905"
"762","0.535578728966","0.55170723738","0.503512497958"
"763","0.53565811142","0.55170723738","0.504329357948"
"764","0.535603724882","0.55170723738","0.501225289985"
"765","0.535552834504","0.55170723738","0.50498284594"
"766","0.53560356151","0.55170723738","0.506126449926"
"767","0.535629455971","0.55170723738","0.506289821925"
"768","0.535711697435","0.55170723738","0.505963077928"
"769","0.535776735827","0.55170723738","0.501225289985"
"770","0.53560735174","0.55170723738","0.505963077928"
"771","0.535653847411","0.55170723738","0.505146217938"
"772","0.535605652671","0.55170723738","0.503675869956"
"773","0.535705816043","0.55170723738","0.505146217938"
"774","0.535652932527","0.55170723738","0.505472961934"
"775","0.535694412678","0.55170723738","0.508086913903"
"776","0.535781424604","0.55170723738","0.510700865872"
"777","0.535688580297","0.55170723738","0.504492729946"
"778","0.5356646463","0.55170723738","0.507760169907"
"779","0.535575526875","0.55170723738","0.50416598595"
"780","0.53555851985","0.55170723738","0.507923541905"
"781","0.535681702336","0.55170723738","0.505309589936"
"782","0.535669155367","0.55170723738","0.508086913903"
"783","0.535697974187","0.55170723738","0.506779937919"
"784","0.53566814246","0.55170723738","0.50416598595"
"785","0.535624897893","0.55170723738","0.503839241954"
"786","0.535728426728","0.55170723738","0.508577029897"
"787","0.535714523771","0.55170723738","0.504492729946"
"788","0.535723313184","0.55170723738","0.509393889887"
"789","0.535683973207","0.55170723738","0.510047377879"
"790","0.535704296684","0.55170723738","0.509720633883"
"791","0.535653651364","0.55170723738","0.509393889887"
"792","0.535773419376","0.55170723738","0.507596797909"
"793","0.535834781898","0.55170723738","0.510537493874"
"794","0.535802630289","0.55170723738","0.506126449926"
"795","0.535879562163","0.55170723738","0.507270053913"
"796","0.535846103578","0.55170723738","0.508250285901"
"797","0.535765512171","0.55170723738","0.509393889887"
"798","0.535746577357","0.55170723738","0.505636333932"
"799","0.535730926319","0.55170723738","0.506453193923"
"800","0.53578885803","0.55170723738","0.506943309917"
"801","0.535745482764","0.55170723738","0.503185753962"
"802","0.53577905571","0.55170723738","0.510047377879"
"803","0.535726237543","0.55170723738","0.505309589936"
"804","0.535727103414","0.55170723738","0.508413657899"
"805","0.535777928443","0.55170723738","0.508740401895"
"806","0.535826221206","0.55170723738","0.506453193923"
"807","0.535810472145","0.55170723738","0.508250285901"
"808","0.535911043947","0.55170723738","0.502368893972"
"809","0.535952687469","0.55170723738","0.506616565921"
"810","0.535880640418","0.55170723738","0.510210749877"
"811","0.535920388825","0.55170723738","0.501715405979"
"812","0.535884594021","0.55170723738","0.505472961934"
"813","0.535799036105","0.55170723738","0.506779937919"
"814","0.535828475739","0.55170723738","0.50498284594"
"815","0.53589959157","0.55170723738","0.505963077928"
"816","0.535916288188","0.55170723738","0.506453193923"
"817","0.536004264009","0.55170723738","0.505146217938"
"818","0.535920813593","0.55170723738","0.507923541905"
"819","0.535996291456","0.55170723738","0.509067145891"
"820","0.535944486195","0.55170723738","0.502859009966"
"821","0.535880101291","0.55170723738","0.506289821925"
"822","0.535788580297","0.55170723738","0.507923541905"
"823","0.535802613952","0.55170723738","0.507433425911"
"824","0.53590776017","0.55170723738","0.504329357948"
"825","0.535911109296","0.55170723738","0.50579970593"
"826","0.535992893318","0.55170723738","0.505146217938"
"827","0.536019130861","0.55170723738","0.500081685999"
"828","0.5360081686","0.55170723738","0.510700865872"
"829","0.535980607744","0.55170723738","0.509393889887"
"830","0.535971622284","0.55170723738","0.50579970593"
"831","0.535976082339","0.55170723738","0.507596797909"
"832","0.535917529815","0.55170723738","0.505472961934"
"833","0.536057327234","0.55170723738","0.503022381964"
"834","0.536083809835","0.55170723738","0.508086913903"
"835","0.536090736808","0.55170723738","0.507923541905"
"836","0.536143130207","0.55170723738","0.50416598595"
"837","0.535971540598","0.55170723738","0.502042149975"
"838","0.535999803954","0.55170723738","0.507760169907"
"839","0.536039078582","0.55170723738","0.50498284594"
"840","0.536074546643","0.55170723738","0.505146217938"
"841","0.535982159778","0.55170723738","0.506943309917"
"842","0.53605116811","0.55170723738","0.506779937919"
"843","0.535980133965","0.55170723738","0.506453193923"
"844","0.536014049992","0.55170723738","0.503675869956"
"845","0.535990328378","0.55170723738","0.505636333932"
"846","0.536087763437","0.55170723738","0.509720633883"
"847","0.536142084627","0.55170723738","0.510537493874"
"848","0.53617415455","0.55170723738","0.508413657899"
"849","0.536065152753","0.55170723738","0.504492729946"
"850","0.536063682405","0.55170723738","0.505636333932"
"851","0.535983025649","0.55170723738","0.505309589936"
"852","0.536056853455","0.55170723738","0.508577029897"
"853","0.536112595981","0.55170723738","0.50498284594"
"854","0.536071524261","0.55170723738","0.510047377879"
"855","0.536090099657","0.55170723738","0.507923541905"
"856","0.536027936612","0.55170723738","0.508250285901"
"857","0.536069204378","0.55170723738","0.508903773893"
"858","0.536006926973","0.55170723738","0.506616565921"
"859","0.535940810325","0.55170723738","0.505472961934"
"860","0.536010978598","0.55170723738","0.506289821925"
"861","0.535987975821","0.55170723738","0.506943309917"
"862","0.535987877798","0.55170723738","0.507923541905"
"863","0.535992631923","0.55170723738","0.506779937919"
"864","0.536112971737","0.55170723738","0.509557261885"
"865","0.536141545499","0.55170723738","0.49746773403"
"866","0.53622940696","0.55170723738","0.507106681915"
"867","0.536094902794","0.55170723738","0.505963077928"
"868","0.536155987584","0.55170723738","0.506616565921"
"869","0.536151249796","0.55170723738","0.508086913903"
"870","0.536090017971","0.55170723738","0.50579970593"
"871","0.536018722431","0.55170723738","0.506779937919"
"872","0.536136366607","0.55170723738","0.508413657899"
"873","0.536212694004","0.55170723738","0.509393889887"
"874","0.536178206175","0.55170723738","0.508903773893"
"875","0.536171262866","0.55170723738","0.505146217938"
"876","0.536062277406","0.55170723738","0.50416598595"
"877","0.535955415782","0.55170723738","0.504656101944"
"878","0.536129750041","0.55170723738","0.511190981866"
"879","0.536146838752","0.55170723738","0.508577029897"
"880","0.53617456298","0.55170723738","0.50416598595"
"881","0.536111648423","0.55170723738","0.508577029897"
"882","0.536058764908","0.55170723738","0.510210749877"
"883","0.536062032348","0.55170723738","0.508577029897"
"884","0.536121728476","0.55170723738","0.507433425911"
"885","0.536127854926","0.55170723738","0.508740401895"
"886","0.536191373959","0.55170723738","0.505472961934"
"887","0.536291439307","0.55170723738","0.508413657899"
"888","0.536215030224","0.55170723738","0.508740401895"
"889","0.536155709851","0.55170723738","0.505309589936"
"890","0.536273876818","0.55170723738","0.501552033981"
"891","0.536284283614","0.55170723738","0.509067145891"
"892","0.536360611011","0.55170723738","0.509067145891"
"893","0.536295033491","0.55170723738","0.508740401895"
"894","0.536231367424","0.55170723738","0.508413657899"
"895","0.536254304852","0.55170723738","0.507433425911"
"896","0.536163110603","0.55170723738","0.509720633883"
"897","0.536181767685","0.55170723738","0.500245057997"
"898","0.536229325274","0.55170723738","0.506779937919"
"899","0.536271164842","0.55170723738","0.509557261885"
"900","0.536113249469","0.55170723738","0.507923541905"
"901","0.536154239503","0.55170723738","0.501715405979"
"902","0.536178990361","0.55170723738","0.507760169907"
"903","0.536248064042","0.55170723738","0.506779937919"
"904","0.536191128901","0.55170723738","0.509393889887"
"905","0.536185884659","0.55170723738","0.508086913903"
"906","0.536228573762","0.55170723738","0.505636333932"
"907","0.536160545662","0.55170723738","0.50579970593"
"908","0.536233066492","0.55170723738","0.510047377879"
"909","0.536283172684","0.55170723738","0.506616565921"
"910","0.536324342428","0.55170723738","0.504656101944"
"911","0.536230599575","0.55170723738","0.510537493874"
"912","0.536182617219","0.55170723738","0.507106681915"
"913","0.536184724718","0.55170723738","0.503512497958"
"914","0.536290165006","0.55170723738","0.503675869956"
"915","0.536202385231","0.55170723738","0.50334912596"
"916","0.53635974514","0.55170723738","0.503839241954"
"917","0.536291994772","0.55170723738","0.509393889887"
"918","0.536382780591","0.55170723738","0.507760169907"
"919","0.5363728149","0.55170723738","0.506943309917"
"920","0.53641114197","0.55170723738","0.505963077928"
"921","0.536479006698","0.55170723738","0.507760169907"
"922","0.536330501552","0.55170723738","0.505636333932"
"923","0.536277895769","0.55170723738","0.510700865872"
"924","0.536274072864","0.55170723738","0.509230517889"
"925","0.536454647933","0.55170723738","0.51086423787"
"926","0.536404476393","0.55170723738","0.509067145891"
"927","0.536435402712","0.55170723738","0.506453193923"
"928","0.536462457115","0.55170723738","0.509393889887"
"929","0.536349142297","0.55170723738","0.509720633883"
"930","0.536361313511","0.55170723738","0.505146217938"
"931","0.536352295377","0.55170723738","0.510374121876"
"932","0.536414752491","0.55170723738","0.506943309917"
"933","0.536400261395","0.55170723738","0.507923541905"
"934","0.536392827969","0.55170723738","0.506779937919"
"935","0.536386391113","0.55170723738","0.508250285901"
"936","0.536392599248","0.55170723738","0.510374121876"
"937","0.536494249306","0.55170723738","0.510374121876"
"938","0.536493024016","0.55170723738","0.502368893972"
"939","0.536423378533","0.55170723738","0.506126449926"
"940","0.536441169744","0.55170723738","0.506126449926"
"941","0.536389723901","0.55170723738","0.508577029897"
"942","0.536379268093","0.55170723738","0.506289821925"
"943","0.536340091488","0.55170723738","0.504656101944"
"944","0.536260333279","0.55170723738","0.507106681915"
"945","0.536410651854","0.55170723738","0.507270053913"
"946","0.536451543865","0.55170723738","0.505146217938"
"947","0.536414327724","0.55170723738","0.505146217938"
"948","0.536442035615","0.55170723738","0.501715405979"
"949","0.536492141807","0.55170723738","0.508413657899"
"950","0.536396471165","0.55170723738","0.508086913903"
"951","0.536412971737","0.55170723738","0.507106681915"
"952","0.536557801013","0.55170723738","0.506943309917"
"953","0.536550988401","0.55170723738","0.509393889887"
"954","0.536510096389","0.55170723738","0.511027609868"
"955","0.536579039373","0.55170723738","0.508086913903"
"956","0.536593742852","0.55170723738","0.505636333932"
"957","0.536513396504","0.55170723738","0.512007841856"
"958","0.536491913086","0.55170723738","0.508086913903"
"959","0.536504133312","0.55170723738","0.505963077928"
"960","0.536441349453","0.55170723738","0.511354353864"
"961","0.536441235092","0.55170723738","0.506126449926"
"962","0.536522953766","0.55170723738","0.51249795785"
"963","0.536483401405","0.55170723738","0.504329357948"
"964","0.536490720471","0.55170723738","0.507270053913"
"965","0.536537150792","0.55170723738","0.510537493874"
"966","0.536624375102","0.55170723738","0.508086913903"
"967","0.536519522954","0.55170723738","0.510210749877"
"968","0.53653821271","0.55170723738","0.512334585852"
"969","0.536433066492","0.55170723738","0.510210749877"
"970","0.536463470021","0.55170723738","0.509884005881"
"971","0.536478712629","0.55170723738","0.510700865872"
"972","0.536676915537","0.55170723738","0.504329357948"
"973","0.536677144257","0.55170723738","0.504492729946"
"974","0.536626270217","0.55170723738","0.507923541905"
"975","0.536639519686","0.55170723738","0.508577029897"
"976","0.536608528018","0.55170723738","0.509230517889"
"977","0.536552409737","0.55170723738","0.507596797909"
"978","0.5365673256","0.55170723738","0.506289821925"
"979","0.53652695638","0.55170723738","0.504819473942"
"980","0.536552736481","0.55170723738","0.505472961934"
"981","0.536498186571","0.55170723738","0.506616565921"
"982","0.536493693841","0.55170723738","0.507760169907"
"983","0.536565022055","0.55170723738","0.506453193923"
"984","0.536365120078","0.55170723738","0.510374121876"
"985","0.536377912106","0.55170723738","0.509393889887"
"986","0.536468240484","0.55170723738","0.507923541905"
"987","0.536619016501","0.55170723738","0.502368893972"
"988","0.536577340304","0.55170723738","0.506943309917"
"989","0.53663728149","0.55170723738","0.510210749877"
"990","0.536657278223","0.55170723738","0.506289821925"
"991","0.536543391603","0.55170723738","0.501061917987"
"992","0.536403087731","0.55170723738","0.505963077928"
"993","0.536482960301","0.55170723738","0.510047377879"
"994","0.536435876491","0.55170723738","0.507596797909"
"995","0.536482715243","0.55170723738","0.509720633883"
"996","0.536585982683","0.55170723738","0.500408429995"
"997","0.536661803627","0.55170723738","0.505309589936"
"998","0.536528247018","0.55170723738","0.506779937919"
"999","0.536515242607","0.55170723738","0.505636333932"
"1000","0.536663747754","0.55170723738","0.508413657899"
