"Series","Citigroup 3m 5m"
"Signal","OLMI"
"Generations","1000"
"Ending","max generations were reached"
"Best Strategy","1011001101110010011010001100101000111010100011001100000010100000	","Accuracy","0.987529063623"
"Unique Strats","10000"
"0","0.494017607271","0.987529063623","0.0124709363771"
"1","0.749651236525","0.987529063623","0.0124709363771"
"2","0.912936229127","0.987529063623","0.0240963855422"
"3","0.956700190235","0.987529063623","0.0249418727542"
"4","0.961977340943","0.987529063623","0.0253646163602"
"5","0.965281948848","0.987529063623","0.0249418727542"
"6","0.966188628197","0.987529063623","0.0245191291482"
"7","0.965467491017","0.987529063623","0.0257873599662"
"8","0.966286831537","0.987529063623","0.0249418727542"
"9","0.966417417037","0.987529063623","0.0365673219193"
"10","0.966239082646","0.987529063623","0.0257873599662"
"11","0.964384168252","0.987529063623","0.0361445783133"
"12","0.965162418093","0.987529063623","0.0369900655253"
"13","0.966063284718","0.987529063623","0.0357218347073"
"14","0.966164257028","0.987529063623","0.0253646163602"
"15","0.964566497569","0.987529063623","0.0249418727542"
"16","0.960690572818","0.987529063623","0.0357218347073"
"17","0.964163834285","0.987529063623","0.0361445783133"
"18","0.961575058127","0.987529063623","0.0253646163602"
"19","0.965615726062","0.987529063623","0.0365673219193"
"20","0.961342993025","0.987529063623","0.0257873599662"
"21","0.962431578947","0.987529063623","0.0369900655253"
"22","0.963807228916","0.987529063623","0.0365673219193"
"23","0.961825470302","0.987529063623","0.0365673219193"
"24","0.959177129571","0.987529063623","0.0249418727542"
"25","0.961029063623","0.987529063623","0.0253646163602"
"26","0.963289769605","0.987529063623","0.0374128091313"
"27","0.960848044811","0.987529063623","0.0369900655253"
"28","0.961274846755","0.987529063623","0.0361445783133"
"29","0.961994757979","0.987529063623","0.0477700274783"
"30","0.959755928979","0.987529063623","0.0365673219193"
"31","0.960708032129","0.987529063623","0.0369900655253"
"32","0.962461276686","0.987529063623","0.0257873599662"
"33","0.958459120693","0.987529063623","0.0365673219193"
"34","0.960607165504","0.987529063623","0.0253646163602"
"35","0.961707376876","0.987529063623","0.0365673219193"
"36","0.9612934052","0.987529063623","0.0481927710843"
"37","0.959493468611","0.987529063623","0.0257873599662"
"38","0.962007778482","0.987529063623","0.0249418727542"
"39","0.961777679138","0.987529063623","0.0361445783133"
"40","0.961018537307","0.987529063623","0.0253646163602"
"41","0.959695983936","0.987529063623","0.0374128091313"
"42","0.95935487212","0.987529063623","0.0473472838723"
"43","0.959909173536","0.987529063623","0.0369900655253"
"44","0.959996322131","0.987529063623","0.0369900655253"
"45","0.958537814416","0.987529063623","0.0253646163602"
"46","0.960831578947","0.987529063623","0.0369900655253"
"47","0.958915620376","0.987529063623","0.0365673219193"
"48","0.959887465652","0.987529063623","0.0361445783133"
"49","0.957860008455","0.987529063623","0.0369900655253"
"50","0.960741703657","0.987529063623","0.0369900655253"
"51","0.958726442613","0.987529063623","0.0374128091313"
"52","0.956033692665","0.987529063623","0.0473472838723"
"53","0.95644430353","0.987529063623","0.0257873599662"
"54","0.958748932572","0.987529063623","0.0369900655253"
"55","0.958451447897","0.987529063623","0.0369900655253"
"56","0.958234009723","0.987529063623","0.0361445783133"
"57","0.960289156627","0.987529063623","0.0257873599662"
"58","0.96061236525","0.987529063623","0.0365673219193"
"59","0.95534730501","0.987529063623","0.0365673219193"
"60","0.958476791376","0.987529063623","0.0374128091313"
"61","0.959277742549","0.987529063623","0.0374128091313"
"62","0.958827626295","0.987529063623","0.0262101035722"
"63","0.958365926865","0.987529063623","0.0257873599662"
"64","0.9563289368","0.987529063623","0.0374128091313"
"65","0.957463009934","0.987529063623","0.0369900655253"
"66","0.960908180089","0.987529063623","0.0369900655253"
"67","0.954409110125","0.987529063623","0.0477700274783"
"68","0.957250517861","0.987529063623","0.0365673219193"
"69","0.958075671105","0.987529063623","0.0374128091313"
"70","0.95698560558","0.987529063623","0.0365673219193"
"71","0.955909765377","0.987529063623","0.0262101035722"
"72","0.958798710632","0.987529063623","0.0374128091313"
"73","0.958838892412","0.987529063623","0.0365673219193"
"74","0.958493785669","0.987529063623","0.0486155146903"
"75","0.961263770873","0.987529063623","0.0369900655253"
"76","0.958191291482","0.987529063623","0.0369900655253"
"77","0.954906573663","0.987529063623","0.0374128091313"
"78","0.95883170577","0.987529063623","0.0369900655253"
"79","0.958409617417","0.987529063623","0.0369900655253"
"80","0.956117564997","0.987529063623","0.0374128091313"
"81","0.959070598182","0.987529063623","0.0365673219193"
"82","0.958722130628","0.987529063623","0.0365673219193"
"83","0.954469900655","0.987529063623","0.0374128091313"
"84","0.957601225956","0.987529063623","0.0374128091313"
"85","0.960506742761","0.987529063623","0.0481927710843"
"86","0.956297463538","0.987529063623","0.0374128091313"
"87","0.952527266963","0.987529063623","0.0257873599662"
"88","0.956645592898","0.987529063623","0.0374128091313"
"89","0.958212111604","0.987529063623","0.0369900655253"
"90","0.955863813147","0.987529063623","0.0374128091313"
"91","0.955626167829","0.987529063623","0.0257873599662"
"92","0.955797209892","0.987529063623","0.0365673219193"
"93","0.957943817375","0.987529063623","0.0365673219193"
"94","0.954656880152","0.987529063623","0.0486155146903"
"95","0.957599577256","0.987529063623","0.0369900655253"
"96","0.958955907842","0.987529063623","0.0473472838723"
"97","0.954019086874","0.987529063623","0.0374128091313"
"98","0.955538046925","0.987529063623","0.0253646163602"
"99","0.957130839146","0.987529063623","0.0374128091313"
"100","0.958950137392","0.987529063623","0.0374128091313"
"101","0.959568399915","0.987529063623","0.0369900655253"
"102","0.957386007187","0.987529063623","0.0257873599662"
"103","0.954529972522","0.987529063623","0.0253646163602"
"104","0.956453667301","0.987529063623","0.0369900655253"
"105","0.957048023674","0.987529063623","0.0378355527373"
"106","0.957671972099","0.987529063623","0.0378355527373"
"107","0.956985098288","0.987529063623","0.0374128091313"
"108","0.959260177552","0.987529063623","0.0473472838723"
"109","0.955307588248","0.987529063623","0.0369900655253"
"110","0.955048002536","0.987529063623","0.0374128091313"
"111","0.956824793912","0.987529063623","0.0369900655253"
"112","0.955139949271","0.987529063623","0.0481927710843"
"113","0.956590213486","0.987529063623","0.0369900655253"
"114","0.956578503488","0.987529063623","0.0374128091313"
"115","0.957082096808","0.987529063623","0.0486155146903"
"116","0.957806932995","0.987529063623","0.0369900655253"
"117","0.955640963855","0.987529063623","0.0369900655253"
"118","0.956976854788","0.987529063623","0.0481927710843"
"119","0.95583305855","0.987529063623","0.0374128091313"
"120","0.955454068907","0.987529063623","0.0361445783133"
"121","0.955603276263","0.987529063623","0.0378355527373"
"122","0.954037772141","0.987529063623","0.0481927710843"
"123","0.956345149017","0.987529063623","0.0481927710843"
"124","0.954705664764","0.987529063623","0.0374128091313"
"125","0.9560404777","0.987529063623","0.0253646163602"
"126","0.959354259142","0.987529063623","0.0253646163602"
"127","0.955235425914","0.987529063623","0.0262101035722"
"128","0.954052018601","0.987529063623","0.0374128091313"
"129","0.956178989643","0.987529063623","0.0369900655253"
"130","0.955859078419","0.987529063623","0.0369900655253"
"131","0.95617391672","0.987529063623","0.0473472838723"
"132","0.954247368421","0.987529063623","0.0365673219193"
"133","0.955103128303","0.987529063623","0.0365673219193"
"134","0.957186768125","0.987529063623","0.0369900655253"
"135","0.954084506447","0.987529063623","0.0374128091313"
"136","0.953223018389","0.987529063623","0.0374128091313"
"137","0.956535425914","0.987529063623","0.0481927710843"
"138","0.953160367787","0.987529063623","0.0369900655253"
"139","0.957422701332","0.987529063623","0.0369900655253"
"140","0.958350856056","0.987529063623","0.0369900655253"
"141","0.953881822025","0.987529063623","0.0374128091313"
"142","0.955335616149","0.987529063623","0.0481927710843"
"143","0.955418030015","0.987529063623","0.0257873599662"
"144","0.956675459734","0.987529063623","0.0369900655253"
"145","0.956353350243","0.987529063623","0.0361445783133"
"146","0.95263950539","0.987529063623","0.0374128091313"
"147","0.956685563306","0.987529063623","0.0365673219193"
"148","0.954350644684","0.987529063623","0.0374128091313"
"149","0.95563785669","0.987529063623","0.0369900655253"
"150","0.956066962587","0.987529063623","0.0365673219193"
"151","0.956149587825","0.987529063623","0.0365673219193"
"152","0.956595772564","0.987529063623","0.0477700274783"
"153","0.955486303107","0.987529063623","0.0481927710843"
"154","0.954105981822","0.987529063623","0.0374128091313"
"155","0.95431139294","0.987529063623","0.0365673219193"
"156","0.955839251744","0.987529063623","0.0374128091313"
"157","0.955008412598","0.987529063623","0.0378355527373"
"158","0.957110526316","0.987529063623","0.0477700274783"
"159","0.955345656309","0.987529063623","0.0378355527373"
"160","0.954613316424","0.987529063623","0.0477700274783"
"161","0.955790657366","0.987529063623","0.0365673219193"
"162","0.953958951596","0.987529063623","0.0365673219193"
"163","0.957570809554","0.987529063623","0.0369900655253"
"164","0.954445466075","0.987529063623","0.0477700274783"
"165","0.955404354259","0.987529063623","0.0481927710843"
"166","0.954692031283","0.987529063623","0.0374128091313"
"167","0.957024096386","0.987529063623","0.0481927710843"
"168","0.957125914183","0.987529063623","0.0365673219193"
"169","0.954821158317","0.987529063623","0.0369900655253"
"170","0.956235742972","0.987529063623","0.0369900655253"
"171","0.954916254492","0.987529063623","0.0486155146903"
"172","0.956978926231","0.987529063623","0.0365673219193"
"173","0.955372331431","0.987529063623","0.0378355527373"
"174","0.956004523357","0.987529063623","0.0374128091313"
"175","0.955854216867","0.987529063623","0.0369900655253"
"176","0.954221179455","0.987529063623","0.0374128091313"
"177","0.956547389558","0.987529063623","0.0369900655253"
"178","0.953796216445","0.987529063623","0.0481927710843"
"179","0.955761636018","0.987529063623","0.0257873599662"
"180","0.954508539421","0.987529063623","0.0481927710843"
"181","0.954024244346","0.987529063623","0.0481927710843"
"182","0.953566582118","0.987529063623","0.0361445783133"
"183","0.95541754386","0.987529063623","0.0481927710843"
"184","0.955797696047","0.987529063623","0.0365673219193"
"185","0.954878757134","0.987529063623","0.0378355527373"
"186","0.956077129571","0.987529063623","0.0365673219193"
"187","0.955609554005","0.987529063623","0.0369900655253"
"188","0.954908391461","0.987529063623","0.0481927710843"
"189","0.954561044177","0.987529063623","0.0477700274783"
"190","0.951456436271","0.987529063623","0.0374128091313"
"191","0.955188818432","0.987529063623","0.0361445783133"
"192","0.953565567533","0.987529063623","0.0374128091313"
"193","0.958673874445","0.987529063623","0.0374128091313"
"194","0.956458063834","0.987529063623","0.0369900655253"
"195","0.954890340309","0.987529063623","0.0369900655253"
"196","0.956251469034","0.987529063623","0.0378355527373"
"197","0.95620959628","0.987529063623","0.0374128091313"
"198","0.956718220249","0.987529063623","0.0369900655253"
"199","0.957374677658","0.987529063623","0.0374128091313"
"200","0.956364848869","0.987529063623","0.0374128091313"
"201","0.957428049038","0.987529063623","0.0477700274783"
"202","0.955620355105","0.987529063623","0.0253646163602"
"203","0.957798922004","0.987529063623","0.0369900655253"
"204","0.955940054957","0.987529063623","0.0369900655253"
"205","0.953789748468","0.987529063623","0.0378355527373"
"206","0.955093806806","0.987529063623","0.0369900655253"
"207","0.955345106743","0.987529063623","0.0374128091313"
"208","0.956239991545","0.987529063623","0.0374128091313"
"209","0.958133671528","0.987529063623","0.0486155146903"
"210","0.958119108011","0.987529063623","0.0477700274783"
"211","0.954091058973","0.987529063623","0.0477700274783"
"212","0.957057746777","0.987529063623","0.0486155146903"
"213","0.956739336293","0.987529063623","0.0374128091313"
"214","0.954881758613","0.987529063623","0.0374128091313"
"215","0.954410505179","0.987529063623","0.0374128091313"
"216","0.953828746565","0.987529063623","0.0365673219193"
"217","0.953243796238","0.987529063623","0.0374128091313"
"218","0.958567786937","0.987529063623","0.0249418727542"
"219","0.954306489114","0.987529063623","0.0481927710843"
"220","0.956215134221","0.987529063623","0.0481927710843"
"221","0.956198816318","0.987529063623","0.0481927710843"
"222","0.954262037624","0.987529063623","0.0257873599662"
"223","0.957705347707","0.987529063623","0.0477700274783"
"224","0.956890171211","0.987529063623","0.0481927710843"
"225","0.955634538153","0.987529063623","0.0369900655253"
"226","0.957022553371","0.987529063623","0.0365673219193"
"227","0.954468928345","0.987529063623","0.0486155146903"
"228","0.957201817798","0.987529063623","0.0481927710843"
"229","0.956412872543","0.987529063623","0.0365673219193"
"230","0.958306615937","0.987529063623","0.0378355527373"
"231","0.954436609596","0.987529063623","0.0378355527373"
"232","0.956844197844","0.987529063623","0.0374128091313"
"233","0.956594736842","0.987529063623","0.0365673219193"
"234","0.956269012894","0.987529063623","0.0374128091313"
"235","0.952331494399","0.987529063623","0.0477700274783"
"236","0.954689558233","0.987529063623","0.0477700274783"
"237","0.955886514479","0.987529063623","0.0262101035722"
"238","0.957003931516","0.987529063623","0.0374128091313"
"239","0.953457176073","0.987529063623","0.0369900655253"
"240","0.953463009934","0.987529063623","0.0374128091313"
"241","0.955785774678","0.987529063623","0.0481927710843"
"242","0.957151828366","0.987529063623","0.0369900655253"
"243","0.957466814627","0.987529063623","0.0481927710843"
"244","0.95690465018","0.987529063623","0.0477700274783"
"245","0.952831008244","0.987529063623","0.0477700274783"
"246","0.956754998943","0.987529063623","0.0262101035722"
"247","0.955164066793","0.987529063623","0.0374128091313"
"248","0.956200591841","0.987529063623","0.0477700274783"
"249","0.956337201437","0.987529063623","0.0374128091313"
"250","0.95637518495","0.987529063623","0.0369900655253"
"251","0.956615303319","0.987529063623","0.0378355527373"
"252","0.955419678715","0.987529063623","0.0365673219193"
"253","0.957219805538","0.987529063623","0.0374128091313"
"254","0.953511075882","0.987529063623","0.0374128091313"
"255","0.95525254703","0.987529063623","0.0481927710843"
"256","0.953122257451","0.987529063623","0.0486155146903"
"257","0.955559057282","0.987529063623","0.0369900655253"
"258","0.954819890087","0.987529063623","0.0374128091313"
"259","0.95348560558","0.987529063623","0.0369900655253"
"260","0.956521369689","0.987529063623","0.0374128091313"
"261","0.958238068062","0.987529063623","0.0378355527373"
"262","0.957500274783","0.987529063623","0.0374128091313"
"263","0.955954745297","0.987529063623","0.0486155146903"
"264","0.955212597759","0.987529063623","0.0365673219193"
"265","0.954836186853","0.987529063623","0.0481927710843"
"266","0.954104840414","0.987529063623","0.0374128091313"
"267","0.952815937434","0.987529063623","0.0378355527373"
"268","0.956236482773","0.987529063623","0.0481927710843"
"269","0.955795497781","0.987529063623","0.0486155146903"
"270","0.957902071444","0.987529063623","0.0481927710843"
"271","0.955074529698","0.987529063623","0.0477700274783"
"272","0.956626315789","0.987529063623","0.0365673219193"
"273","0.955614161911","0.987529063623","0.0365673219193"
"274","0.95154115409","0.987529063623","0.0477700274783"
"275","0.952939441978","0.987529063623","0.0486155146903"
"276","0.954979813993","0.987529063623","0.0369900655253"
"277","0.956406721623","0.987529063623","0.0481927710843"
"278","0.955672394843","0.987529063623","0.0481927710843"
"279","0.956879539209","0.987529063623","0.0490382582963"
"280","0.953817755231","0.987529063623","0.0481927710843"
"281","0.956572880998","0.987529063623","0.0374128091313"
"282","0.955958063834","0.987529063623","0.0486155146903"
"283","0.955736440499","0.987529063623","0.0477700274783"
"284","0.9564239907","0.987529063623","0.0374128091313"
"285","0.957300887762","0.987529063623","0.0249418727542"
"286","0.958007355739","0.987529063623","0.0477700274783"
"287","0.956480300148","0.987529063623","0.0477700274783"
"288","0.954525829634","0.987529063623","0.0369900655253"
"289","0.95503238216","0.987529063623","0.0481927710843"
"290","0.956101268231","0.987529063623","0.0369900655253"
"291","0.953167491017","0.987529063623","0.0481927710843"
"292","0.955412175016","0.987529063623","0.0374128091313"
"293","0.954387888396","0.987529063623","0.0374128091313"
"294","0.954853350243","0.987529063623","0.0374128091313"
"295","0.952607989854","0.987529063623","0.0481927710843"
"296","0.956908666244","0.987529063623","0.0378355527373"
"297","0.955542274361","0.987529063623","0.0369900655253"
"298","0.954826865356","0.987529063623","0.0374128091313"
"299","0.955249608962","0.987529063623","0.0490382582963"
"300","0.956192010146","0.987529063623","0.0374128091313"
"301","0.954990784189","0.987529063623","0.0378355527373"
"302","0.956910737688","0.987529063623","0.0481927710843"
"303","0.953909173536","0.987529063623","0.0378355527373"
"304","0.955890213486","0.987529063623","0.0481927710843"
"305","0.955014626929","0.987529063623","0.0365673219193"
"306","0.954502240541","0.987529063623","0.0477700274783"
"307","0.956305199746","0.987529063623","0.0369900655253"
"308","0.957541703657","0.987529063623","0.0365673219193"
"309","0.952184273938","0.987529063623","0.0257873599662"
"310","0.954726019869","0.987529063623","0.0374128091313"
"311","0.953201627563","0.987529063623","0.0486155146903"
"312","0.95467421264","0.987529063623","0.0477700274783"
"313","0.95608875502","0.987529063623","0.0369900655253"
"314","0.956423863877","0.987529063623","0.0378355527373"
"315","0.956131283027","0.987529063623","0.0374128091313"
"316","0.952366180512","0.987529063623","0.0486155146903"
"317","0.956077467766","0.987529063623","0.0477700274783"
"318","0.953776347495","0.987529063623","0.0378355527373"
"319","0.95551866413","0.987529063623","0.0374128091313"
"320","0.954837159163","0.987529063623","0.0378355527373"
"321","0.954561720566","0.987529063623","0.0486155146903"
"322","0.95595502008","0.987529063623","0.0481927710843"
"323","0.952471612767","0.987529063623","0.0374128091313"
"324","0.951247072501","0.987529063623","0.0374128091313"
"325","0.956428429508","0.987529063623","0.0374128091313"
"326","0.954116021983","0.987529063623","0.0378355527373"
"327","0.955119657578","0.987529063623","0.0486155146903"
"328","0.954374550835","0.987529063623","0.0378355527373"
"329","0.953631050518","0.987529063623","0.0477700274783"
"330","0.956916740647","0.987529063623","0.0378355527373"
"331","0.955854935532","0.987529063623","0.0486155146903"
"332","0.956155823293","0.987529063623","0.0374128091313"
"333","0.954663665187","0.987529063623","0.0374128091313"
"334","0.956675671105","0.987529063623","0.0490382582963"
"335","0.954407376876","0.987529063623","0.0257873599662"
"336","0.953477087297","0.987529063623","0.0477700274783"
"337","0.956629634327","0.987529063623","0.0378355527373"
"338","0.955987719298","0.987529063623","0.0477700274783"
"339","0.955134432467","0.987529063623","0.0477700274783"
"340","0.953532487846","0.987529063623","0.0481927710843"
"341","0.957372331431","0.987529063623","0.0481927710843"
"342","0.953744282393","0.987529063623","0.0369900655253"
"343","0.955736546185","0.987529063623","0.0365673219193"
"344","0.952722003805","0.987529063623","0.0473472838723"
"345","0.95705734517","0.987529063623","0.0374128091313"
"346","0.956495899387","0.987529063623","0.0369900655253"
"347","0.956683111393","0.987529063623","0.0481927710843"
"348","0.954133692665","0.987529063623","0.0378355527373"
"349","0.954063242443","0.987529063623","0.0486155146903"
"350","0.954199492708","0.987529063623","0.0481927710843"
"351","0.957756351723","0.987529063623","0.0481927710843"
"352","0.954964045656","0.987529063623","0.0486155146903"
"353","0.959194060452","0.987529063623","0.0477700274783"
"354","0.954028492919","0.987529063623","0.0481927710843"
"355","0.952056753329","0.987529063623","0.0481927710843"
"356","0.951992538575","0.987529063623","0.0374128091313"
"357","0.953909828789","0.987529063623","0.0374128091313"
"358","0.951617564997","0.987529063623","0.0481927710843"
"359","0.954586345382","0.987529063623","0.0481927710843"
"360","0.952883238216","0.987529063623","0.0365673219193"
"361","0.95618298457","0.987529063623","0.0374128091313"
"362","0.95374939759","0.987529063623","0.0374128091313"
"363","0.957265482985","0.987529063623","0.0481927710843"
"364","0.956767279645","0.987529063623","0.0365673219193"
"365","0.959010357218","0.987529063623","0.0481927710843"
"366","0.959224984147","0.987529063623","0.0486155146903"
"367","0.95152361023","0.987529063623","0.0374128091313"
"368","0.955062735151","0.987529063623","0.0249418727542"
"369","0.955165926865","0.987529063623","0.0481927710843"
"370","0.954864383851","0.987529063623","0.0486155146903"
"371","0.954448023674","0.987529063623","0.0477700274783"
"372","0.954995222997","0.987529063623","0.0374128091313"
"373","0.953709152399","0.987529063623","0.0374128091313"
"374","0.954581462693","0.987529063623","0.0262101035722"
"375","0.953101606426","0.987529063623","0.0378355527373"
"376","0.956358380892","0.987529063623","0.0374128091313"
"377","0.957089811879","0.987529063623","0.0369900655253"
"378","0.957406045234","0.987529063623","0.0481927710843"
"379","0.955285478757","0.987529063623","0.0374128091313"
"380","0.954714965124","0.987529063623","0.0481927710843"
"381","0.956424371169","0.987529063623","0.0486155146903"
"382","0.956214563517","0.987529063623","0.0486155146903"
"383","0.957311688861","0.987529063623","0.0374128091313"
"384","0.957018283661","0.987529063623","0.0374128091313"
"385","0.955106932995","0.987529063623","0.0481927710843"
"386","0.955303529909","0.987529063623","0.0486155146903"
"387","0.954199788628","0.987529063623","0.0357218347073"
"388","0.958283470725","0.987529063623","0.0365673219193"
"389","0.955495624604","0.987529063623","0.0477700274783"
"390","0.954566920313","0.987529063623","0.0369900655253"
"391","0.956504861551","0.987529063623","0.0374128091313"
"392","0.956695096174","0.987529063623","0.0369900655253"
"393","0.955677256394","0.987529063623","0.0481927710843"
"394","0.955986725851","0.987529063623","0.0477700274783"
"395","0.954359205242","0.987529063623","0.0369900655253"
"396","0.954509723103","0.987529063623","0.0481927710843"
"397","0.953752145424","0.987529063623","0.0481927710843"
"398","0.957520545339","0.987529063623","0.0490382582963"
"399","0.956395011625","0.987529063623","0.0369900655253"
"400","0.956401965758","0.987529063623","0.0481927710843"
"401","0.955354132319","0.987529063623","0.0374128091313"
"402","0.954438089199","0.987529063623","0.0486155146903"
"403","0.956073219193","0.987529063623","0.0374128091313"
"404","0.957052504756","0.987529063623","0.0486155146903"
"405","0.953710441767","0.987529063623","0.0374128091313"
"406","0.955859458888","0.987529063623","0.0378355527373"
"407","0.955080934263","0.987529063623","0.0378355527373"
"408","0.954521327415","0.987529063623","0.0378355527373"
"409","0.953571380258","0.987529063623","0.0477700274783"
"410","0.955498266751","0.987529063623","0.0374128091313"
"411","0.952132424435","0.987529063623","0.0481927710843"
"412","0.954789537096","0.987529063623","0.0374128091313"
"413","0.955791481716","0.987529063623","0.0365673219193"
"414","0.955747833439","0.987529063623","0.0477700274783"
"415","0.957194356373","0.987529063623","0.0481927710843"
"416","0.955026294652","0.987529063623","0.0369900655253"
"417","0.953637877827","0.987529063623","0.0249418727542"
"418","0.95696461636","0.987529063623","0.0481927710843"
"419","0.956169921792","0.987529063623","0.0374128091313"
"420","0.95308492919","0.987529063623","0.0378355527373"
"421","0.955018558444","0.987529063623","0.0486155146903"
"422","0.955652124287","0.987529063623","0.0374128091313"
"423","0.954971824139","0.987529063623","0.0374128091313"
"424","0.954422511097","0.987529063623","0.0369900655253"
"425","0.955692792222","0.987529063623","0.0374128091313"
"426","0.953175882477","0.987529063623","0.0374128091313"
"427","0.954135489326","0.987529063623","0.0481927710843"
"428","0.955508454872","0.987529063623","0.0374128091313"
"429","0.953994102727","0.987529063623","0.0481927710843"
"430","0.952470555908","0.987529063623","0.0378355527373"
"431","0.955587233143","0.987529063623","0.0365673219193"
"432","0.951894990488","0.987529063623","0.0369900655253"
"433","0.954828027901","0.987529063623","0.0365673219193"
"434","0.956901331642","0.987529063623","0.0477700274783"
"435","0.954530141619","0.987529063623","0.0365673219193"
"436","0.953652737265","0.987529063623","0.0486155146903"
"437","0.955484168252","0.987529063623","0.0369900655253"
"438","0.955669541323","0.987529063623","0.0490382582963"
"439","0.957030395265","0.987529063623","0.0374128091313"
"440","0.956945571761","0.987529063623","0.0374128091313"
"441","0.954458930459","0.987529063623","0.0365673219193"
"442","0.955348805749","0.987529063623","0.0365673219193"
"443","0.956295582329","0.987529063623","0.0365673219193"
"444","0.9528272881","0.987529063623","0.0481927710843"
"445","0.954961382372","0.987529063623","0.0262101035722"
"446","0.952587719298","0.987529063623","0.0481927710843"
"447","0.955897717185","0.987529063623","0.0369900655253"
"448","0.956682265906","0.987529063623","0.0486155146903"
"449","0.955966645529","0.987529063623","0.0477700274783"
"450","0.956198626083","0.987529063623","0.0486155146903"
"451","0.955250200803","0.987529063623","0.0253646163602"
"452","0.958450433312","0.987529063623","0.0481927710843"
"453","0.954856647643","0.987529063623","0.0378355527373"
"454","0.955463052209","0.987529063623","0.0481927710843"
"455","0.953690509406","0.987529063623","0.0369900655253"
"456","0.954855971253","0.987529063623","0.0486155146903"
"457","0.956212280702","0.987529063623","0.0490382582963"
"458","0.952524645952","0.987529063623","0.0378355527373"
"459","0.955923715916","0.987529063623","0.0369900655253"
"460","0.955470048616","0.987529063623","0.0378355527373"
"461","0.956640921581","0.987529063623","0.0477700274783"
"462","0.95555419573","0.987529063623","0.0486155146903"
"463","0.954447981399","0.987529063623","0.0481927710843"
"464","0.955731600085","0.987529063623","0.0378355527373"
"465","0.956869224265","0.987529063623","0.0486155146903"
"466","0.954186768125","0.987529063623","0.0486155146903"
"467","0.957395751427","0.987529063623","0.0481927710843"
"468","0.952180976538","0.987529063623","0.0378355527373"
"469","0.953770259987","0.987529063623","0.0481927710843"
"470","0.954917903192","0.987529063623","0.0490382582963"
"471","0.955007567111","0.987529063623","0.0486155146903"
"472","0.9553289368","0.987529063623","0.0486155146903"
"473","0.957222342","0.987529063623","0.0369900655253"
"474","0.956090023251","0.987529063623","0.0369900655253"
"475","0.953982202494","0.987529063623","0.0486155146903"
"476","0.955900782076","0.987529063623","0.0481927710843"
"477","0.954939906996","0.987529063623","0.0486155146903"
"478","0.956798816318","0.987529063623","0.0486155146903"
"479","0.956506066371","0.987529063623","0.0486155146903"
"480","0.955753117734","0.987529063623","0.0481927710843"
"481","0.957672204608","0.987529063623","0.0481927710843"
"482","0.954907672796","0.987529063623","0.0481927710843"
"483","0.95287009089","0.987529063623","0.0374128091313"
"484","0.954686197421","0.987529063623","0.0477700274783"
"485","0.951264975692","0.987529063623","0.0365673219193"
"486","0.955697632636","0.987529063623","0.0477700274783"
"487","0.955147917988","0.987529063623","0.0486155146903"
"488","0.955913612344","0.987529063623","0.0477700274783"
"489","0.957645825407","0.987529063623","0.0486155146903"
"490","0.955260135278","0.987529063623","0.0481927710843"
"491","0.955352145424","0.987529063623","0.0378355527373"
"492","0.955300126823","0.987529063623","0.0486155146903"
"493","0.955580849715","0.987529063623","0.0481927710843"
"494","0.953790150074","0.987529063623","0.0369900655253"
"495","0.954263538364","0.987529063623","0.0365673219193"
"496","0.952295899387","0.987529063623","0.0374128091313"
"497","0.955223631368","0.987529063623","0.0378355527373"
"498","0.956204903826","0.987529063623","0.0374128091313"
"499","0.956252293384","0.987529063623","0.0374128091313"
"500","0.954906045234","0.987529063623","0.0378355527373"
"501","0.956888924118","0.987529063623","0.0473472838723"
"502","0.958115768337","0.987529063623","0.0378355527373"
"503","0.956977975058","0.987529063623","0.0369900655253"
"504","0.956395011625","0.987529063623","0.0486155146903"
"505","0.954907778482","0.987529063623","0.0481927710843"
"506","0.956032255337","0.987529063623","0.0486155146903"
"507","0.956673493976","0.987529063623","0.0481927710843"
"508","0.953516381315","0.987529063623","0.0477700274783"
"509","0.958196723737","0.987529063623","0.0481927710843"
"510","0.956900274783","0.987529063623","0.0481927710843"
"511","0.954039547664","0.987529063623","0.0365673219193"
"512","0.955847917988","0.987529063623","0.0486155146903"
"513","0.956359649123","0.987529063623","0.0486155146903"
"514","0.954602303953","0.987529063623","0.0481927710843"
"515","0.953930691186","0.987529063623","0.0369900655253"
"516","0.956144683999","0.987529063623","0.0374128091313"
"517","0.956018642993","0.987529063623","0.0365673219193"
"518","0.954264172479","0.987529063623","0.0374128091313"
"519","0.958071570492","0.987529063623","0.0374128091313"
"520","0.955509976749","0.987529063623","0.0365673219193"
"521","0.955266138237","0.987529063623","0.0378355527373"
"522","0.953059945043","0.987529063623","0.0486155146903"
"523","0.955007736208","0.987529063623","0.0481927710843"
"524","0.954924941873","0.987529063623","0.0369900655253"
"525","0.955593362925","0.987529063623","0.0486155146903"
"526","0.954160240964","0.987529063623","0.0477700274783"
"527","0.958627520609","0.987529063623","0.0490382582963"
"528","0.957034326781","0.987529063623","0.0481927710843"
"529","0.954482604101","0.987529063623","0.0369900655253"
"530","0.955147770027","0.987529063623","0.0481927710843"
"531","0.955813633481","0.987529063623","0.0369900655253"
"532","0.95672496301","0.987529063623","0.0378355527373"
"533","0.957184590996","0.987529063623","0.0477700274783"
"534","0.956522849292","0.987529063623","0.0481927710843"
"535","0.955031600085","0.987529063623","0.0486155146903"
"536","0.955089959839","0.987529063623","0.0486155146903"
"537","0.955867131685","0.987529063623","0.0486155146903"
"538","0.956527710843","0.987529063623","0.0490382582963"
"539","0.955355189178","0.987529063623","0.0374128091313"
"540","0.957037983513","0.987529063623","0.0257873599662"
"541","0.957702198267","0.987529063623","0.0374128091313"
"542","0.956792982456","0.987529063623","0.0365673219193"
"543","0.955955358275","0.987529063623","0.0486155146903"
"544","0.953575417459","0.987529063623","0.0477700274783"
"545","0.955051299937","0.987529063623","0.0486155146903"
"546","0.955600549567","0.987529063623","0.0490382582963"
"547","0.957600443881","0.987529063623","0.0490382582963"
"548","0.956758634538","0.987529063623","0.0486155146903"
"549","0.954660029592","0.987529063623","0.0486155146903"
"550","0.955949482139","0.987529063623","0.0374128091313"
"551","0.957069583598","0.987529063623","0.0374128091313"
"552","0.952399619531","0.987529063623","0.0477700274783"
"553","0.955575988163","0.987529063623","0.0486155146903"
"554","0.956262756288","0.987529063623","0.0257873599662"
"555","0.955326548298","0.987529063623","0.0486155146903"
"556","0.953686239696","0.987529063623","0.0369900655253"
"557","0.957223419996","0.987529063623","0.0481927710843"
"558","0.953745677447","0.987529063623","0.0378355527373"
"559","0.955348446417","0.987529063623","0.0494610019023"
"560","0.955038807863","0.987529063623","0.0378355527373"
"561","0.954724984147","0.987529063623","0.0477700274783"
"562","0.956323969562","0.987529063623","0.0486155146903"
"563","0.955990276897","0.987529063623","0.0486155146903"
"564","0.9564049461","0.987529063623","0.0374128091313"
"565","0.955475015853","0.987529063623","0.0490382582963"
"566","0.956288818432","0.987529063623","0.0486155146903"
"567","0.954496533502","0.987529063623","0.0481927710843"
"568","0.956347072501","0.987529063623","0.0486155146903"
"569","0.955804248573","0.987529063623","0.0374128091313"
"570","0.958978588036","0.987529063623","0.0369900655253"
"571","0.954974867893","0.987529063623","0.0477700274783"
"572","0.957194948214","0.987529063623","0.0365673219193"
"573","0.955256478546","0.987529063623","0.0369900655253"
"574","0.955779370112","0.987529063623","0.0481927710843"
"575","0.95722248996","0.987529063623","0.0486155146903"
"576","0.956292158106","0.987529063623","0.0369900655253"
"577","0.959236250264","0.987529063623","0.0369900655253"
"578","0.955043753963","0.987529063623","0.0481927710843"
"579","0.955758909321","0.987529063623","0.0374128091313"
"580","0.955244768548","0.987529063623","0.0481927710843"
"581","0.956744726274","0.987529063623","0.0365673219193"
"582","0.955672796449","0.987529063623","0.0477700274783"
"583","0.95519699852","0.987529063623","0.0486155146903"
"584","0.955095582329","0.987529063623","0.0486155146903"
"585","0.956896935109","0.987529063623","0.0486155146903"
"586","0.955307102093","0.987529063623","0.0378355527373"
"587","0.955971570492","0.987529063623","0.0378355527373"
"588","0.957701521877","0.987529063623","0.0477700274783"
"589","0.95588875502","0.987529063623","0.0365673219193"
"590","0.954319784401","0.987529063623","0.0369900655253"
"591","0.953038068062","0.987529063623","0.0481927710843"
"592","0.953287824984","0.987529063623","0.0374128091313"
"593","0.95366679349","0.987529063623","0.0486155146903"
"594","0.959169456774","0.987529063623","0.0481927710843"
"595","0.957526865356","0.987529063623","0.0490382582963"
"596","0.957089600507","0.987529063623","0.0486155146903"
"597","0.955796618051","0.987529063623","0.0486155146903"
"598","0.957455041218","0.987529063623","0.0486155146903"
"599","0.952447326147","0.987529063623","0.0486155146903"
"600","0.955037560769","0.987529063623","0.0481927710843"
"601","0.956616952019","0.987529063623","0.0486155146903"
"602","0.954236081167","0.987529063623","0.0257873599662"
"603","0.953783978017","0.987529063623","0.0369900655253"
"604","0.956761931938","0.987529063623","0.0486155146903"
"605","0.95251783978","0.987529063623","0.0481927710843"
"606","0.954814352145","0.987529063623","0.0365673219193"
"607","0.955686852674","0.987529063623","0.0486155146903"
"608","0.955552758402","0.987529063623","0.0486155146903"
"609","0.955646966815","0.987529063623","0.0369900655253"
"610","0.956299788628","0.987529063623","0.0365673219193"
"611","0.955926675122","0.987529063623","0.0369900655253"
"612","0.954846649757","0.987529063623","0.0369900655253"
"613","0.953008835341","0.987529063623","0.0477700274783"
"614","0.956036081167","0.987529063623","0.0481927710843"
"615","0.956212534348","0.987529063623","0.0477700274783"
"616","0.955517945466","0.987529063623","0.0369900655253"
"617","0.9566206933","0.987529063623","0.0374128091313"
"618","0.956236440499","0.987529063623","0.0486155146903"
"619","0.956672880998","0.987529063623","0.0481927710843"
"620","0.956087824984","0.987529063623","0.0374128091313"
"621","0.953912618897","0.987529063623","0.0378355527373"
"622","0.956198985415","0.987529063623","0.0365673219193"
"623","0.956900253646","0.987529063623","0.0486155146903"
"624","0.955718896639","0.987529063623","0.0486155146903"
"625","0.954864785458","0.987529063623","0.0486155146903"
"626","0.95530217713","0.987529063623","0.0365673219193"
"627","0.954597484676","0.987529063623","0.0481927710843"
"628","0.957861276686","0.987529063623","0.0486155146903"
"629","0.956168209681","0.987529063623","0.0481927710843"
"630","0.956360114141","0.987529063623","0.0490382582963"
"631","0.957377827098","0.987529063623","0.0477700274783"
"632","0.956604164025","0.987529063623","0.0481927710843"
"633","0.959674128091","0.987529063623","0.0477700274783"
"634","0.955585584443","0.987529063623","0.0481927710843"
"635","0.956865757768","0.987529063623","0.0374128091313"
"636","0.955340773621","0.987529063623","0.0486155146903"
"637","0.955133565842","0.987529063623","0.0486155146903"
"638","0.957031600085","0.987529063623","0.0374128091313"
"639","0.956499133376","0.987529063623","0.0369900655253"
"640","0.955218600719","0.987529063623","0.0374128091313"
"641","0.954631029381","0.987529063623","0.0374128091313"
"642","0.955634051997","0.987529063623","0.0486155146903"
"643","0.953042337772","0.987529063623","0.0369900655253"
"644","0.955696512365","0.987529063623","0.0477700274783"
"645","0.954296068484","0.987529063623","0.0486155146903"
"646","0.953490572818","0.987529063623","0.0486155146903"
"647","0.955645001057","0.987529063623","0.0486155146903"
"648","0.953585436483","0.987529063623","0.0374128091313"
"649","0.955720820123","0.987529063623","0.0374128091313"
"650","0.95597353625","0.987529063623","0.0369900655253"
"651","0.955661889664","0.987529063623","0.0481927710843"
"652","0.957262270133","0.987529063623","0.0369900655253"
"653","0.957620291693","0.987529063623","0.0481927710843"
"654","0.95640547453","0.987529063623","0.0369900655253"
"655","0.956427562883","0.987529063623","0.0477700274783"
"656","0.954623504544","0.987529063623","0.0486155146903"
"657","0.954486683576","0.987529063623","0.0374128091313"
"658","0.953432508983","0.987529063623","0.0486155146903"
"659","0.960157239484","0.987529063623","0.0369900655253"
"660","0.954514457831","0.987529063623","0.0486155146903"
"661","0.957629507504","0.987529063623","0.0481927710843"
"662","0.955202642148","0.987529063623","0.0481927710843"
"663","0.954289685056","0.987529063623","0.0253646163602"
"664","0.95436034665","0.987529063623","0.0365673219193"
"665","0.953062058761","0.987529063623","0.0481927710843"
"666","0.955819784401","0.987529063623","0.0486155146903"
"667","0.956391989009","0.987529063623","0.0473472838723"
"668","0.955640625661","0.987529063623","0.0378355527373"
"669","0.952863179032","0.987529063623","0.0481927710843"
"670","0.954559860495","0.987529063623","0.0481927710843"
"671","0.956073789896","0.987529063623","0.0369900655253"
"672","0.956094356373","0.987529063623","0.0378355527373"
"673","0.953946734306","0.987529063623","0.0369900655253"
"674","0.955670978651","0.987529063623","0.0486155146903"
"675","0.955530522088","0.987529063623","0.0490382582963"
"676","0.953430289579","0.987529063623","0.0378355527373"
"677","0.958516212217","0.987529063623","0.0253646163602"
"678","0.953695117311","0.987529063623","0.0481927710843"
"679","0.955360050729","0.987529063623","0.0374128091313"
"680","0.956043859649","0.987529063623","0.0369900655253"
"681","0.956569964067","0.987529063623","0.0481927710843"
"682","0.956968970619","0.987529063623","0.0481927710843"
"683","0.957104734728","0.987529063623","0.0378355527373"
"684","0.952859585711","0.987529063623","0.0486155146903"
"685","0.952357070387","0.987529063623","0.0481927710843"
"686","0.956445444938","0.987529063623","0.0486155146903"
"687","0.9560661171","0.987529063623","0.0378355527373"
"688","0.951409786514","0.987529063623","0.0481927710843"
"689","0.95525666878","0.987529063623","0.0262101035722"
"690","0.954174804481","0.987529063623","0.0378355527373"
"691","0.95639737899","0.987529063623","0.0477700274783"
"692","0.955967681251","0.987529063623","0.0477700274783"
"693","0.953194842528","0.987529063623","0.0477700274783"
"694","0.954782963433","0.987529063623","0.0257873599662"
"695","0.952732508983","0.987529063623","0.0481927710843"
"696","0.956238829","0.987529063623","0.0486155146903"
"697","0.954429803424","0.987529063623","0.0481927710843"
"698","0.955583238216","0.987529063623","0.0490382582963"
"699","0.955972690763","0.987529063623","0.0589727330374"
"700","0.955998224477","0.987529063623","0.0486155146903"
"701","0.955840604523","0.987529063623","0.0481927710843"
"702","0.953877066159","0.987529063623","0.0477700274783"
"703","0.956681779751","0.987529063623","0.0365673219193"
"704","0.955698604946","0.987529063623","0.0486155146903"
"705","0.956420207144","0.987529063623","0.0374128091313"
"706","0.953299873177","0.987529063623","0.0369900655253"
"707","0.954976791376","0.987529063623","0.0481927710843"
"708","0.956771084337","0.987529063623","0.0486155146903"
"709","0.955165948003","0.987529063623","0.0486155146903"
"710","0.956243056436","0.987529063623","0.0481927710843"
"711","0.955518051152","0.987529063623","0.0374128091313"
"712","0.956680849715","0.987529063623","0.0481927710843"
"713","0.955919382794","0.987529063623","0.0486155146903"
"714","0.959717966603","0.987529063623","0.0486155146903"
"715","0.956572521666","0.987529063623","0.0481927710843"
"716","0.955901289368","0.987529063623","0.0486155146903"
"717","0.953794969351","0.987529063623","0.0374128091313"
"718","0.955190234623","0.987529063623","0.0486155146903"
"719","0.953734939759","0.987529063623","0.0490382582963"
"720","0.95490465018","0.987529063623","0.0481927710843"
"721","0.956145466075","0.987529063623","0.0486155146903"
"722","0.95262181357","0.987529063623","0.0477700274783"
"723","0.954561171","0.987529063623","0.0374128091313"
"724","0.954995962799","0.987529063623","0.0486155146903"
"725","0.952956795603","0.987529063623","0.0494610019023"
"726","0.956154068907","0.987529063623","0.0486155146903"
"727","0.957183639822","0.987529063623","0.0481927710843"
"728","0.956556055802","0.987529063623","0.0481927710843"
"729","0.954381610653","0.987529063623","0.0374128091313"
"730","0.954084823505","0.987529063623","0.0486155146903"
"731","0.954963221306","0.987529063623","0.0262101035722"
"732","0.953946882266","0.987529063623","0.0486155146903"
"733","0.956837983513","0.987529063623","0.0378355527373"
"734","0.954027879941","0.987529063623","0.0486155146903"
"735","0.956108010991","0.987529063623","0.0494610019023"
"736","0.955871337984","0.987529063623","0.0486155146903"
"737","0.953741407736","0.987529063623","0.0481927710843"
"738","0.95500247305","0.987529063623","0.0486155146903"
"739","0.956453794124","0.987529063623","0.0490382582963"
"740","0.955788881843","0.987529063623","0.0490382582963"
"741","0.95879782287","0.987529063623","0.0481927710843"
"742","0.957458972733","0.987529063623","0.0481927710843"
"743","0.955071253435","0.987529063623","0.0486155146903"
"744","0.953813527795","0.987529063623","0.0374128091313"
"745","0.955902705559","0.987529063623","0.0257873599662"
"746","0.959338110336","0.987529063623","0.0374128091313"
"747","0.956866391883","0.987529063623","0.0378355527373"
"748","0.958930522088","0.987529063623","0.0481927710843"
"749","0.955959120693","0.987529063623","0.0486155146903"
"750","0.956214098499","0.987529063623","0.0369900655253"
"751","0.957313379835","0.987529063623","0.0374128091313"
"752","0.953086070598","0.987529063623","0.0369900655253"
"753","0.956252082012","0.987529063623","0.0481927710843"
"754","0.9567355316","0.987529063623","0.0374128091313"
"755","0.956031177341","0.987529063623","0.0378355527373"
"756","0.955854703023","0.987529063623","0.0490382582963"
"757","0.955537898964","0.987529063623","0.0374128091313"
"758","0.95376529275","0.987529063623","0.0481927710843"
"759","0.955095117311","0.987529063623","0.0490382582963"
"760","0.956473493976","0.987529063623","0.0481927710843"
"761","0.953495413232","0.987529063623","0.0490382582963"
"762","0.955322849292","0.987529063623","0.0481927710843"
"763","0.955098922004","0.987529063623","0.0481927710843"
"764","0.955195032763","0.987529063623","0.0374128091313"
"765","0.955095392095","0.987529063623","0.0481927710843"
"766","0.957793130416","0.987529063623","0.0486155146903"
"767","0.951669160854","0.987529063623","0.0490382582963"
"768","0.953928429508","0.987529063623","0.0477700274783"
"769","0.955369837244","0.987529063623","0.0374128091313"
"770","0.95863208624","0.987529063623","0.0369900655253"
"771","0.953537370535","0.987529063623","0.0486155146903"
"772","0.955524392306","0.987529063623","0.0486155146903"
"773","0.95605569647","0.987529063623","0.0378355527373"
"774","0.955727753118","0.987529063623","0.0598182202494"
"775","0.954731283027","0.987529063623","0.0490382582963"
"776","0.955326569436","0.987529063623","0.0486155146903"
"777","0.955541597971","0.987529063623","0.0374128091313"
"778","0.954897442401","0.987529063623","0.0374128091313"
"779","0.953080046502","0.987529063623","0.0490382582963"
"780","0.955780194462","0.987529063623","0.0378355527373"
"781","0.955487148594","0.987529063623","0.0481927710843"
"782","0.955544134432","0.987529063623","0.0486155146903"
"783","0.953188543648","0.987529063623","0.0374128091313"
"784","0.953458909321","0.987529063623","0.0378355527373"
"785","0.95558328049","0.987529063623","0.0486155146903"
"786","0.957090128937","0.987529063623","0.0490382582963"
"787","0.954292115832","0.987529063623","0.0481927710843"
"788","0.95642428662","0.987529063623","0.0486155146903"
"789","0.956230331854","0.987529063623","0.0490382582963"
"790","0.955209279222","0.987529063623","0.0374128091313"
"791","0.955762798563","0.987529063623","0.0490382582963"
"792","0.957848044811","0.987529063623","0.0481927710843"
"793","0.956868230818","0.987529063623","0.0481927710843"
"794","0.957476643416","0.987529063623","0.0473472838723"
"795","0.955195032763","0.987529063623","0.0486155146903"
"796","0.954966624392","0.987529063623","0.0481927710843"
"797","0.954723863877","0.987529063623","0.0374128091313"
"798","0.957960156415","0.987529063623","0.0486155146903"
"799","0.955950792644","0.987529063623","0.0378355527373"
"800","0.954091354893","0.987529063623","0.0481927710843"
"801","0.954151215388","0.987529063623","0.0490382582963"
"802","0.958360621433","0.987529063623","0.0257873599662"
"803","0.958224096386","0.987529063623","0.0374128091313"
"804","0.958266983724","0.987529063623","0.0490382582963"
"805","0.96067091524","0.987529063623","0.0486155146903"
"806","0.957375607694","0.987529063623","0.0369900655253"
"807","0.953338850137","0.987529063623","0.0486155146903"
"808","0.953105178609","0.987529063623","0.0490382582963"
"809","0.954068928345","0.987529063623","0.0481927710843"
"810","0.958512153879","0.987529063623","0.0374128091313"
"811","0.955251490171","0.987529063623","0.0477700274783"
"812","0.95441027267","0.987529063623","0.0374128091313"
"813","0.955694821391","0.987529063623","0.0481927710843"
"814","0.956357408582","0.987529063623","0.0486155146903"
"815","0.953690192348","0.987529063623","0.0374128091313"
"816","0.95505899387","0.987529063623","0.0481927710843"
"817","0.956192284929","0.987529063623","0.0486155146903"
"818","0.956980849715","0.987529063623","0.0374128091313"
"819","0.955094969351","0.987529063623","0.0486155146903"
"820","0.957478228704","0.987529063623","0.0477700274783"
"821","0.954748657789","0.987529063623","0.0490382582963"
"822","0.955090763052","0.987529063623","0.0481927710843"
"823","0.955285711266","0.987529063623","0.0481927710843"
"824","0.954907905305","0.987529063623","0.0374128091313"
"825","0.956283491862","0.987529063623","0.0486155146903"
"826","0.953152018601","0.987529063623","0.0481927710843"
"827","0.957640667935","0.987529063623","0.0490382582963"
"828","0.957675163813","0.987529063623","0.0481927710843"
"829","0.955476262947","0.987529063623","0.0374128091313"
"830","0.956993954766","0.987529063623","0.0486155146903"
"831","0.958331029381","0.987529063623","0.0486155146903"
"832","0.954287021771","0.987529063623","0.0486155146903"
"833","0.955006193194","0.987529063623","0.0374128091313"
"834","0.953730078208","0.987529063623","0.0486155146903"
"835","0.953559078419","0.987529063623","0.0490382582963"
"836","0.957048805749","0.987529063623","0.0486155146903"
"837","0.95486926654","0.987529063623","0.0486155146903"
"838","0.957741365462","0.987529063623","0.0486155146903"
"839","0.957464679772","0.987529063623","0.0378355527373"
"840","0.958101268231","0.987529063623","0.0378355527373"
"841","0.957557028112","0.987529063623","0.0481927710843"
"842","0.956762270133","0.987529063623","0.0481927710843"
"843","0.953048002536","0.987529063623","0.0369900655253"
"844","0.954155083492","0.987529063623","0.0481927710843"
"845","0.956212005918","0.987529063623","0.0473472838723"
"846","0.954508222363","0.987529063623","0.0490382582963"
"847","0.954767956035","0.987529063623","0.0369900655253"
"848","0.953524941873","0.987529063623","0.0486155146903"
"849","0.957298583809","0.987529063623","0.0481927710843"
"850","0.955300570704","0.987529063623","0.0369900655253"
"851","0.954379370112","0.987529063623","0.0378355527373"
"852","0.957639737899","0.987529063623","0.0490382582963"
"853","0.957524645952","0.987529063623","0.0374128091313"
"854","0.954856140351","0.987529063623","0.0481927710843"
"855","0.955153413655","0.987529063623","0.0486155146903"
"856","0.955907841894","0.987529063623","0.0481927710843"
"857","0.954003846967","0.987529063623","0.0481927710843"
"858","0.956795138449","0.987529063623","0.0486155146903"
"859","0.954352166561","0.987529063623","0.0486155146903"
"860","0.955134178821","0.987529063623","0.0481927710843"
"861","0.954689896428","0.987529063623","0.0374128091313"
"862","0.953136186853","0.987529063623","0.0369900655253"
"863","0.95340712323","0.987529063623","0.0378355527373"
"864","0.952783111393","0.987529063623","0.0262101035722"
"865","0.957334876347","0.987529063623","0.0486155146903"
"866","0.955253646164","0.987529063623","0.0486155146903"
"867","0.956767533291","0.987529063623","0.0365673219193"
"868","0.956583830057","0.987529063623","0.0490382582963"
"869","0.955621771296","0.987529063623","0.0490382582963"
"870","0.956751490171","0.987529063623","0.0369900655253"
"871","0.95402525893","0.987529063623","0.0486155146903"
"872","0.953297083069","0.987529063623","0.0481927710843"
"873","0.954770069753","0.987529063623","0.0374128091313"
"874","0.957892475164","0.987529063623","0.0369900655253"
"875","0.954351194251","0.987529063623","0.0490382582963"
"876","0.954805791587","0.987529063623","0.0486155146903"
"877","0.953844092158","0.987529063623","0.0253646163602"
"878","0.958058507715","0.987529063623","0.0490382582963"
"879","0.956256837878","0.987529063623","0.0481927710843"
"880","0.956606489114","0.987529063623","0.0374128091313"
"881","0.955321285141","0.987529063623","0.0378355527373"
"882","0.953794715705","0.987529063623","0.0481927710843"
"883","0.954883639822","0.987529063623","0.0374128091313"
"884","0.95482961319","0.987529063623","0.0490382582963"
"885","0.955016360178","0.987529063623","0.0374128091313"
"886","0.953004544494","0.987529063623","0.0486155146903"
"887","0.95833320651","0.987529063623","0.0374128091313"
"888","0.956756309448","0.987529063623","0.0481927710843"
"889","0.956219255971","0.987529063623","0.0486155146903"
"890","0.952998118791","0.987529063623","0.0481927710843"
"891","0.955183724371","0.987529063623","0.0481927710843"
"892","0.957533629254","0.987529063623","0.0486155146903"
"893","0.957964151342","0.987529063623","0.0369900655253"
"894","0.95646859015","0.987529063623","0.0486155146903"
"895","0.957962101036","0.987529063623","0.0378355527373"
"896","0.956064700909","0.987529063623","0.0374128091313"
"897","0.958991608539","0.987529063623","0.0481927710843"
"898","0.953474931304","0.987529063623","0.0477700274783"
"899","0.955481652927","0.987529063623","0.0486155146903"
"900","0.95587353625","0.987529063623","0.0374128091313"
"901","0.956424096386","0.987529063623","0.0481927710843"
"902","0.956996300993","0.987529063623","0.0486155146903"
"903","0.957712428662","0.987529063623","0.0378355527373"
"904","0.958963453815","0.987529063623","0.0481927710843"
"905","0.956759184105","0.987529063623","0.0374128091313"
"906","0.954047262735","0.987529063623","0.0481927710843"
"907","0.957844028747","0.987529063623","0.0490382582963"
"908","0.956292369478","0.987529063623","0.0481927710843"
"909","0.95448080744","0.987529063623","0.0378355527373"
"910","0.955821158317","0.987529063623","0.0481927710843"
"911","0.956059733672","0.987529063623","0.0486155146903"
"912","0.953886493342","0.987529063623","0.0490382582963"
"913","0.957125089833","0.987529063623","0.0477700274783"
"914","0.956175628831","0.987529063623","0.0481927710843"
"915","0.955081145635","0.987529063623","0.0481927710843"
"916","0.954719573029","0.987529063623","0.0481927710843"
"917","0.953041238639","0.987529063623","0.0486155146903"
"918","0.956584041429","0.987529063623","0.0378355527373"
"919","0.956749376453","0.987529063623","0.0378355527373"
"920","0.954751469034","0.987529063623","0.0481927710843"
"921","0.955777658","0.987529063623","0.0490382582963"
"922","0.954829718876","0.987529063623","0.0490382582963"
"923","0.955349207356","0.987529063623","0.0486155146903"
"924","0.954323673642","0.987529063623","0.0369900655253"
"925","0.954831008244","0.987529063623","0.0374128091313"
"926","0.95614692454","0.987529063623","0.0481927710843"
"927","0.956323673642","0.987529063623","0.0481927710843"
"928","0.953732255337","0.987529063623","0.0486155146903"
"929","0.953592158106","0.987529063623","0.0481927710843"
"930","0.954573261467","0.987529063623","0.0486155146903"
"931","0.953074783344","0.987529063623","0.0490382582963"
"932","0.955698224477","0.987529063623","0.0490382582963"
"933","0.956166455295","0.987529063623","0.0481927710843"
"934","0.956977975058","0.987529063623","0.0369900655253"
"935","0.95590547453","0.987529063623","0.0486155146903"
"936","0.957200697527","0.987529063623","0.0374128091313"
"937","0.957556647643","0.987529063623","0.0369900655253"
"938","0.956561889664","0.987529063623","0.0486155146903"
"939","0.953036038892","0.987529063623","0.0598182202494"
"940","0.956322447685","0.987529063623","0.0477700274783"
"941","0.953948298457","0.987529063623","0.0374128091313"
"942","0.956907080955","0.987529063623","0.0486155146903"
"943","0.958025554851","0.987529063623","0.0486155146903"
"944","0.953819573029","0.987529063623","0.0494610019023"
"945","0.95403538364","0.987529063623","0.0486155146903"
"946","0.955210674276","0.987529063623","0.0369900655253"
"947","0.957642062989","0.987529063623","0.0378355527373"
"948","0.956873176918","0.987529063623","0.0486155146903"
"949","0.955047114775","0.987529063623","0.0494610019023"
"950","0.957464743183","0.987529063623","0.0486155146903"
"951","0.959190699641","0.987529063623","0.0481927710843"
"952","0.958353244557","0.987529063623","0.0378355527373"
"953","0.957947178186","0.987529063623","0.0486155146903"
"954","0.953591058973","0.987529063623","0.0481927710843"
"955","0.955222764743","0.987529063623","0.0490382582963"
"956","0.95372361023","0.987529063623","0.0374128091313"
"957","0.95708890298","0.987529063623","0.0490382582963"
"958","0.95188710632","0.987529063623","0.0481927710843"
"959","0.95466873811","0.987529063623","0.0369900655253"
"960","0.955173134644","0.987529063623","0.0481927710843"
"961","0.954794166138","0.987529063623","0.0486155146903"
"962","0.956547326147","0.987529063623","0.0378355527373"
"963","0.953856330586","0.987529063623","0.0481927710843"
"964","0.957300422744","0.987529063623","0.0486155146903"
"965","0.956223652505","0.987529063623","0.0490382582963"
"966","0.956393024731","0.987529063623","0.0481927710843"
"967","0.953504037201","0.987529063623","0.0374128091313"
"968","0.956782646375","0.987529063623","0.0374128091313"
"969","0.952218030015","0.987529063623","0.0374128091313"
"970","0.952380194462","0.987529063623","0.0490382582963"
"971","0.955677319806","0.987529063623","0.0490382582963"
"972","0.957243310082","0.987529063623","0.0486155146903"
"973","0.954281166772","0.987529063623","0.0481927710843"
"974","0.956621411964","0.987529063623","0.0369900655253"
"975","0.955790784189","0.987529063623","0.0486155146903"
"976","0.954518790953","0.987529063623","0.0481927710843"
"977","0.955621264003","0.987529063623","0.0481927710843"
"978","0.954647770027","0.987529063623","0.0378355527373"
"979","0.958200042274","0.987529063623","0.0481927710843"
"980","0.957067110547","0.987529063623","0.0374128091313"
"981","0.95660562249","0.987529063623","0.0486155146903"
"982","0.954265060241","0.987529063623","0.0378355527373"
"983","0.955047622067","0.987529063623","0.0486155146903"
"984","0.954729000211","0.987529063623","0.0481927710843"
"985","0.956724350032","0.987529063623","0.0486155146903"
"986","0.955652631579","0.987529063623","0.0486155146903"
"987","0.955101077996","0.987529063623","0.0490382582963"
"988","0.955989029803","0.987529063623","0.0486155146903"
"989","0.953431811456","0.987529063623","0.0490382582963"
"990","0.955557006975","0.987529063623","0.0494610019023"
"991","0.955895159586","0.987529063623","0.0486155146903"
"992","0.953740942718","0.987529063623","0.0378355527373"
"993","0.953063665187","0.987529063623","0.0369900655253"
"994","0.954254808709","0.987529063623","0.0486155146903"
"995","0.956445170154","0.987529063623","0.0374128091313"
"996","0.955679496935","0.987529063623","0.0374128091313"
"997","0.955360705982","0.987529063623","0.0374128091313"
"998","0.956589050941","0.987529063623","0.0486155146903"
"999","0.958165461847","0.987529063623","0.0374128091313"
"1000","0.953930310717","0.987529063623","0.0374128091313"
