"Series","Fast Retailing Co 3y 1d"
"Signal","CGO"
"Generations","1000"
"Ending","max generations were reached"
"Best Strategy","0111000110110000101000011100111110101101100100010111110010111000	","Accuracy","0.620027434842"
"Unique Strats","9508"
"0","0.500114677641","0.573388203018","0.429355281207"
"1","0.507489300412","0.578875171468","0.443072702332"
"2","0.512133058985","0.578875171468","0.43072702332"
"3","0.515733607682","0.578875171468","0.444444444444"
"4","0.518335253772","0.578875171468","0.447187928669"
"5","0.520489026063","0.581618655693","0.447187928669"
"6","0.522498353909","0.587105624143","0.448559670782"
"7","0.524299176955","0.592592592593","0.448559670782"
"8","0.525909739369","0.592592592593","0.449931412894"
"9","0.527039368999","0.592592592593","0.444444444444"
"10","0.52816515775","0.593964334705","0.455418381344"
"11","0.52920877915","0.593964334705","0.459533607682"
"12","0.530482716049","0.593964334705","0.466392318244"
"13","0.531721399177","0.593964334705","0.448559670782"
"14","0.532674622771","0.593964334705","0.466392318244"
"15","0.533455555556","0.593964334705","0.458161865569"
"16","0.534189711934","0.593964334705","0.465020576132"
"17","0.534823868313","0.593964334705","0.467764060357"
"18","0.535474759945","0.593964334705","0.462277091907"
"19","0.536067489712","0.593964334705","0.463648834019"
"20","0.536512894376","0.593964334705","0.441700960219"
"21","0.537268587106","0.599451303155","0.459533607682"
"22","0.537891906722","0.599451303155","0.448559670782"
"23","0.53843127572","0.599451303155","0.463648834019"
"24","0.539151851852","0.599451303155","0.465020576132"
"25","0.53945994513","0.599451303155","0.469135802469"
"26","0.539579423868","0.599451303155","0.469135802469"
"27","0.540376268861","0.599451303155","0.467764060357"
"28","0.540864471879","0.599451303155","0.466392318244"
"29","0.541582167353","0.599451303155","0.465020576132"
"30","0.54178175583","0.599451303155","0.459533607682"
"31","0.542548148148","0.599451303155","0.469135802469"
"32","0.542803017833","0.599451303155","0.465020576132"
"33","0.542946227709","0.599451303155","0.470507544582"
"34","0.543534293553","0.599451303155","0.460905349794"
"35","0.543692043896","0.599451303155","0.471879286694"
"36","0.544058161866","0.600823045267","0.470507544582"
"37","0.544637174211","0.600823045267","0.473251028807"
"38","0.544930452675","0.600823045267","0.474622770919"
"39","0.545212894376","0.60219478738","0.471879286694"
"40","0.545309053498","0.60219478738","0.470507544582"
"41","0.545973113855","0.60219478738","0.459533607682"
"42","0.5465478738","0.60219478738","0.470507544582"
"43","0.546692043896","0.60219478738","0.463648834019"
"44","0.547222496571","0.60219478738","0.478737997257"
"45","0.547287379973","0.60219478738","0.480109739369"
"46","0.547635528121","0.60219478738","0.462277091907"
"47","0.5478478738","0.60219478738","0.473251028807"
"48","0.547883539095","0.606310013717","0.470507544582"
"49","0.548298765432","0.606310013717","0.478737997257"
"50","0.548525651578","0.606310013717","0.465020576132"
"51","0.54857914952","0.606310013717","0.462277091907"
"52","0.54882085048","0.606310013717","0.470507544582"
"53","0.549177091907","0.606310013717","0.475994513032"
"54","0.549475857339","0.606310013717","0.480109739369"
"55","0.549636762689","0.606310013717","0.478737997257"
"56","0.549779972565","0.606310013717","0.467764060357"
"57","0.549955144033","0.606310013717","0.463648834019"
"58","0.550341289438","0.606310013717","0.474622770919"
"59","0.550446502058","0.606310013717","0.473251028807"
"60","0.550672839506","0.606310013717","0.469135802469"
"61","0.551096296296","0.60768175583","0.475994513032"
"62","0.551317146776","0.60768175583","0.473251028807"
"63","0.551455829904","0.60768175583","0.474622770919"
"64","0.551612482853","0.60768175583","0.478737997257"
"65","0.552230864198","0.60768175583","0.456790123457"
"66","0.552088203018","0.60768175583","0.469135802469"
"67","0.55234005487","0.60768175583","0.478737997257"
"68","0.552703840878","0.60768175583","0.467764060357"
"69","0.552907956104","0.60768175583","0.471879286694"
"70","0.552962962963","0.60768175583","0.478737997257"
"71","0.553516460905","0.60768175583","0.486968449931"
"72","0.553530727023","0.60768175583","0.481481481481"
"73","0.55335473251","0.60768175583","0.481481481481"
"74","0.55365733882","0.60768175583","0.485596707819"
"75","0.553664197531","0.60768175583","0.477366255144"
"76","0.554343072702","0.60768175583","0.473251028807"
"77","0.554339643347","0.611796982167","0.481481481481"
"78","0.55471920439","0.611796982167","0.480109739369"
"79","0.554735528121","0.611796982167","0.486968449931"
"80","0.555168998628","0.611796982167","0.481481481481"
"81","0.555063923182","0.611796982167","0.467764060357"
"82","0.555478875171","0.611796982167","0.480109739369"
"83","0.555534430727","0.611796982167","0.484224965706"
"84","0.555227709191","0.611796982167","0.474622770919"
"85","0.555608093278","0.611796982167","0.488340192044"
"86","0.555840466392","0.611796982167","0.484224965706"
"87","0.556153223594","0.611796982167","0.484224965706"
"88","0.556300685871","0.611796982167","0.484224965706"
"89","0.556460082305","0.611796982167","0.478737997257"
"90","0.556931138546","0.611796982167","0.473251028807"
"91","0.557014128944","0.611796982167","0.488340192044"
"92","0.556750891632","0.611796982167","0.477366255144"
"93","0.556982578875","0.611796982167","0.478737997257"
"94","0.557390123457","0.611796982167","0.485596707819"
"95","0.557515089163","0.611796982167","0.489711934156"
"96","0.557666392318","0.611796982167","0.482853223594"
"97","0.557829218107","0.611796982167","0.484224965706"
"98","0.558014814815","0.611796982167","0.488340192044"
"99","0.558116735254","0.611796982167","0.484224965706"
"100","0.558034293553","0.611796982167","0.467764060357"
"101","0.558091495199","0.611796982167","0.482853223594"
"102","0.558252400549","0.611796982167","0.478737997257"
"103","0.558527434842","0.611796982167","0.489711934156"
"104","0.558391632373","0.611796982167","0.480109739369"
"105","0.558351028807","0.611796982167","0.480109739369"
"106","0.558558710562","0.611796982167","0.485596707819"
"107","0.558709876543","0.611796982167","0.481481481481"
"108","0.559125514403","0.611796982167","0.489711934156"
"109","0.559639506173","0.611796982167","0.486968449931"
"110","0.55951138546","0.611796982167","0.489711934156"
"111","0.559537585734","0.611796982167","0.486968449931"
"112","0.559601371742","0.611796982167","0.470507544582"
"113","0.559590809328","0.611796982167","0.486968449931"
"114","0.559575445816","0.611796982167","0.488340192044"
"115","0.55994266118","0.611796982167","0.486968449931"
"116","0.560287517147","0.611796982167","0.485596707819"
"117","0.560624828532","0.611796982167","0.485596707819"
"118","0.560329492455","0.61316872428","0.491083676269"
"119","0.560587791495","0.61316872428","0.491083676269"
"120","0.560877640604","0.61316872428","0.491083676269"
"121","0.560952812071","0.61316872428","0.477366255144"
"122","0.561046776406","0.61316872428","0.484224965706"
"123","0.561166529492","0.61316872428","0.489711934156"
"124","0.561149382716","0.61316872428","0.481481481481"
"125","0.561105075446","0.61316872428","0.481481481481"
"126","0.561598079561","0.61316872428","0.489711934156"
"127","0.561717969822","0.61316872428","0.492455418381"
"128","0.561900548697","0.61316872428","0.496570644719"
"129","0.562202194787","0.61316872428","0.493827160494"
"130","0.562194924554","0.61316872428","0.496570644719"
"131","0.562319753086","0.614540466392","0.477366255144"
"132","0.5622478738","0.614540466392","0.495198902606"
"133","0.56241138546","0.614540466392","0.488340192044"
"134","0.562378052126","0.614540466392","0.489711934156"
"135","0.562520301783","0.614540466392","0.496570644719"
"136","0.562707133059","0.614540466392","0.489711934156"
"137","0.562452949246","0.614540466392","0.484224965706"
"138","0.562531687243","0.614540466392","0.491083676269"
"139","0.562514951989","0.614540466392","0.485596707819"
"140","0.563192729767","0.614540466392","0.486968449931"
"141","0.563120713306","0.614540466392","0.489711934156"
"142","0.56335994513","0.614540466392","0.492455418381"
"143","0.563670919067","0.614540466392","0.491083676269"
"144","0.563598902606","0.614540466392","0.497942386831"
"145","0.563430041152","0.614540466392","0.477366255144"
"146","0.563234430727","0.614540466392","0.489711934156"
"147","0.563510150892","0.614540466392","0.489711934156"
"148","0.563817695473","0.614540466392","0.474622770919"
"149","0.563809876543","0.614540466392","0.489711934156"
"150","0.56389478738","0.614540466392","0.481481481481"
"151","0.563935116598","0.614540466392","0.493827160494"
"152","0.564094650206","0.614540466392","0.495198902606"
"153","0.564195884774","0.614540466392","0.493827160494"
"154","0.564572427984","0.614540466392","0.489711934156"
"155","0.56433484225","0.614540466392","0.495198902606"
"156","0.564434430727","0.614540466392","0.484224965706"
"157","0.564194513032","0.614540466392","0.492455418381"
"158","0.564310562414","0.614540466392","0.489711934156"
"159","0.564441563786","0.614540466392","0.492455418381"
"160","0.564397805213","0.614540466392","0.495198902606"
"161","0.56495048011","0.614540466392","0.493827160494"
"162","0.565195884774","0.614540466392","0.496570644719"
"163","0.565287379973","0.614540466392","0.486968449931"
"164","0.565006995885","0.614540466392","0.489711934156"
"165","0.565092043896","0.614540466392","0.488340192044"
"166","0.56537297668","0.614540466392","0.489711934156"
"167","0.5655739369","0.614540466392","0.500685871056"
"168","0.565540877915","0.614540466392","0.486968449931"
"169","0.565464060357","0.614540466392","0.495198902606"
"170","0.565380932785","0.614540466392","0.502057613169"
"171","0.565677777778","0.614540466392","0.491083676269"
"172","0.565822633745","0.614540466392","0.496570644719"
"173","0.565913854595","0.614540466392","0.499314128944"
"174","0.566277914952","0.614540466392","0.484224965706"
"175","0.566473251029","0.61865569273","0.492455418381"
"176","0.566619341564","0.61865569273","0.492455418381"
"177","0.566346776406","0.61865569273","0.497942386831"
"178","0.566233333333","0.61865569273","0.503429355281"
"179","0.566111111111","0.61865569273","0.493827160494"
"180","0.566113854595","0.61865569273","0.495198902606"
"181","0.566374074074","0.61865569273","0.480109739369"
"182","0.566444855967","0.61865569273","0.495198902606"
"183","0.566568312757","0.61865569273","0.497942386831"
"184","0.566638134431","0.61865569273","0.488340192044"
"185","0.566906035665","0.61865569273","0.497942386831"
"186","0.56718079561","0.61865569273","0.485596707819"
"187","0.567127297668","0.61865569273","0.467764060357"
"188","0.567174074074","0.61865569273","0.493827160494"
"189","0.567123182442","0.61865569273","0.497942386831"
"190","0.567021124829","0.61865569273","0.499314128944"
"191","0.567125514403","0.61865569273","0.492455418381"
"192","0.567505898491","0.61865569273","0.489711934156"
"193","0.567697805213","0.61865569273","0.500685871056"
"194","0.567861865569","0.61865569273","0.496570644719"
"195","0.567698628258","0.61865569273","0.485596707819"
"196","0.567614128944","0.61865569273","0.495198902606"
"197","0.567687928669","0.61865569273","0.497942386831"
"198","0.567550342936","0.61865569273","0.492455418381"
"199","0.567780109739","0.61865569273","0.497942386831"
"200","0.567816735254","0.61865569273","0.485596707819"
"201","0.567980521262","0.61865569273","0.496570644719"
"202","0.568229903978","0.61865569273","0.486968449931"
"203","0.568400960219","0.61865569273","0.496570644719"
"204","0.568532098765","0.61865569273","0.500685871056"
"205","0.568598902606","0.61865569273","0.496570644719"
"206","0.568623731139","0.61865569273","0.500685871056"
"207","0.568919615912","0.61865569273","0.504801097394"
"208","0.568719478738","0.61865569273","0.500685871056"
"209","0.568591495199","0.61865569273","0.500685871056"
"210","0.568618930041","0.61865569273","0.493827160494"
"211","0.568635116598","0.61865569273","0.497942386831"
"212","0.569008916324","0.61865569273","0.491083676269"
"213","0.568615363512","0.61865569273","0.499314128944"
"214","0.568642386831","0.61865569273","0.503429355281"
"215","0.568863786008","0.61865569273","0.497942386831"
"216","0.569221124829","0.61865569273","0.492455418381"
"217","0.569350754458","0.61865569273","0.506172839506"
"218","0.569220576132","0.61865569273","0.497942386831"
"219","0.569172016461","0.61865569273","0.496570644719"
"220","0.569167901235","0.61865569273","0.493827160494"
"221","0.569390809328","0.61865569273","0.497942386831"
"222","0.569184499314","0.61865569273","0.493827160494"
"223","0.569078463649","0.61865569273","0.493827160494"
"224","0.569242386831","0.61865569273","0.500685871056"
"225","0.569526886145","0.61865569273","0.496570644719"
"226","0.569359670782","0.61865569273","0.495198902606"
"227","0.56948436214","0.61865569273","0.502057613169"
"228","0.569507407407","0.61865569273","0.499314128944"
"229","0.569281344307","0.61865569273","0.497942386831"
"230","0.569603292181","0.61865569273","0.495198902606"
"231","0.569882853224","0.61865569273","0.507544581619"
"232","0.57021920439","0.61865569273","0.495198902606"
"233","0.569707133059","0.61865569273","0.497942386831"
"234","0.569823731139","0.61865569273","0.492455418381"
"235","0.570288203018","0.61865569273","0.500685871056"
"236","0.570605761317","0.61865569273","0.497942386831"
"237","0.570606310014","0.61865569273","0.497942386831"
"238","0.570206721536","0.61865569273","0.500685871056"
"239","0.57026351166","0.61865569273","0.500685871056"
"240","0.570475994513","0.61865569273","0.499314128944"
"241","0.570310836763","0.61865569273","0.502057613169"
"242","0.570775034294","0.61865569273","0.502057613169"
"243","0.570627434842","0.61865569273","0.484224965706"
"244","0.570791083676","0.61865569273","0.488340192044"
"245","0.570954183813","0.61865569273","0.496570644719"
"246","0.570961316872","0.61865569273","0.496570644719"
"247","0.571128806584","0.61865569273","0.496570644719"
"248","0.571083676269","0.61865569273","0.495198902606"
"249","0.570987791495","0.61865569273","0.496570644719"
"250","0.570881893004","0.61865569273","0.500685871056"
"251","0.570553360768","0.61865569273","0.496570644719"
"252","0.570572290809","0.61865569273","0.496570644719"
"253","0.570578875171","0.61865569273","0.500685871056"
"254","0.570536213992","0.61865569273","0.499314128944"
"255","0.570617421125","0.61865569273","0.484224965706"
"256","0.570942798354","0.61865569273","0.506172839506"
"257","0.571008641975","0.61865569273","0.502057613169"
"258","0.571028120713","0.61865569273","0.491083676269"
"259","0.571077503429","0.61865569273","0.504801097394"
"260","0.571201783265","0.61865569273","0.481481481481"
"261","0.571626474623","0.61865569273","0.500685871056"
"262","0.571379561043","0.61865569273","0.497942386831"
"263","0.571712208505","0.61865569273","0.497942386831"
"264","0.571780932785","0.61865569273","0.499314128944"
"265","0.571827846365","0.61865569273","0.492455418381"
"266","0.571928943759","0.61865569273","0.493827160494"
"267","0.571907407407","0.61865569273","0.504801097394"
"268","0.571625240055","0.61865569273","0.506172839506"
"269","0.571518518519","0.61865569273","0.492455418381"
"270","0.571644993141","0.61865569273","0.508916323731"
"271","0.57169739369","0.61865569273","0.502057613169"
"272","0.571683127572","0.61865569273","0.502057613169"
"273","0.571646502058","0.61865569273","0.495198902606"
"274","0.571889986283","0.61865569273","0.503429355281"
"275","0.571863237311","0.61865569273","0.506172839506"
"276","0.572105075446","0.61865569273","0.503429355281"
"277","0.572352537723","0.61865569273","0.503429355281"
"278","0.572468861454","0.61865569273","0.493827160494"
"279","0.572492043896","0.61865569273","0.488340192044"
"280","0.572483539095","0.61865569273","0.496570644719"
"281","0.572435802469","0.61865569273","0.506172839506"
"282","0.572443621399","0.61865569273","0.495198902606"
"283","0.572296021948","0.61865569273","0.500685871056"
"284","0.571970781893","0.61865569273","0.504801097394"
"285","0.57239739369","0.61865569273","0.510288065844"
"286","0.572445953361","0.61865569273","0.491083676269"
"287","0.572404526749","0.61865569273","0.491083676269"
"288","0.572130041152","0.61865569273","0.504801097394"
"289","0.572361179698","0.61865569273","0.495198902606"
"290","0.572254320988","0.61865569273","0.503429355281"
"291","0.572373388203","0.61865569273","0.503429355281"
"292","0.572706310014","0.61865569273","0.493827160494"
"293","0.572497942387","0.61865569273","0.508916323731"
"294","0.572447599451","0.61865569273","0.503429355281"
"295","0.572752812071","0.61865569273","0.504801097394"
"296","0.572654595336","0.61865569273","0.504801097394"
"297","0.57294526749","0.61865569273","0.500685871056"
"298","0.573125240055","0.61865569273","0.497942386831"
"299","0.572933744856","0.61865569273","0.507544581619"
"300","0.572796433471","0.61865569273","0.497942386831"
"301","0.57283909465","0.61865569273","0.495198902606"
"302","0.572806447188","0.61865569273","0.495198902606"
"303","0.573265706447","0.61865569273","0.503429355281"
"304","0.572928532236","0.61865569273","0.500685871056"
"305","0.573103429355","0.61865569273","0.492455418381"
"306","0.573358573388","0.61865569273","0.493827160494"
"307","0.573551303155","0.61865569273","0.502057613169"
"308","0.573465569273","0.61865569273","0.495198902606"
"309","0.573798079561","0.61865569273","0.503429355281"
"310","0.573439780521","0.61865569273","0.507544581619"
"311","0.573470507545","0.61865569273","0.507544581619"
"312","0.573526611797","0.61865569273","0.504801097394"
"313","0.573532510288","0.61865569273","0.500685871056"
"314","0.573582853224","0.61865569273","0.504801097394"
"315","0.573636899863","0.61865569273","0.503429355281"
"316","0.57367558299","0.61865569273","0.504801097394"
"317","0.573665020576","0.61865569273","0.488340192044"
"318","0.573565020576","0.61865569273","0.500685871056"
"319","0.573864609053","0.61865569273","0.496570644719"
"320","0.573553223594","0.61865569273","0.503429355281"
"321","0.573446502058","0.61865569273","0.503429355281"
"322","0.573600137174","0.61865569273","0.503429355281"
"323","0.574013717421","0.61865569273","0.504801097394"
"324","0.574199314129","0.61865569273","0.492455418381"
"325","0.574086831276","0.61865569273","0.499314128944"
"326","0.574005898491","0.61865569273","0.503429355281"
"327","0.574208504801","0.61865569273","0.507544581619"
"328","0.574522908093","0.61865569273","0.496570644719"
"329","0.574453223594","0.61865569273","0.499314128944"
"330","0.574403017833","0.61865569273","0.496570644719"
"331","0.574383264746","0.61865569273","0.506172839506"
"332","0.574654046639","0.61865569273","0.510288065844"
"333","0.574453909465","0.61865569273","0.508916323731"
"334","0.574006995885","0.61865569273","0.488340192044"
"335","0.57396255144","0.61865569273","0.511659807956"
"336","0.573950617284","0.61865569273","0.506172839506"
"337","0.574222770919","0.61865569273","0.502057613169"
"338","0.57447297668","0.61865569273","0.500685871056"
"339","0.574830864198","0.61865569273","0.502057613169"
"340","0.574765294925","0.61865569273","0.506172839506"
"341","0.574644170096","0.61865569273","0.497942386831"
"342","0.574633196159","0.61865569273","0.507544581619"
"343","0.574398902606","0.61865569273","0.499314128944"
"344","0.574615226337","0.61865569273","0.497942386831"
"345","0.57458600823","0.61865569273","0.503429355281"
"346","0.574783813443","0.61865569273","0.502057613169"
"347","0.574852949246","0.61865569273","0.503429355281"
"348","0.574687928669","0.61865569273","0.506172839506"
"349","0.574931961591","0.61865569273","0.491083676269"
"350","0.574848285322","0.61865569273","0.499314128944"
"351","0.57480617284","0.61865569273","0.499314128944"
"352","0.575196982167","0.61865569273","0.503429355281"
"353","0.575052263374","0.61865569273","0.500685871056"
"354","0.574742524005","0.61865569273","0.502057613169"
"355","0.574598216735","0.61865569273","0.500685871056"
"356","0.574824142661","0.61865569273","0.503429355281"
"357","0.575059533608","0.61865569273","0.485596707819"
"358","0.575109053498","0.61865569273","0.503429355281"
"359","0.575235939643","0.61865569273","0.499314128944"
"360","0.575327434842","0.61865569273","0.508916323731"
"361","0.575669272977","0.61865569273","0.499314128944"
"362","0.575918792867","0.61865569273","0.504801097394"
"363","0.575468312757","0.61865569273","0.500685871056"
"364","0.575640740741","0.61865569273","0.504801097394"
"365","0.575560219479","0.61865569273","0.503429355281"
"366","0.57601824417","0.61865569273","0.497942386831"
"367","0.576040192044","0.61865569273","0.510288065844"
"368","0.575665706447","0.61865569273","0.506172839506"
"369","0.575495884774","0.61865569273","0.493827160494"
"370","0.575642935528","0.61865569273","0.507544581619"
"371","0.575401920439","0.61865569273","0.507544581619"
"372","0.575689300412","0.61865569273","0.508916323731"
"373","0.575707270233","0.61865569273","0.504801097394"
"374","0.575847462277","0.61865569273","0.503429355281"
"375","0.575537311385","0.61865569273","0.510288065844"
"376","0.575400411523","0.61865569273","0.484224965706"
"377","0.575551303155","0.61865569273","0.500685871056"
"378","0.575666803841","0.61865569273","0.502057613169"
"379","0.575845816187","0.61865569273","0.504801097394"
"380","0.575722633745","0.61865569273","0.506172839506"
"381","0.575574348422","0.61865569273","0.507544581619"
"382","0.575635116598","0.61865569273","0.500685871056"
"383","0.575823868313","0.61865569273","0.510288065844"
"384","0.575875171468","0.61865569273","0.504801097394"
"385","0.576147050754","0.61865569273","0.508916323731"
"386","0.575939368999","0.61865569273","0.499314128944"
"387","0.576127160494","0.61865569273","0.507544581619"
"388","0.576027434842","0.61865569273","0.504801097394"
"389","0.575808504801","0.61865569273","0.510288065844"
"390","0.575779972565","0.620027434842","0.502057613169"
"391","0.576096982167","0.620027434842","0.503429355281"
"392","0.575995336077","0.620027434842","0.506172839506"
"393","0.576209602195","0.620027434842","0.508916323731"
"394","0.57591563786","0.620027434842","0.507544581619"
"395","0.575898216735","0.620027434842","0.493827160494"
"396","0.576031550069","0.620027434842","0.503429355281"
"397","0.576230178326","0.620027434842","0.513031550069"
"398","0.576273662551","0.620027434842","0.510288065844"
"399","0.57614005487","0.620027434842","0.508916323731"
"400","0.576074074074","0.620027434842","0.502057613169"
"401","0.575981481481","0.620027434842","0.503429355281"
"402","0.576454595336","0.620027434842","0.503429355281"
"403","0.576464746228","0.620027434842","0.506172839506"
"404","0.576555006859","0.620027434842","0.504801097394"
"405","0.576567215364","0.620027434842","0.493827160494"
"406","0.576988340192","0.620027434842","0.508916323731"
"407","0.576653635117","0.620027434842","0.506172839506"
"408","0.576488340192","0.620027434842","0.510288065844"
"409","0.576455281207","0.620027434842","0.507544581619"
"410","0.576427297668","0.620027434842","0.510288065844"
"411","0.576242798354","0.620027434842","0.507544581619"
"412","0.576535390947","0.620027434842","0.504801097394"
"413","0.576532921811","0.620027434842","0.507544581619"
"414","0.576552812071","0.620027434842","0.504801097394"
"415","0.576455281207","0.620027434842","0.508916323731"
"416","0.576325788752","0.620027434842","0.510288065844"
"417","0.576525240055","0.620027434842","0.495198902606"
"418","0.576809327846","0.620027434842","0.510288065844"
"419","0.576537037037","0.620027434842","0.499314128944"
"420","0.576452812071","0.620027434842","0.504801097394"
"421","0.576711248285","0.620027434842","0.506172839506"
"422","0.577219890261","0.620027434842","0.502057613169"
"423","0.577345404664","0.620027434842","0.499314128944"
"424","0.577200548697","0.620027434842","0.511659807956"
"425","0.577101371742","0.620027434842","0.502057613169"
"426","0.577133744856","0.620027434842","0.510288065844"
"427","0.577244032922","0.620027434842","0.500685871056"
"428","0.5772","0.620027434842","0.504801097394"
"429","0.577249931413","0.620027434842","0.511659807956"
"430","0.577079835391","0.620027434842","0.514403292181"
"431","0.57726776406","0.620027434842","0.508916323731"
"432","0.577299862826","0.620027434842","0.504801097394"
"433","0.577366255144","0.620027434842","0.500685871056"
"434","0.577327846365","0.620027434842","0.492455418381"
"435","0.577270507545","0.620027434842","0.504801097394"
"436","0.576917421125","0.620027434842","0.514403292181"
"437","0.576997119342","0.620027434842","0.504801097394"
"438","0.576981069959","0.620027434842","0.514403292181"
"439","0.57713484225","0.620027434842","0.507544581619"
"440","0.577294650206","0.620027434842","0.506172839506"
"441","0.577391769547","0.620027434842","0.511659807956"
"442","0.57759218107","0.620027434842","0.506172839506"
"443","0.57780877915","0.620027434842","0.503429355281"
"444","0.577680246914","0.620027434842","0.502057613169"
"445","0.577446776406","0.620027434842","0.515775034294"
"446","0.577600960219","0.620027434842","0.514403292181"
"447","0.577548148148","0.620027434842","0.504801097394"
"448","0.57751659808","0.620027434842","0.482853223594"
"449","0.577164471879","0.620027434842","0.500685871056"
"450","0.577005624143","0.620027434842","0.513031550069"
"451","0.5770781893","0.620027434842","0.500685871056"
"452","0.577389163237","0.620027434842","0.507544581619"
"453","0.577519615912","0.620027434842","0.492455418381"
"454","0.577785733882","0.620027434842","0.503429355281"
"455","0.577711934156","0.620027434842","0.508916323731"
"456","0.577760082305","0.620027434842","0.503429355281"
"457","0.577716872428","0.620027434842","0.506172839506"
"458","0.577840740741","0.620027434842","0.506172839506"
"459","0.57788696845","0.620027434842","0.506172839506"
"460","0.577864197531","0.620027434842","0.504801097394"
"461","0.578107681756","0.620027434842","0.503429355281"
"462","0.578057887517","0.620027434842","0.511659807956"
"463","0.577818930041","0.620027434842","0.515775034294"
"464","0.577762688615","0.620027434842","0.513031550069"
"465","0.577967489712","0.620027434842","0.511659807956"
"466","0.577894924554","0.620027434842","0.504801097394"
"467","0.577986556927","0.620027434842","0.511659807956"
"468","0.578175308642","0.620027434842","0.515775034294"
"469","0.578268861454","0.620027434842","0.513031550069"
"470","0.578243347051","0.620027434842","0.511659807956"
"471","0.578342798354","0.620027434842","0.502057613169"
"472","0.577968312757","0.620027434842","0.510288065844"
"473","0.577982578875","0.620027434842","0.502057613169"
"474","0.578270781893","0.620027434842","0.510288065844"
"475","0.57816090535","0.620027434842","0.511659807956"
"476","0.578450342936","0.620027434842","0.502057613169"
"477","0.578591083676","0.620027434842","0.510288065844"
"478","0.578727297668","0.620027434842","0.514403292181"
"479","0.578808367627","0.620027434842","0.513031550069"
"480","0.57849122085","0.620027434842","0.507544581619"
"481","0.578199588477","0.620027434842","0.506172839506"
"482","0.578393689986","0.620027434842","0.511659807956"
"483","0.57852085048","0.620027434842","0.499314128944"
"484","0.578388477366","0.620027434842","0.508916323731"
"485","0.578558847737","0.620027434842","0.499314128944"
"486","0.578928943759","0.620027434842","0.515775034294"
"487","0.578887654321","0.620027434842","0.491083676269"
"488","0.578620987654","0.620027434842","0.511659807956"
"489","0.578724554184","0.620027434842","0.504801097394"
"490","0.578741838134","0.620027434842","0.506172839506"
"491","0.57878079561","0.620027434842","0.514403292181"
"492","0.579064746228","0.620027434842","0.510288065844"
"493","0.578842524005","0.620027434842","0.510288065844"
"494","0.578796296296","0.620027434842","0.510288065844"
"495","0.578718930041","0.620027434842","0.510288065844"
"496","0.578492455418","0.620027434842","0.504801097394"
"497","0.578590946502","0.620027434842","0.504801097394"
"498","0.578525925926","0.620027434842","0.510288065844"
"499","0.578613580247","0.620027434842","0.500685871056"
"500","0.578664060357","0.620027434842","0.502057613169"
"501","0.578733607682","0.620027434842","0.508916323731"
"502","0.579069821674","0.620027434842","0.514403292181"
"503","0.579206035665","0.620027434842","0.517146776406"
"504","0.578895747599","0.620027434842","0.506172839506"
"505","0.578933058985","0.620027434842","0.510288065844"
"506","0.578825102881","0.620027434842","0.506172839506"
"507","0.578414128944","0.620027434842","0.499314128944"
"508","0.578491906722","0.620027434842","0.500685871056"
"509","0.578433196159","0.620027434842","0.493827160494"
"510","0.578656241427","0.620027434842","0.503429355281"
"511","0.578522770919","0.620027434842","0.508916323731"
"512","0.578831550069","0.620027434842","0.507544581619"
"513","0.57881303155","0.620027434842","0.510288065844"
"514","0.578724554184","0.620027434842","0.513031550069"
"515","0.578804115226","0.620027434842","0.502057613169"
"516","0.57906255144","0.620027434842","0.513031550069"
"517","0.579260631001","0.620027434842","0.510288065844"
"518","0.57943484225","0.620027434842","0.507544581619"
"519","0.579362825789","0.620027434842","0.503429355281"
"520","0.579589986283","0.620027434842","0.511659807956"
"521","0.579439506173","0.620027434842","0.513031550069"
"522","0.579223045267","0.620027434842","0.504801097394"
"523","0.579322496571","0.620027434842","0.506172839506"
"524","0.579549794239","0.620027434842","0.511659807956"
"525","0.579610562414","0.620027434842","0.515775034294"
"526","0.57938861454","0.620027434842","0.503429355281"
"527","0.579303978052","0.620027434842","0.503429355281"
"528","0.579243484225","0.620027434842","0.506172839506"
"529","0.579352812071","0.620027434842","0.514403292181"
"530","0.579290809328","0.620027434842","0.515775034294"
"531","0.579155967078","0.620027434842","0.511659807956"
"532","0.579415775034","0.620027434842","0.502057613169"
"533","0.579016460905","0.620027434842","0.518518518519"
"534","0.57917654321","0.620027434842","0.508916323731"
"535","0.579451165981","0.620027434842","0.514403292181"
"536","0.579512345679","0.620027434842","0.503429355281"
"537","0.579627434842","0.620027434842","0.514403292181"
"538","0.579764060357","0.620027434842","0.503429355281"
"539","0.579543758573","0.620027434842","0.504801097394"
"540","0.5798781893","0.620027434842","0.511659807956"
"541","0.579910150892","0.620027434842","0.510288065844"
"542","0.580446364883","0.620027434842","0.514403292181"
"543","0.580127846365","0.620027434842","0.513031550069"
"544","0.579939506173","0.620027434842","0.514403292181"
"545","0.579700823045","0.620027434842","0.499314128944"
"546","0.579707544582","0.620027434842","0.521262002743"
"547","0.579703566529","0.620027434842","0.508916323731"
"548","0.580125240055","0.620027434842","0.513031550069"
"549","0.580086282579","0.620027434842","0.513031550069"
"550","0.58002345679","0.620027434842","0.508916323731"
"551","0.579893004115","0.620027434842","0.500685871056"
"552","0.579786145405","0.620027434842","0.506172839506"
"553","0.579846364883","0.620027434842","0.503429355281"
"554","0.580274211248","0.620027434842","0.493827160494"
"555","0.580141975309","0.620027434842","0.504801097394"
"556","0.580423593964","0.620027434842","0.510288065844"
"557","0.580078326475","0.620027434842","0.503429355281"
"558","0.580082990398","0.620027434842","0.504801097394"
"559","0.580094238683","0.620027434842","0.507544581619"
"560","0.58011399177","0.620027434842","0.502057613169"
"561","0.579923593964","0.620027434842","0.508916323731"
"562","0.58004526749","0.620027434842","0.513031550069"
"563","0.579948148148","0.620027434842","0.510288065844"
"564","0.580145679012","0.620027434842","0.517146776406"
"565","0.580276954733","0.620027434842","0.514403292181"
"566","0.580113854595","0.620027434842","0.514403292181"
"567","0.579975857339","0.620027434842","0.515775034294"
"568","0.580032373114","0.620027434842","0.510288065844"
"569","0.580101371742","0.620027434842","0.510288065844"
"570","0.580069547325","0.620027434842","0.514403292181"
"571","0.580198902606","0.620027434842","0.514403292181"
"572","0.580207956104","0.620027434842","0.511659807956"
"573","0.579930589849","0.620027434842","0.504801097394"
"574","0.580144855967","0.620027434842","0.514403292181"
"575","0.58024526749","0.620027434842","0.506172839506"
"576","0.580276406036","0.620027434842","0.518518518519"
"577","0.580316872428","0.620027434842","0.513031550069"
"578","0.580354595336","0.620027434842","0.519890260631"
"579","0.580317695473","0.620027434842","0.513031550069"
"580","0.580564883402","0.620027434842","0.503429355281"
"581","0.580285185185","0.620027434842","0.506172839506"
"582","0.580269547325","0.620027434842","0.511659807956"
"583","0.579921536351","0.620027434842","0.510288065844"
"584","0.579969272977","0.620027434842","0.506172839506"
"585","0.58038340192","0.620027434842","0.504801097394"
"586","0.580453909465","0.620027434842","0.515775034294"
"587","0.580391495199","0.620027434842","0.511659807956"
"588","0.58024170096","0.620027434842","0.511659807956"
"589","0.580508641975","0.620027434842","0.515775034294"
"590","0.58038600823","0.620027434842","0.514403292181"
"591","0.580366255144","0.620027434842","0.511659807956"
"592","0.580412208505","0.620027434842","0.508916323731"
"593","0.580444170096","0.620027434842","0.519890260631"
"594","0.580417146776","0.620027434842","0.503429355281"
"595","0.580526200274","0.620027434842","0.504801097394"
"596","0.580524142661","0.620027434842","0.508916323731"
"597","0.580548422497","0.620027434842","0.511659807956"
"598","0.580769821674","0.620027434842","0.519890260631"
"599","0.580585733882","0.620027434842","0.514403292181"
"600","0.58042962963","0.620027434842","0.492455418381"
"601","0.580651165981","0.620027434842","0.510288065844"
"602","0.580748010974","0.620027434842","0.507544581619"
"603","0.580836076818","0.620027434842","0.511659807956"
"604","0.580669821674","0.620027434842","0.515775034294"
"605","0.580529903978","0.620027434842","0.514403292181"
"606","0.580385871056","0.620027434842","0.517146776406"
"607","0.580618518519","0.620027434842","0.503429355281"
"608","0.580866666667","0.620027434842","0.507544581619"
"609","0.580723731139","0.620027434842","0.513031550069"
"610","0.580988340192","0.620027434842","0.506172839506"
"611","0.580920713306","0.620027434842","0.492455418381"
"612","0.580959259259","0.620027434842","0.510288065844"
"613","0.580894513032","0.620027434842","0.511659807956"
"614","0.580840466392","0.620027434842","0.515775034294"
"615","0.580666255144","0.620027434842","0.508916323731"
"616","0.580729080933","0.620027434842","0.504801097394"
"617","0.580700960219","0.620027434842","0.518518518519"
"618","0.580471467764","0.620027434842","0.507544581619"
"619","0.580477229081","0.620027434842","0.514403292181"
"620","0.580686419753","0.620027434842","0.517146776406"
"621","0.580935528121","0.620027434842","0.518518518519"
"622","0.580861728395","0.620027434842","0.510288065844"
"623","0.581179561043","0.620027434842","0.515775034294"
"624","0.581142112483","0.620027434842","0.514403292181"
"625","0.581079423868","0.620027434842","0.511659807956"
"626","0.581357201646","0.620027434842","0.508916323731"
"627","0.581374622771","0.620027434842","0.513031550069"
"628","0.581409876543","0.620027434842","0.518518518519"
"629","0.58120877915","0.620027434842","0.517146776406"
"630","0.58099382716","0.620027434842","0.510288065844"
"631","0.580864334705","0.620027434842","0.514403292181"
"632","0.581039506173","0.620027434842","0.513031550069"
"633","0.580955829904","0.620027434842","0.508916323731"
"634","0.580654320988","0.620027434842","0.513031550069"
"635","0.580694924554","0.620027434842","0.507544581619"
"636","0.58112962963","0.620027434842","0.503429355281"
"637","0.581366941015","0.620027434842","0.510288065844"
"638","0.58141303155","0.620027434842","0.507544581619"
"639","0.581381481481","0.620027434842","0.518518518519"
"640","0.581373799726","0.620027434842","0.508916323731"
"641","0.581331138546","0.620027434842","0.514403292181"
"642","0.581503429355","0.620027434842","0.508916323731"
"643","0.581584499314","0.620027434842","0.514403292181"
"644","0.581469684499","0.620027434842","0.517146776406"
"645","0.581416872428","0.620027434842","0.514403292181"
"646","0.581475720165","0.620027434842","0.511659807956"
"647","0.581473525377","0.620027434842","0.513031550069"
"648","0.581377914952","0.620027434842","0.518518518519"
"649","0.581269410151","0.620027434842","0.518518518519"
"650","0.580989849108","0.620027434842","0.514403292181"
"651","0.581190534979","0.620027434842","0.515775034294"
"652","0.581885322359","0.620027434842","0.510288065844"
"653","0.581848010974","0.620027434842","0.514403292181"
"654","0.581529355281","0.620027434842","0.511659807956"
"655","0.581690672154","0.620027434842","0.514403292181"
"656","0.581902331962","0.620027434842","0.518518518519"
"657","0.581863923182","0.620027434842","0.515775034294"
"658","0.581709465021","0.620027434842","0.511659807956"
"659","0.581540877915","0.620027434842","0.515775034294"
"660","0.581659807956","0.620027434842","0.519890260631"
"661","0.582059533608","0.620027434842","0.515775034294"
"662","0.58207914952","0.620027434842","0.514403292181"
"663","0.581779286694","0.620027434842","0.515775034294"
"664","0.581533744856","0.620027434842","0.514403292181"
"665","0.581351440329","0.620027434842","0.519890260631"
"666","0.58147133059","0.620027434842","0.514403292181"
"667","0.581573251029","0.620027434842","0.514403292181"
"668","0.581592729767","0.620027434842","0.515775034294"
"669","0.581741975309","0.620027434842","0.515775034294"
"670","0.58181563786","0.620027434842","0.511659807956"
"671","0.581806035665","0.620027434842","0.513031550069"
"672","0.581785871056","0.620027434842","0.511659807956"
"673","0.581669958848","0.620027434842","0.519890260631"
"674","0.58183744856","0.620027434842","0.517146776406"
"675","0.581603978052","0.620027434842","0.521262002743"
"676","0.581842386831","0.620027434842","0.503429355281"
"677","0.581889711934","0.620027434842","0.518518518519"
"678","0.581614951989","0.620027434842","0.515775034294"
"679","0.581865980796","0.620027434842","0.502057613169"
"680","0.582061179698","0.620027434842","0.517146776406"
"681","0.581926474623","0.620027434842","0.517146776406"
"682","0.582097942387","0.620027434842","0.506172839506"
"683","0.581937037037","0.620027434842","0.517146776406"
"684","0.581929766804","0.620027434842","0.524005486968"
"685","0.58146255144","0.620027434842","0.515775034294"
"686","0.581524554184","0.620027434842","0.517146776406"
"687","0.581789300412","0.620027434842","0.518518518519"
"688","0.5818781893","0.620027434842","0.513031550069"
"689","0.58180877915","0.620027434842","0.517146776406"
"690","0.5819218107","0.620027434842","0.514403292181"
"691","0.581926886145","0.620027434842","0.511659807956"
"692","0.581938820302","0.620027434842","0.511659807956"
"693","0.582012757202","0.620027434842","0.504801097394"
"694","0.582012345679","0.620027434842","0.506172839506"
"695","0.581826474623","0.620027434842","0.513031550069"
"696","0.582045816187","0.620027434842","0.510288065844"
"697","0.582285459534","0.620027434842","0.508916323731"
"698","0.58236515775","0.620027434842","0.517146776406"
"699","0.582456241427","0.620027434842","0.514403292181"
"700","0.582331687243","0.620027434842","0.508916323731"
"701","0.582236625514","0.620027434842","0.515775034294"
"702","0.582162825789","0.620027434842","0.521262002743"
"703","0.58177133059","0.620027434842","0.506172839506"
"704","0.581569958848","0.620027434842","0.510288065844"
"705","0.581471742112","0.620027434842","0.510288065844"
"706","0.581839780521","0.620027434842","0.508916323731"
"707","0.582006995885","0.620027434842","0.508916323731"
"708","0.582094238683","0.620027434842","0.517146776406"
"709","0.582154320988","0.620027434842","0.508916323731"
"710","0.582095610425","0.620027434842","0.519890260631"
"711","0.582344170096","0.620027434842","0.514403292181"
"712","0.582040603567","0.620027434842","0.511659807956"
"713","0.581987379973","0.620027434842","0.510288065844"
"714","0.58190877915","0.620027434842","0.514403292181"
"715","0.581842249657","0.620027434842","0.517146776406"
"716","0.581911659808","0.620027434842","0.511659807956"
"717","0.581926886145","0.620027434842","0.514403292181"
"718","0.582327572016","0.620027434842","0.517146776406"
"719","0.582553772291","0.620027434842","0.506172839506"
"720","0.582423319616","0.620027434842","0.517146776406"
"721","0.582157613169","0.620027434842","0.504801097394"
"722","0.58229739369","0.620027434842","0.508916323731"
"723","0.582024142661","0.620027434842","0.518518518519"
"724","0.581890534979","0.620027434842","0.513031550069"
"725","0.582022633745","0.620027434842","0.500685871056"
"726","0.582223868313","0.620027434842","0.510288065844"
"727","0.581995610425","0.620027434842","0.514403292181"
"728","0.58224951989","0.620027434842","0.514403292181"
"729","0.582301646091","0.620027434842","0.507544581619"
"730","0.582135116598","0.620027434842","0.510288065844"
"731","0.582205898491","0.620027434842","0.517146776406"
"732","0.582311248285","0.620027434842","0.514403292181"
"733","0.582360631001","0.620027434842","0.515775034294"
"734","0.582340603567","0.620027434842","0.508916323731"
"735","0.582311934156","0.620027434842","0.513031550069"
"736","0.582456104252","0.620027434842","0.506172839506"
"737","0.582324828532","0.620027434842","0.513031550069"
"738","0.582077640604","0.620027434842","0.510288065844"
"739","0.582643895748","0.620027434842","0.515775034294"
"740","0.582852812071","0.620027434842","0.517146776406"
"741","0.582858710562","0.620027434842","0.504801097394"
"742","0.582750891632","0.620027434842","0.524005486968"
"743","0.582588203018","0.620027434842","0.511659807956"
"744","0.582426611797","0.620027434842","0.513031550069"
"745","0.582082167353","0.620027434842","0.510288065844"
"746","0.58228340192","0.620027434842","0.511659807956"
"747","0.582361865569","0.620027434842","0.514403292181"
"748","0.582654595336","0.620027434842","0.518518518519"
"749","0.582471467764","0.620027434842","0.526748971193"
"750","0.582483676269","0.620027434842","0.514403292181"
"751","0.582587654321","0.620027434842","0.513031550069"
"752","0.582486694102","0.620027434842","0.507544581619"
"753","0.582726611797","0.620027434842","0.519890260631"
"754","0.58269122085","0.620027434842","0.515775034294"
"755","0.582729218107","0.620027434842","0.504801097394"
"756","0.582644170096","0.620027434842","0.514403292181"
"757","0.582607270233","0.620027434842","0.521262002743"
"758","0.582428257888","0.620027434842","0.514403292181"
"759","0.582572016461","0.620027434842","0.510288065844"
"760","0.582735665295","0.620027434842","0.507544581619"
"761","0.582584636488","0.620027434842","0.508916323731"
"762","0.582778737997","0.620027434842","0.521262002743"
"763","0.582875445816","0.620027434842","0.511659807956"
"764","0.582795473251","0.620027434842","0.519890260631"
"765","0.583035802469","0.620027434842","0.515775034294"
"766","0.582780246914","0.620027434842","0.513031550069"
"767","0.582979972565","0.620027434842","0.518518518519"
"768","0.582800411523","0.620027434842","0.513031550069"
"769","0.582749657064","0.620027434842","0.507544581619"
"770","0.582632510288","0.620027434842","0.513031550069"
"771","0.582743621399","0.620027434842","0.511659807956"
"772","0.582636351166","0.620027434842","0.524005486968"
"773","0.582519753086","0.620027434842","0.521262002743"
"774","0.582418106996","0.620027434842","0.507544581619"
"775","0.582985322359","0.620027434842","0.519890260631"
"776","0.58293388203","0.620027434842","0.517146776406"
"777","0.582874622771","0.620027434842","0.515775034294"
"778","0.583004801097","0.620027434842","0.513031550069"
"779","0.582952537723","0.620027434842","0.517146776406"
"780","0.582801920439","0.620027434842","0.517146776406"
"781","0.583024142661","0.620027434842","0.521262002743"
"782","0.583061179698","0.620027434842","0.517146776406"
"783","0.583225651578","0.620027434842","0.515775034294"
"784","0.583143758573","0.620027434842","0.510288065844"
"785","0.583363374486","0.620027434842","0.515775034294"
"786","0.582972016461","0.620027434842","0.519890260631"
"787","0.582964883402","0.620027434842","0.497942386831"
"788","0.58298600823","0.620027434842","0.514403292181"
"789","0.582841426612","0.620027434842","0.518518518519"
"790","0.582840877915","0.620027434842","0.489711934156"
"791","0.583053360768","0.620027434842","0.517146776406"
"792","0.582691358025","0.620027434842","0.508916323731"
"793","0.582683127572","0.620027434842","0.515775034294"
"794","0.582607407407","0.620027434842","0.511659807956"
"795","0.582864060357","0.620027434842","0.511659807956"
"796","0.583416460905","0.620027434842","0.524005486968"
"797","0.583363100137","0.620027434842","0.518518518519"
"798","0.583475720165","0.620027434842","0.519890260631"
"799","0.583319341564","0.620027434842","0.521262002743"
"800","0.58294526749","0.620027434842","0.522633744856"
"801","0.583224828532","0.620027434842","0.514403292181"
"802","0.583049108368","0.620027434842","0.515775034294"
"803","0.583234293553","0.620027434842","0.515775034294"
"804","0.583146364883","0.620027434842","0.519890260631"
"805","0.583424691358","0.620027434842","0.514403292181"
"806","0.583200274348","0.620027434842","0.518518518519"
"807","0.583373251029","0.620027434842","0.515775034294"
"808","0.583340603567","0.620027434842","0.513031550069"
"809","0.583432784636","0.620027434842","0.511659807956"
"810","0.583365980796","0.620027434842","0.517146776406"
"811","0.583303017833","0.620027434842","0.525377229081"
"812","0.583371193416","0.620027434842","0.513031550069"
"813","0.583400274348","0.620027434842","0.507544581619"
"814","0.583531824417","0.620027434842","0.510288065844"
"815","0.583562688615","0.620027434842","0.518518518519"
"816","0.583560493827","0.620027434842","0.522633744856"
"817","0.583184636488","0.620027434842","0.515775034294"
"818","0.583281069959","0.620027434842","0.513031550069"
"819","0.583105898491","0.620027434842","0.508916323731"
"820","0.583217558299","0.620027434842","0.510288065844"
"821","0.583267078189","0.620027434842","0.514403292181"
"822","0.583596159122","0.620027434842","0.508916323731"
"823","0.583636625514","0.620027434842","0.513031550069"
"824","0.583231001372","0.620027434842","0.519890260631"
"825","0.583148559671","0.620027434842","0.513031550069"
"826","0.583507544582","0.620027434842","0.517146776406"
"827","0.583464060357","0.620027434842","0.514403292181"
"828","0.583384087791","0.620027434842","0.517146776406"
"829","0.583441152263","0.620027434842","0.506172839506"
"830","0.583918106996","0.620027434842","0.522633744856"
"831","0.58361303155","0.620027434842","0.517146776406"
"832","0.583763100137","0.620027434842","0.517146776406"
"833","0.58376090535","0.620027434842","0.514403292181"
"834","0.583709876543","0.620027434842","0.517146776406"
"835","0.583572565158","0.620027434842","0.518518518519"
"836","0.583228532236","0.620027434842","0.507544581619"
"837","0.583448834019","0.620027434842","0.507544581619"
"838","0.583538957476","0.620027434842","0.514403292181"
"839","0.583525925926","0.620027434842","0.522633744856"
"840","0.583459533608","0.620027434842","0.518518518519"
"841","0.583667215364","0.620027434842","0.521262002743"
"842","0.583655967078","0.620027434842","0.521262002743"
"843","0.583632647462","0.620027434842","0.506172839506"
"844","0.58354526749","0.620027434842","0.513031550069"
"845","0.583746776406","0.620027434842","0.515775034294"
"846","0.583782304527","0.620027434842","0.519890260631"
"847","0.583660493827","0.620027434842","0.524005486968"
"848","0.583858573388","0.620027434842","0.511659807956"
"849","0.58404691358","0.620027434842","0.519890260631"
"850","0.584212620027","0.620027434842","0.525377229081"
"851","0.584176131687","0.620027434842","0.518518518519"
"852","0.584007956104","0.620027434842","0.522633744856"
"853","0.584148971193","0.620027434842","0.524005486968"
"854","0.58372085048","0.620027434842","0.514403292181"
"855","0.583720438957","0.620027434842","0.511659807956"
"856","0.583844581619","0.620027434842","0.518518518519"
"857","0.583977366255","0.620027434842","0.514403292181"
"858","0.584043209877","0.620027434842","0.495198902606"
"859","0.584012482853","0.620027434842","0.517146776406"
"860","0.583719341564","0.620027434842","0.508916323731"
"861","0.583472153635","0.620027434842","0.514403292181"
"862","0.583376268861","0.620027434842","0.517146776406"
"863","0.583644581619","0.620027434842","0.515775034294"
"864","0.583818381344","0.620027434842","0.521262002743"
"865","0.583751714678","0.620027434842","0.506172839506"
"866","0.583833333333","0.620027434842","0.519890260631"
"867","0.583580932785","0.620027434842","0.510288065844"
"868","0.583725102881","0.620027434842","0.521262002743"
"869","0.583943484225","0.620027434842","0.513031550069"
"870","0.583595061728","0.620027434842","0.518518518519"
"871","0.583728943759","0.620027434842","0.517146776406"
"872","0.583776817558","0.620027434842","0.511659807956"
"873","0.584162414266","0.620027434842","0.513031550069"
"874","0.584070644719","0.620027434842","0.518518518519"
"875","0.583921399177","0.620027434842","0.522633744856"
"876","0.583636351166","0.620027434842","0.518518518519"
"877","0.583901646091","0.620027434842","0.510288065844"
"878","0.583744581619","0.620027434842","0.515775034294"
"879","0.583850754458","0.620027434842","0.508916323731"
"880","0.583933196159","0.620027434842","0.517146776406"
"881","0.583932784636","0.620027434842","0.517146776406"
"882","0.583964197531","0.620027434842","0.513031550069"
"883","0.584033744856","0.620027434842","0.503429355281"
"884","0.583948559671","0.620027434842","0.519890260631"
"885","0.584091769547","0.620027434842","0.513031550069"
"886","0.584366941015","0.620027434842","0.515775034294"
"887","0.584024142661","0.620027434842","0.515775034294"
"888","0.584126611797","0.620027434842","0.513031550069"
"889","0.584067352538","0.620027434842","0.517146776406"
"890","0.583738820302","0.620027434842","0.514403292181"
"891","0.583824828532","0.620027434842","0.514403292181"
"892","0.584033196159","0.620027434842","0.503429355281"
"893","0.584201646091","0.620027434842","0.511659807956"
"894","0.584138957476","0.620027434842","0.526748971193"
"895","0.584146227709","0.620027434842","0.511659807956"
"896","0.5841521262","0.620027434842","0.525377229081"
"897","0.584587654321","0.620027434842","0.518518518519"
"898","0.584417283951","0.620027434842","0.519890260631"
"899","0.584042935528","0.620027434842","0.518518518519"
"900","0.583937585734","0.620027434842","0.508916323731"
"901","0.583959670782","0.620027434842","0.519890260631"
"902","0.58421824417","0.620027434842","0.528120713306"
"903","0.584281618656","0.620027434842","0.513031550069"
"904","0.584156104252","0.620027434842","0.515775034294"
"905","0.584093004115","0.620027434842","0.515775034294"
"906","0.584283539095","0.620027434842","0.521262002743"
"907","0.584316186557","0.620027434842","0.521262002743"
"908","0.584503429355","0.620027434842","0.521262002743"
"909","0.584758024691","0.620027434842","0.518518518519"
"910","0.584558024691","0.620027434842","0.508916323731"
"911","0.584379561043","0.620027434842","0.497942386831"
"912","0.584407407407","0.620027434842","0.521262002743"
"913","0.584424828532","0.620027434842","0.513031550069"
"914","0.584163786008","0.620027434842","0.519890260631"
"915","0.58378696845","0.620027434842","0.519890260631"
"916","0.583825377229","0.620027434842","0.511659807956"
"917","0.584095884774","0.620027434842","0.517146776406"
"918","0.584281618656","0.620027434842","0.517146776406"
"919","0.584221673525","0.620027434842","0.515775034294"
"920","0.583971742112","0.620027434842","0.517146776406"
"921","0.584194375857","0.620027434842","0.517146776406"
"922","0.584232373114","0.620027434842","0.517146776406"
"923","0.583911659808","0.620027434842","0.521262002743"
"924","0.584277229081","0.620027434842","0.513031550069"
"925","0.584382441701","0.620027434842","0.513031550069"
"926","0.584450754458","0.620027434842","0.515775034294"
"927","0.584434430727","0.620027434842","0.529492455418"
"928","0.584336625514","0.620027434842","0.521262002743"
"929","0.584542524005","0.620027434842","0.517146776406"
"930","0.584447462277","0.620027434842","0.519890260631"
"931","0.584639917695","0.620027434842","0.514403292181"
"932","0.584631961591","0.620027434842","0.525377229081"
"933","0.584727572016","0.620027434842","0.517146776406"
"934","0.58480781893","0.620027434842","0.510288065844"
"935","0.584778463649","0.620027434842","0.514403292181"
"936","0.584729766804","0.620027434842","0.519890260631"
"937","0.58441824417","0.620027434842","0.513031550069"
"938","0.584669821674","0.620027434842","0.510288065844"
"939","0.584676954733","0.620027434842","0.519890260631"
"940","0.584543209877","0.620027434842","0.511659807956"
"941","0.584579835391","0.620027434842","0.515775034294"
"942","0.584435253772","0.620027434842","0.515775034294"
"943","0.584387105624","0.620027434842","0.514403292181"
"944","0.584726748971","0.620027434842","0.517146776406"
"945","0.584659533608","0.620027434842","0.518518518519"
"946","0.584280932785","0.620027434842","0.519890260631"
"947","0.584314540466","0.620027434842","0.521262002743"
"948","0.584245953361","0.620027434842","0.519890260631"
"949","0.584367078189","0.620027434842","0.525377229081"
"950","0.584610288066","0.620027434842","0.511659807956"
"951","0.584920713306","0.620027434842","0.525377229081"
"952","0.584610013717","0.620027434842","0.526748971193"
"953","0.58438079561","0.620027434842","0.508916323731"
"954","0.584465843621","0.620027434842","0.518518518519"
"955","0.584281481481","0.620027434842","0.518518518519"
"956","0.58415308642","0.620027434842","0.522633744856"
"957","0.584439643347","0.620027434842","0.513031550069"
"958","0.584341289438","0.620027434842","0.507544581619"
"959","0.584389986283","0.620027434842","0.522633744856"
"960","0.584282030178","0.620027434842","0.521262002743"
"961","0.584261591221","0.620027434842","0.519890260631"
"962","0.584136899863","0.620027434842","0.508916323731"
"963","0.584335665295","0.620027434842","0.517146776406"
"964","0.584696570645","0.620027434842","0.514403292181"
"965","0.584972016461","0.620027434842","0.517146776406"
"966","0.584606035665","0.620027434842","0.519890260631"
"967","0.584612620027","0.620027434842","0.517146776406"
"968","0.584679423868","0.620027434842","0.517146776406"
"969","0.584635665295","0.620027434842","0.521262002743"
"970","0.584576817558","0.620027434842","0.525377229081"
"971","0.584536625514","0.620027434842","0.515775034294"
"972","0.584581481481","0.620027434842","0.502057613169"
"973","0.58483484225","0.620027434842","0.517146776406"
"974","0.585005486968","0.620027434842","0.517146776406"
"975","0.584899176955","0.620027434842","0.517146776406"
"976","0.584702194787","0.620027434842","0.515775034294"
"977","0.584549931413","0.620027434842","0.514403292181"
"978","0.58478861454","0.620027434842","0.513031550069"
"979","0.584455281207","0.620027434842","0.514403292181"
"980","0.584523868313","0.620027434842","0.518518518519"
"981","0.584749657064","0.620027434842","0.515775034294"
"982","0.584620438957","0.620027434842","0.518518518519"
"983","0.584704252401","0.620027434842","0.504801097394"
"984","0.584919341564","0.620027434842","0.518518518519"
"985","0.584975857339","0.620027434842","0.517146776406"
"986","0.584809053498","0.620027434842","0.518518518519"
"987","0.584601097394","0.620027434842","0.514403292181"
"988","0.584510973937","0.620027434842","0.517146776406"
"989","0.585020987654","0.620027434842","0.522633744856"
"990","0.585004389575","0.620027434842","0.517146776406"
"991","0.584770781893","0.620027434842","0.524005486968"
"992","0.584754046639","0.620027434842","0.519890260631"
"993","0.5847781893","0.620027434842","0.519890260631"
"994","0.584705898491","0.620027434842","0.511659807956"
"995","0.584532921811","0.620027434842","0.519890260631"
"996","0.584589437586","0.620027434842","0.519890260631"
"997","0.584986556927","0.620027434842","0.522633744856"
"998","0.585275445816","0.620027434842","0.515775034294"
"999","0.585209190672","0.620027434842","0.522633744856"
"1000","0.585149794239","0.620027434842","0.518518518519"
