"Series","GBPUSD Spot 3y 1d"
"Signal","CGMA"
"Generations","1000"
"Ending","max generations were reached"
"Best Strategy","0010101011100000100011100010000000001000000000000010100000000000	","Accuracy","0.789948453608"
"Unique Strats","9951"
"0","0.499691752577","0.737113402062","0.269329896907"
"1","0.552106185567","0.737113402062","0.305412371134"
"2","0.592375902062","0.738402061856","0.323453608247"
"3","0.616308891753","0.738402061856","0.328608247423"
"4","0.632429896907","0.744845360825","0.311855670103"
"5","0.64398556701","0.755154639175","0.375"
"6","0.652037242268","0.759020618557","0.376288659794"
"7","0.659074484536","0.759020618557","0.386597938144"
"8","0.664049613402","0.760309278351","0.389175257732"
"9","0.667792268041","0.761597938144","0.40206185567"
"10","0.670632345361","0.764175257732","0.381443298969"
"11","0.673247164948","0.768041237113","0.389175257732"
"12","0.674452190722","0.768041237113","0.380154639175"
"13","0.676480798969","0.768041237113","0.395618556701"
"14","0.677670231959","0.771907216495","0.371134020619"
"15","0.679294716495","0.771907216495","0.400773195876"
"16","0.680292654639","0.771907216495","0.387886597938"
"17","0.681317010309","0.771907216495","0.398195876289"
"18","0.682397809278","0.771907216495","0.399484536082"
"19","0.68363943299","0.771907216495","0.384020618557"
"20","0.683661726804","0.771907216495","0.413659793814"
"21","0.684893943299","0.771907216495","0.378865979381"
"22","0.686058634021","0.774484536082","0.422680412371"
"23","0.686477963918","0.774484536082","0.403350515464"
"24","0.686739561856","0.774484536082","0.385309278351"
"25","0.688078479381","0.774484536082","0.380154639175"
"26","0.688469458763","0.774484536082","0.386597938144"
"27","0.68910992268","0.77706185567","0.390463917526"
"28","0.688770876289","0.77706185567","0.396907216495"
"29","0.689823453608","0.77706185567","0.377577319588"
"30","0.689590592784","0.77706185567","0.413659793814"
"31","0.690230798969","0.77706185567","0.407216494845"
"32","0.690933376289","0.77706185567","0.385309278351"
"33","0.691722036082","0.77706185567","0.399484536082"
"34","0.692501030928","0.778350515464","0.430412371134"
"35","0.692274097938","0.778350515464","0.364690721649"
"36","0.692283891753","0.778350515464","0.422680412371"
"37","0.692826804124","0.778350515464","0.411082474227"
"38","0.692818427835","0.778350515464","0.405927835052"
"39","0.693322680412","0.778350515464","0.411082474227"
"40","0.693091494845","0.782216494845","0.41881443299"
"41","0.693628479381","0.782216494845","0.399484536082"
"42","0.694199484536","0.782216494845","0.416237113402"
"43","0.694731056701","0.782216494845","0.367268041237"
"44","0.694390979381","0.782216494845","0.380154639175"
"45","0.695392654639","0.782216494845","0.443298969072"
"46","0.695454381443","0.782216494845","0.408505154639"
"47","0.695770747423","0.782216494845","0.422680412371"
"48","0.695063659794","0.782216494845","0.399484536082"
"49","0.695993427835","0.782216494845","0.371134020619"
"50","0.696458376289","0.782216494845","0.417525773196"
"51","0.697170231959","0.782216494845","0.396907216495"
"52","0.696562371134","0.782216494845","0.373711340206"
"53","0.697980670103","0.782216494845","0.373711340206"
"54","0.697392139175","0.782216494845","0.42912371134"
"55","0.697942912371","0.782216494845","0.420103092784"
"56","0.698824871134","0.782216494845","0.423969072165"
"57","0.698773324742","0.782216494845","0.438144329897"
"58","0.698643427835","0.782216494845","0.436855670103"
"59","0.698694974227","0.782216494845","0.395618556701"
"60","0.69913492268","0.782216494845","0.389175257732"
"61","0.700066752577","0.783505154639","0.421391752577"
"62","0.700069072165","0.783505154639","0.396907216495"
"63","0.700458634021","0.783505154639","0.416237113402"
"64","0.700234793814","0.783505154639","0.40206185567"
"65","0.701079381443","0.783505154639","0.394329896907"
"66","0.701458891753","0.783505154639","0.435567010309"
"67","0.701151159794","0.783505154639","0.398195876289"
"68","0.701491752577","0.783505154639","0.423969072165"
"69","0.701159793814","0.783505154639","0.404639175258"
"70","0.701885824742","0.783505154639","0.438144329897"
"71","0.701899742268","0.783505154639","0.405927835052"
"72","0.702051417526","0.783505154639","0.42912371134"
"73","0.702668298969","0.783505154639","0.356958762887"
"74","0.702748582474","0.783505154639","0.416237113402"
"75","0.702138917526","0.783505154639","0.434278350515"
"76","0.70262306701","0.784793814433","0.426546391753"
"77","0.703184793814","0.784793814433","0.416237113402"
"78","0.703660953608","0.784793814433","0.427835051546"
"79","0.704051675258","0.784793814433","0.438144329897"
"80","0.703748453608","0.784793814433","0.389175257732"
"81","0.704097164948","0.784793814433","0.447164948454"
"82","0.70351056701","0.784793814433","0.432989690722"
"83","0.704127963918","0.784793814433","0.385309278351"
"84","0.70432757732","0.784793814433","0.394329896907"
"85","0.704429768041","0.784793814433","0.427835051546"
"86","0.705274097938","0.784793814433","0.386597938144"
"87","0.705622680412","0.787371134021","0.442010309278"
"88","0.70486056701","0.787371134021","0.439432989691"
"89","0.704804123711","0.787371134021","0.390463917526"
"90","0.705564948454","0.787371134021","0.417525773196"
"91","0.705714304124","0.787371134021","0.425257731959"
"92","0.705417139175","0.787371134021","0.412371134021"
"93","0.706374871134","0.787371134021","0.427835051546"
"94","0.70662242268","0.787371134021","0.425257731959"
"95","0.706070618557","0.787371134021","0.394329896907"
"96","0.706330670103","0.787371134021","0.398195876289"
"97","0.706567396907","0.787371134021","0.436855670103"
"98","0.706162371134","0.787371134021","0.420103092784"
"99","0.706052448454","0.787371134021","0.405927835052"
"100","0.707115206186","0.787371134021","0.431701030928"
"101","0.707856185567","0.787371134021","0.444587628866"
"102","0.707187628866","0.787371134021","0.422680412371"
"103","0.707160309278","0.787371134021","0.421391752577"
"104","0.707523840206","0.787371134021","0.420103092784"
"105","0.70713878866","0.787371134021","0.404639175258"
"106","0.707379768041","0.787371134021","0.436855670103"
"107","0.707413015464","0.787371134021","0.420103092784"
"108","0.707918298969","0.787371134021","0.408505154639"
"109","0.708365206186","0.787371134021","0.42912371134"
"110","0.70765193299","0.787371134021","0.434278350515"
"111","0.707766108247","0.787371134021","0.400773195876"
"112","0.708315979381","0.787371134021","0.452319587629"
"113","0.708422551546","0.787371134021","0.432989690722"
"114","0.708322938144","0.787371134021","0.423969072165"
"115","0.709482603093","0.787371134021","0.444587628866"
"116","0.708966237113","0.787371134021","0.416237113402"
"117","0.709072809278","0.787371134021","0.412371134021"
"118","0.709299613402","0.787371134021","0.438144329897"
"119","0.709170360825","0.787371134021","0.457474226804"
"120","0.709896134021","0.787371134021","0.426546391753"
"121","0.709593298969","0.787371134021","0.440721649485"
"122","0.709373582474","0.787371134021","0.457474226804"
"123","0.709927706186","0.787371134021","0.423969072165"
"124","0.71045992268","0.787371134021","0.453608247423"
"125","0.711015721649","0.787371134021","0.469072164948"
"126","0.710417396907","0.787371134021","0.393041237113"
"127","0.710638015464","0.787371134021","0.423969072165"
"128","0.711208762887","0.787371134021","0.403350515464"
"129","0.711144974227","0.787371134021","0.439432989691"
"130","0.710567912371","0.787371134021","0.454896907216"
"131","0.710457345361","0.787371134021","0.448453608247"
"132","0.710970360825","0.787371134021","0.426546391753"
"133","0.711367525773","0.787371134021","0.427835051546"
"134","0.711321005155","0.787371134021","0.447164948454"
"135","0.711164948454","0.787371134021","0.463917525773"
"136","0.711487886598","0.787371134021","0.422680412371"
"137","0.711458762887","0.787371134021","0.417525773196"
"138","0.711849226804","0.787371134021","0.435567010309"
"139","0.712902448454","0.787371134021","0.426546391753"
"140","0.71266507732","0.787371134021","0.461340206186"
"141","0.711715850515","0.787371134021","0.423969072165"
"142","0.711953092784","0.787371134021","0.41881443299"
"143","0.712097809278","0.787371134021","0.439432989691"
"144","0.712003350515","0.787371134021","0.439432989691"
"145","0.712288015464","0.787371134021","0.442010309278"
"146","0.712670876289","0.787371134021","0.407216494845"
"147","0.71266121134","0.787371134021","0.460051546392"
"148","0.712061726804","0.787371134021","0.435567010309"
"149","0.71243943299","0.787371134021","0.461340206186"
"150","0.712332087629","0.787371134021","0.439432989691"
"151","0.712749871134","0.787371134021","0.471649484536"
"152","0.712446134021","0.787371134021","0.435567010309"
"153","0.712154896907","0.787371134021","0.439432989691"
"154","0.71221314433","0.787371134021","0.448453608247"
"155","0.712448195876","0.787371134021","0.462628865979"
"156","0.712291881443","0.787371134021","0.416237113402"
"157","0.713569072165","0.787371134021","0.412371134021"
"158","0.713374226804","0.787371134021","0.452319587629"
"159","0.713566365979","0.787371134021","0.411082474227"
"160","0.713915463918","0.787371134021","0.442010309278"
"161","0.714432345361","0.787371134021","0.443298969072"
"162","0.71416121134","0.787371134021","0.447164948454"
"163","0.714078608247","0.787371134021","0.440721649485"
"164","0.71407693299","0.787371134021","0.412371134021"
"165","0.713703994845","0.787371134021","0.448453608247"
"166","0.713257474227","0.787371134021","0.451030927835"
"167","0.713881056701","0.787371134021","0.414948453608"
"168","0.713688015464","0.787371134021","0.430412371134"
"169","0.714410953608","0.787371134021","0.434278350515"
"170","0.714787371134","0.787371134021","0.452319587629"
"171","0.714599613402","0.787371134021","0.462628865979"
"172","0.715024226804","0.787371134021","0.440721649485"
"173","0.714325128866","0.787371134021","0.476804123711"
"174","0.714872164948","0.787371134021","0.466494845361"
"175","0.71426443299","0.787371134021","0.470360824742"
"176","0.714606572165","0.787371134021","0.421391752577"
"177","0.715464046392","0.787371134021","0.463917525773"
"178","0.715081314433","0.787371134021","0.436855670103"
"179","0.714992010309","0.787371134021","0.452319587629"
"180","0.715032860825","0.787371134021","0.439432989691"
"181","0.715027319588","0.787371134021","0.45618556701"
"182","0.715248582474","0.787371134021","0.438144329897"
"183","0.714930283505","0.788659793814","0.447164948454"
"184","0.715332731959","0.788659793814","0.417525773196"
"185","0.714594329897","0.788659793814","0.434278350515"
"186","0.714594845361","0.788659793814","0.442010309278"
"187","0.715307731959","0.788659793814","0.432989690722"
"188","0.71569806701","0.788659793814","0.443298969072"
"189","0.71629806701","0.788659793814","0.427835051546"
"190","0.715831185567","0.788659793814","0.439432989691"
"191","0.715872809278","0.788659793814","0.457474226804"
"192","0.716007087629","0.788659793814","0.444587628866"
"193","0.717278994845","0.788659793814","0.449742268041"
"194","0.716617525773","0.788659793814","0.443298969072"
"195","0.716452835052","0.788659793814","0.469072164948"
"196","0.716118556701","0.788659793814","0.403350515464"
"197","0.715751159794","0.788659793814","0.439432989691"
"198","0.715968170103","0.788659793814","0.430412371134"
"199","0.716092912371","0.788659793814","0.411082474227"
"200","0.71662693299","0.788659793814","0.438144329897"
"201","0.71714007732","0.788659793814","0.469072164948"
"202","0.717058505155","0.788659793814","0.452319587629"
"203","0.717116365979","0.788659793814","0.430412371134"
"204","0.7180375","0.788659793814","0.435567010309"
"205","0.717906958763","0.788659793814","0.462628865979"
"206","0.717718170103","0.788659793814","0.469072164948"
"207","0.717742268041","0.788659793814","0.430412371134"
"208","0.71766185567","0.788659793814","0.454896907216"
"209","0.717812113402","0.788659793814","0.427835051546"
"210","0.717140335052","0.788659793814","0.430412371134"
"211","0.717150773196","0.788659793814","0.452319587629"
"212","0.717662628866","0.788659793814","0.442010309278"
"213","0.717734149485","0.788659793814","0.423969072165"
"214","0.717904123711","0.788659793814","0.453608247423"
"215","0.718877835052","0.788659793814","0.457474226804"
"216","0.71876314433","0.788659793814","0.425257731959"
"217","0.718108247423","0.788659793814","0.442010309278"
"218","0.717462757732","0.788659793814","0.423969072165"
"219","0.718680798969","0.788659793814","0.449742268041"
"220","0.717835438144","0.788659793814","0.452319587629"
"221","0.717756056701","0.788659793814","0.448453608247"
"222","0.718332474227","0.788659793814","0.427835051546"
"223","0.717914948454","0.788659793814","0.458762886598"
"224","0.718242010309","0.788659793814","0.475515463918"
"225","0.717932216495","0.788659793814","0.467783505155"
"226","0.718447293814","0.788659793814","0.470360824742"
"227","0.718631443299","0.788659793814","0.463917525773"
"228","0.718760953608","0.788659793814","0.440721649485"
"229","0.718214046392","0.788659793814","0.436855670103"
"230","0.718430283505","0.788659793814","0.417525773196"
"231","0.719045231959","0.788659793814","0.377577319588"
"232","0.71926378866","0.788659793814","0.458762886598"
"233","0.719438015464","0.788659793814","0.420103092784"
"234","0.720319587629","0.788659793814","0.444587628866"
"235","0.720220231959","0.788659793814","0.442010309278"
"236","0.719896778351","0.788659793814","0.463917525773"
"237","0.71982693299","0.788659793814","0.45618556701"
"238","0.71940193299","0.788659793814","0.444587628866"
"239","0.719329123711","0.788659793814","0.460051546392"
"240","0.718174742268","0.788659793814","0.448453608247"
"241","0.719282989691","0.788659793814","0.432989690722"
"242","0.71951314433","0.788659793814","0.453608247423"
"243","0.719514561856","0.788659793814","0.47293814433"
"244","0.719855798969","0.788659793814","0.452319587629"
"245","0.719947036082","0.788659793814","0.434278350515"
"246","0.719686082474","0.788659793814","0.474226804124"
"247","0.719744716495","0.788659793814","0.435567010309"
"248","0.719694716495","0.788659793814","0.435567010309"
"249","0.719298969072","0.788659793814","0.448453608247"
"250","0.719975773196","0.788659793814","0.42912371134"
"251","0.720208118557","0.788659793814","0.440721649485"
"252","0.719972293814","0.788659793814","0.431701030928"
"253","0.720234536082","0.788659793814","0.452319587629"
"254","0.720155670103","0.788659793814","0.435567010309"
"255","0.720960180412","0.788659793814","0.440721649485"
"256","0.72046056701","0.788659793814","0.423969072165"
"257","0.720377963918","0.788659793814","0.444587628866"
"258","0.720881056701","0.788659793814","0.436855670103"
"259","0.719984020619","0.788659793814","0.435567010309"
"260","0.719761726804","0.788659793814","0.451030927835"
"261","0.71983492268","0.788659793814","0.457474226804"
"262","0.719637886598","0.788659793814","0.444587628866"
"263","0.719808505155","0.788659793814","0.461340206186"
"264","0.720572036082","0.788659793814","0.434278350515"
"265","0.720412242268","0.788659793814","0.447164948454"
"266","0.719843427835","0.788659793814","0.452319587629"
"267","0.720183247423","0.788659793814","0.439432989691"
"268","0.720746391753","0.788659793814","0.460051546392"
"269","0.720460824742","0.788659793814","0.427835051546"
"270","0.720068814433","0.788659793814","0.440721649485"
"271","0.719929768041","0.788659793814","0.421391752577"
"272","0.720325902062","0.788659793814","0.471649484536"
"273","0.719917139175","0.788659793814","0.394329896907"
"274","0.720819329897","0.788659793814","0.461340206186"
"275","0.721799226804","0.788659793814","0.45618556701"
"276","0.721205798969","0.788659793814","0.440721649485"
"277","0.720896649485","0.788659793814","0.427835051546"
"278","0.721409793814","0.788659793814","0.458762886598"
"279","0.72084007732","0.788659793814","0.471649484536"
"280","0.721475773196","0.788659793814","0.461340206186"
"281","0.721644201031","0.789948453608","0.444587628866"
"282","0.720368943299","0.789948453608","0.465206185567"
"283","0.720949742268","0.789948453608","0.42912371134"
"284","0.72137371134","0.789948453608","0.478092783505"
"285","0.721159020619","0.789948453608","0.452319587629"
"286","0.721253479381","0.789948453608","0.461340206186"
"287","0.721894974227","0.789948453608","0.381443298969"
"288","0.721929510309","0.789948453608","0.467783505155"
"289","0.721518427835","0.789948453608","0.467783505155"
"290","0.721100515464","0.789948453608","0.470360824742"
"291","0.722491365979","0.789948453608","0.439432989691"
"292","0.722329510309","0.789948453608","0.42912371134"
"293","0.721904381443","0.789948453608","0.452319587629"
"294","0.721731056701","0.789948453608","0.479381443299"
"295","0.721237242268","0.789948453608","0.430412371134"
"296","0.721491237113","0.789948453608","0.476804123711"
"297","0.721362886598","0.789948453608","0.454896907216"
"298","0.722339046392","0.789948453608","0.462628865979"
"299","0.723054768041","0.789948453608","0.47293814433"
"300","0.722748195876","0.789948453608","0.449742268041"
"301","0.722402190722","0.789948453608","0.452319587629"
"302","0.722100257732","0.789948453608","0.416237113402"
"303","0.723269587629","0.789948453608","0.460051546392"
"304","0.722430798969","0.789948453608","0.460051546392"
"305","0.722965206186","0.789948453608","0.444587628866"
"306","0.723055154639","0.789948453608","0.443298969072"
"307","0.72257693299","0.789948453608","0.423969072165"
"308","0.72248492268","0.789948453608","0.438144329897"
"309","0.722167010309","0.789948453608","0.452319587629"
"310","0.722332087629","0.789948453608","0.442010309278"
"311","0.723285051546","0.789948453608","0.466494845361"
"312","0.723541881443","0.789948453608","0.451030927835"
"313","0.723286984536","0.789948453608","0.470360824742"
"314","0.722812886598","0.789948453608","0.465206185567"
"315","0.722650773196","0.789948453608","0.462628865979"
"316","0.72321314433","0.789948453608","0.471649484536"
"317","0.722211340206","0.789948453608","0.466494845361"
"318","0.722009664948","0.789948453608","0.463917525773"
"319","0.722491623711","0.789948453608","0.447164948454"
"320","0.723264304124","0.789948453608","0.425257731959"
"321","0.723272293814","0.789948453608","0.442010309278"
"322","0.723204123711","0.789948453608","0.474226804124"
"323","0.723433118557","0.789948453608","0.440721649485"
"324","0.723337371134","0.789948453608","0.470360824742"
"325","0.723628479381","0.789948453608","0.47293814433"
"326","0.722944329897","0.789948453608","0.45618556701"
"327","0.723330412371","0.789948453608","0.434278350515"
"328","0.724072680412","0.789948453608","0.430412371134"
"329","0.724239690722","0.789948453608","0.475515463918"
"330","0.723542010309","0.789948453608","0.462628865979"
"331","0.724078608247","0.789948453608","0.444587628866"
"332","0.723310824742","0.789948453608","0.479381443299"
"333","0.723580798969","0.789948453608","0.439432989691"
"334","0.723486340206","0.789948453608","0.457474226804"
"335","0.722639046392","0.789948453608","0.478092783505"
"336","0.722826030928","0.789948453608","0.440721649485"
"337","0.723844072165","0.789948453608","0.481958762887"
"338","0.723436726804","0.789948453608","0.467783505155"
"339","0.723498324742","0.789948453608","0.478092783505"
"340","0.724615463918","0.789948453608","0.454896907216"
"341","0.724175128866","0.789948453608","0.465206185567"
"342","0.723776675258","0.789948453608","0.467783505155"
"343","0.72374935567","0.789948453608","0.463917525773"
"344","0.724274097938","0.789948453608","0.439432989691"
"345","0.724148195876","0.789948453608","0.444587628866"
"346","0.724756314433","0.789948453608","0.435567010309"
"347","0.725015979381","0.789948453608","0.478092783505"
"348","0.724378737113","0.789948453608","0.436855670103"
"349","0.724225257732","0.789948453608","0.425257731959"
"350","0.72353621134","0.789948453608","0.449742268041"
"351","0.723506185567","0.789948453608","0.440721649485"
"352","0.72431121134","0.789948453608","0.458762886598"
"353","0.724482087629","0.789948453608","0.480670103093"
"354","0.724304639175","0.789948453608","0.478092783505"
"355","0.724491494845","0.789948453608","0.467783505155"
"356","0.724309793814","0.789948453608","0.461340206186"
"357","0.724430025773","0.789948453608","0.466494845361"
"358","0.725065463918","0.789948453608","0.448453608247"
"359","0.724380927835","0.789948453608","0.451030927835"
"360","0.725096391753","0.789948453608","0.453608247423"
"361","0.725298195876","0.789948453608","0.462628865979"
"362","0.724599613402","0.789948453608","0.44587628866"
"363","0.723931829897","0.789948453608","0.451030927835"
"364","0.724744716495","0.789948453608","0.467783505155"
"365","0.72466314433","0.789948453608","0.465206185567"
"366","0.72457242268","0.789948453608","0.440721649485"
"367","0.724367525773","0.789948453608","0.460051546392"
"368","0.724394845361","0.789948453608","0.458762886598"
"369","0.724833376289","0.789948453608","0.489690721649"
"370","0.724980798969","0.789948453608","0.449742268041"
"371","0.725826159794","0.789948453608","0.466494845361"
"372","0.725267010309","0.789948453608","0.431701030928"
"373","0.724525386598","0.789948453608","0.45618556701"
"374","0.723927061856","0.789948453608","0.463917525773"
"375","0.724535180412","0.789948453608","0.475515463918"
"376","0.724729510309","0.789948453608","0.45618556701"
"377","0.725524742268","0.789948453608","0.494845360825"
"378","0.725001417526","0.789948453608","0.434278350515"
"379","0.724663659794","0.789948453608","0.462628865979"
"380","0.72487628866","0.789948453608","0.484536082474"
"381","0.724889304124","0.789948453608","0.463917525773"
"382","0.724983762887","0.789948453608","0.40206185567"
"383","0.725567139175","0.789948453608","0.460051546392"
"384","0.726039561856","0.789948453608","0.430412371134"
"385","0.726096391753","0.789948453608","0.462628865979"
"386","0.725791494845","0.789948453608","0.448453608247"
"387","0.72548685567","0.789948453608","0.436855670103"
"388","0.725159664948","0.789948453608","0.470360824742"
"389","0.725355283505","0.789948453608","0.42912371134"
"390","0.725723840206","0.789948453608","0.463917525773"
"391","0.725509793814","0.789948453608","0.480670103093"
"392","0.725828865979","0.789948453608","0.462628865979"
"393","0.725955412371","0.789948453608","0.461340206186"
"394","0.725613659794","0.789948453608","0.476804123711"
"395","0.725083505155","0.789948453608","0.465206185567"
"396","0.725331185567","0.789948453608","0.426546391753"
"397","0.725082860825","0.789948453608","0.475515463918"
"398","0.725356314433","0.789948453608","0.45618556701"
"399","0.725109793814","0.789948453608","0.432989690722"
"400","0.725030412371","0.789948453608","0.45618556701"
"401","0.726076159794","0.789948453608","0.469072164948"
"402","0.724923453608","0.789948453608","0.42912371134"
"403","0.725791237113","0.789948453608","0.470360824742"
"404","0.725870747423","0.789948453608","0.463917525773"
"405","0.726474613402","0.789948453608","0.457474226804"
"406","0.725330154639","0.789948453608","0.465206185567"
"407","0.725757087629","0.789948453608","0.45618556701"
"408","0.726042396907","0.789948453608","0.45618556701"
"409","0.725904768041","0.789948453608","0.480670103093"
"410","0.726212242268","0.789948453608","0.434278350515"
"411","0.726751030928","0.789948453608","0.476804123711"
"412","0.726621262887","0.789948453608","0.448453608247"
"413","0.726725257732","0.789948453608","0.467783505155"
"414","0.726565850515","0.789948453608","0.457474226804"
"415","0.726589304124","0.789948453608","0.457474226804"
"416","0.726330283505","0.789948453608","0.475515463918"
"417","0.725885180412","0.789948453608","0.454896907216"
"418","0.725780025773","0.789948453608","0.466494845361"
"419","0.72592757732","0.789948453608","0.452319587629"
"420","0.725331572165","0.789948453608","0.469072164948"
"421","0.726232731959","0.789948453608","0.44587628866"
"422","0.724937371134","0.789948453608","0.480670103093"
"423","0.725724484536","0.789948453608","0.476804123711"
"424","0.725437628866","0.789948453608","0.434278350515"
"425","0.725939046392","0.789948453608","0.475515463918"
"426","0.726137113402","0.789948453608","0.448453608247"
"427","0.726809407216","0.789948453608","0.458762886598"
"428","0.726839561856","0.789948453608","0.458762886598"
"429","0.726443556701","0.789948453608","0.442010309278"
"430","0.727100128866","0.789948453608","0.462628865979"
"431","0.727459020619","0.789948453608","0.452319587629"
"432","0.727922938144","0.789948453608","0.492268041237"
"433","0.727699742268","0.789948453608","0.465206185567"
"434","0.728135051546","0.789948453608","0.475515463918"
"435","0.727236597938","0.789948453608","0.466494845361"
"436","0.726685180412","0.789948453608","0.45618556701"
"437","0.726646005155","0.789948453608","0.48324742268"
"438","0.72632693299","0.789948453608","0.461340206186"
"439","0.726375386598","0.789948453608","0.426546391753"
"440","0.726614304124","0.789948453608","0.484536082474"
"441","0.726129768041","0.789948453608","0.447164948454"
"442","0.726269329897","0.789948453608","0.420103092784"
"443","0.727171907216","0.789948453608","0.469072164948"
"444","0.72640064433","0.789948453608","0.434278350515"
"445","0.727004123711","0.789948453608","0.47293814433"
"446","0.726517010309","0.789948453608","0.452319587629"
"447","0.726950257732","0.789948453608","0.487113402062"
"448","0.726584020619","0.789948453608","0.40206185567"
"449","0.726807603093","0.789948453608","0.45618556701"
"450","0.72672306701","0.789948453608","0.463917525773"
"451","0.726757860825","0.789948453608","0.448453608247"
"452","0.726536340206","0.789948453608","0.481958762887"
"453","0.726817268041","0.789948453608","0.487113402062"
"454","0.727231701031","0.789948453608","0.451030927835"
"455","0.727518685567","0.789948453608","0.42912371134"
"456","0.727839561856","0.789948453608","0.440721649485"
"457","0.727427835052","0.789948453608","0.423969072165"
"458","0.727252319588","0.789948453608","0.453608247423"
"459","0.72757757732","0.789948453608","0.409793814433"
"460","0.727723453608","0.789948453608","0.40206185567"
"461","0.727295876289","0.789948453608","0.461340206186"
"462","0.727175515464","0.789948453608","0.448453608247"
"463","0.72627693299","0.789948453608","0.460051546392"
"464","0.726640721649","0.789948453608","0.45618556701"
"465","0.727394072165","0.789948453608","0.485824742268"
"466","0.727335695876","0.789948453608","0.453608247423"
"467","0.727682731959","0.789948453608","0.449742268041"
"468","0.727153092784","0.789948453608","0.489690721649"
"469","0.72745128866","0.789948453608","0.471649484536"
"470","0.727386082474","0.789948453608","0.439432989691"
"471","0.726882216495","0.789948453608","0.438144329897"
"472","0.727567139175","0.789948453608","0.442010309278"
"473","0.727660953608","0.789948453608","0.44587628866"
"474","0.727993041237","0.789948453608","0.443298969072"
"475","0.726835180412","0.789948453608","0.454896907216"
"476","0.726672680412","0.789948453608","0.490979381443"
"477","0.726866881443","0.789948453608","0.463917525773"
"478","0.727306314433","0.789948453608","0.463917525773"
"479","0.728047036082","0.789948453608","0.439432989691"
"480","0.728144458763","0.789948453608","0.45618556701"
"481","0.728783376289","0.789948453608","0.466494845361"
"482","0.728397938144","0.789948453608","0.492268041237"
"483","0.727949742268","0.789948453608","0.465206185567"
"484","0.727620489691","0.789948453608","0.452319587629"
"485","0.72735","0.789948453608","0.452319587629"
"486","0.727155283505","0.789948453608","0.467783505155"
"487","0.727142396907","0.789948453608","0.470360824742"
"488","0.727789175258","0.789948453608","0.470360824742"
"489","0.728177061856","0.789948453608","0.471649484536"
"490","0.728385953608","0.789948453608","0.452319587629"
"491","0.728620103093","0.789948453608","0.422680412371"
"492","0.727259793814","0.789948453608","0.461340206186"
"493","0.727271391753","0.789948453608","0.470360824742"
"494","0.727922938144","0.789948453608","0.458762886598"
"495","0.728432087629","0.789948453608","0.469072164948"
"496","0.727662628866","0.789948453608","0.425257731959"
"497","0.72800128866","0.789948453608","0.476804123711"
"498","0.728481443299","0.789948453608","0.448453608247"
"499","0.728344974227","0.789948453608","0.442010309278"
"500","0.727781056701","0.789948453608","0.480670103093"
"501","0.72814871134","0.789948453608","0.465206185567"
"502","0.72854871134","0.789948453608","0.454896907216"
"503","0.72839871134","0.789948453608","0.435567010309"
"504","0.728264561856","0.789948453608","0.470360824742"
"505","0.72855193299","0.789948453608","0.466494845361"
"506","0.729184793814","0.789948453608","0.458762886598"
"507","0.729028737113","0.789948453608","0.471649484536"
"508","0.729512886598","0.789948453608","0.463917525773"
"509","0.728116494845","0.789948453608","0.490979381443"
"510","0.729093427835","0.789948453608","0.467783505155"
"511","0.728207087629","0.789948453608","0.5"
"512","0.728083505155","0.789948453608","0.438144329897"
"513","0.728595618557","0.789948453608","0.449742268041"
"514","0.727933634021","0.789948453608","0.444587628866"
"515","0.728747036082","0.789948453608","0.479381443299"
"516","0.728360438144","0.789948453608","0.460051546392"
"517","0.72893556701","0.789948453608","0.474226804124"
"518","0.728997036082","0.789948453608","0.479381443299"
"519","0.728255154639","0.789948453608","0.471649484536"
"520","0.728943685567","0.789948453608","0.457474226804"
"521","0.727805154639","0.789948453608","0.439432989691"
"522","0.728765979381","0.789948453608","0.48324742268"
"523","0.728249871134","0.789948453608","0.384020618557"
"524","0.728581958763","0.789948453608","0.487113402062"
"525","0.728771134021","0.789948453608","0.470360824742"
"526","0.729608762887","0.789948453608","0.496134020619"
"527","0.728768041237","0.789948453608","0.453608247423"
"528","0.728602963918","0.789948453608","0.494845360825"
"529","0.728531314433","0.789948453608","0.48324742268"
"530","0.728677448454","0.789948453608","0.434278350515"
"531","0.729394201031","0.789948453608","0.457474226804"
"532","0.72909742268","0.789948453608","0.462628865979"
"533","0.728848195876","0.789948453608","0.462628865979"
"534","0.728797551546","0.789948453608","0.481958762887"
"535","0.72878814433","0.789948453608","0.453608247423"
"536","0.728458118557","0.789948453608","0.494845360825"
"537","0.728719845361","0.789948453608","0.471649484536"
"538","0.729415592784","0.789948453608","0.465206185567"
"539","0.728406056701","0.789948453608","0.443298969072"
"540","0.728710180412","0.789948453608","0.485824742268"
"541","0.728216752577","0.789948453608","0.426546391753"
"542","0.729136726804","0.789948453608","0.462628865979"
"543","0.729329768041","0.789948453608","0.463917525773"
"544","0.72958878866","0.789948453608","0.449742268041"
"545","0.729470103093","0.789948453608","0.475515463918"
"546","0.729621778351","0.789948453608","0.465206185567"
"547","0.729607474227","0.789948453608","0.471649484536"
"548","0.729267654639","0.789948453608","0.471649484536"
"549","0.729480025773","0.789948453608","0.476804123711"
"550","0.729838015464","0.789948453608","0.431701030928"
"551","0.729686726804","0.789948453608","0.45618556701"
"552","0.729141881443","0.789948453608","0.430412371134"
"553","0.729381314433","0.789948453608","0.47293814433"
"554","0.729321262887","0.789948453608","0.498711340206"
"555","0.729088917526","0.789948453608","0.452319587629"
"556","0.729290335052","0.789948453608","0.44587628866"
"557","0.72934935567","0.789948453608","0.466494845361"
"558","0.72986507732","0.789948453608","0.463917525773"
"559","0.729777448454","0.789948453608","0.432989690722"
"560","0.730641623711","0.789948453608","0.489690721649"
"561","0.729575902062","0.789948453608","0.481958762887"
"562","0.729518041237","0.789948453608","0.474226804124"
"563","0.729240979381","0.789948453608","0.435567010309"
"564","0.729114948454","0.789948453608","0.444587628866"
"565","0.729084149485","0.789948453608","0.47293814433"
"566","0.72916443299","0.789948453608","0.454896907216"
"567","0.729876804124","0.789948453608","0.44587628866"
"568","0.729341752577","0.789948453608","0.454896907216"
"569","0.729894072165","0.789948453608","0.45618556701"
"570","0.729897164948","0.789948453608","0.48324742268"
"571","0.729901159794","0.789948453608","0.494845360825"
"572","0.73002371134","0.789948453608","0.453608247423"
"573","0.729852319588","0.789948453608","0.460051546392"
"574","0.729857345361","0.789948453608","0.449742268041"
"575","0.730589690722","0.789948453608","0.5"
"576","0.730006572165","0.789948453608","0.452319587629"
"577","0.730799742268","0.789948453608","0.481958762887"
"578","0.729767912371","0.789948453608","0.453608247423"
"579","0.728806443299","0.789948453608","0.466494845361"
"580","0.729239175258","0.789948453608","0.45618556701"
"581","0.729618041237","0.789948453608","0.458762886598"
"582","0.730371520619","0.789948453608","0.47293814433"
"583","0.730271005155","0.789948453608","0.436855670103"
"584","0.730008118557","0.789948453608","0.485824742268"
"585","0.729495747423","0.789948453608","0.421391752577"
"586","0.730043041237","0.789948453608","0.462628865979"
"587","0.729844716495","0.789948453608","0.490979381443"
"588","0.729766365979","0.789948453608","0.489690721649"
"589","0.729613659794","0.789948453608","0.457474226804"
"590","0.729249484536","0.789948453608","0.480670103093"
"591","0.72968556701","0.789948453608","0.442010309278"
"592","0.729768943299","0.789948453608","0.45618556701"
"593","0.730218556701","0.789948453608","0.487113402062"
"594","0.729322164948","0.789948453608","0.506443298969"
"595","0.729272938144","0.789948453608","0.447164948454"
"596","0.729750386598","0.789948453608","0.476804123711"
"597","0.730279639175","0.789948453608","0.460051546392"
"598","0.729626546392","0.789948453608","0.493556701031"
"599","0.730253608247","0.789948453608","0.452319587629"
"600","0.729988273196","0.789948453608","0.485824742268"
"601","0.730406958763","0.789948453608","0.481958762887"
"602","0.730390721649","0.789948453608","0.467783505155"
"603","0.729842654639","0.789948453608","0.478092783505"
"604","0.730331701031","0.789948453608","0.438144329897"
"605","0.730671005155","0.789948453608","0.444587628866"
"606","0.730684536082","0.789948453608","0.457474226804"
"607","0.729689175258","0.789948453608","0.407216494845"
"608","0.730297680412","0.789948453608","0.475515463918"
"609","0.730083762887","0.789948453608","0.462628865979"
"610","0.729846134021","0.789948453608","0.470360824742"
"611","0.730093427835","0.789948453608","0.460051546392"
"612","0.730243298969","0.789948453608","0.467783505155"
"613","0.730091494845","0.789948453608","0.463917525773"
"614","0.730093298969","0.789948453608","0.475515463918"
"615","0.730610051546","0.789948453608","0.487113402062"
"616","0.729839948454","0.789948453608","0.439432989691"
"617","0.729937757732","0.789948453608","0.453608247423"
"618","0.730140850515","0.789948453608","0.457474226804"
"619","0.730481701031","0.789948453608","0.466494845361"
"620","0.730622036082","0.789948453608","0.493556701031"
"621","0.731318298969","0.789948453608","0.438144329897"
"622","0.730728608247","0.789948453608","0.467783505155"
"623","0.730877706186","0.789948453608","0.421391752577"
"624","0.730757989691","0.789948453608","0.481958762887"
"625","0.730081829897","0.789948453608","0.462628865979"
"626","0.730971778351","0.789948453608","0.484536082474"
"627","0.731243170103","0.789948453608","0.478092783505"
"628","0.731348840206","0.789948453608","0.48324742268"
"629","0.731106572165","0.789948453608","0.479381443299"
"630","0.73123556701","0.789948453608","0.458762886598"
"631","0.73115064433","0.789948453608","0.467783505155"
"632","0.731600902062","0.789948453608","0.480670103093"
"633","0.731354381443","0.789948453608","0.47293814433"
"634","0.730666365979","0.789948453608","0.471649484536"
"635","0.731007216495","0.789948453608","0.454896907216"
"636","0.730862113402","0.789948453608","0.461340206186"
"637","0.730433891753","0.789948453608","0.442010309278"
"638","0.730318556701","0.789948453608","0.487113402062"
"639","0.730644716495","0.789948453608","0.479381443299"
"640","0.730261597938","0.789948453608","0.470360824742"
"641","0.730823195876","0.789948453608","0.48324742268"
"642","0.730736082474","0.789948453608","0.434278350515"
"643","0.730710309278","0.789948453608","0.460051546392"
"644","0.730705283505","0.789948453608","0.481958762887"
"645","0.731145747423","0.789948453608","0.501288659794"
"646","0.730824484536","0.789948453608","0.488402061856"
"647","0.731505412371","0.789948453608","0.434278350515"
"648","0.730871262887","0.789948453608","0.467783505155"
"649","0.730769329897","0.789948453608","0.463917525773"
"650","0.730571907216","0.789948453608","0.488402061856"
"651","0.731177061856","0.789948453608","0.448453608247"
"652","0.730756572165","0.789948453608","0.493556701031"
"653","0.730728350515","0.789948453608","0.448453608247"
"654","0.731629123711","0.789948453608","0.485824742268"
"655","0.732061082474","0.789948453608","0.475515463918"
"656","0.731461726804","0.789948453608","0.476804123711"
"657","0.731867783505","0.789948453608","0.479381443299"
"658","0.730958505155","0.789948453608","0.492268041237"
"659","0.731200386598","0.789948453608","0.45618556701"
"660","0.731343170103","0.789948453608","0.457474226804"
"661","0.730618298969","0.789948453608","0.470360824742"
"662","0.730411340206","0.789948453608","0.453608247423"
"663","0.730768556701","0.789948453608","0.447164948454"
"664","0.730884664948","0.789948453608","0.476804123711"
"665","0.731178221649","0.789948453608","0.476804123711"
"666","0.731502963918","0.789948453608","0.492268041237"
"667","0.731067268041","0.789948453608","0.492268041237"
"668","0.731094201031","0.789948453608","0.481958762887"
"669","0.731454123711","0.789948453608","0.488402061856"
"670","0.731353221649","0.789948453608","0.471649484536"
"671","0.731578865979","0.789948453608","0.489690721649"
"672","0.730638530928","0.789948453608","0.434278350515"
"673","0.731678092784","0.789948453608","0.45618556701"
"674","0.731440592784","0.789948453608","0.471649484536"
"675","0.731448582474","0.789948453608","0.457474226804"
"676","0.73143492268","0.789948453608","0.443298969072"
"677","0.731899871134","0.789948453608","0.493556701031"
"678","0.731948582474","0.789948453608","0.451030927835"
"679","0.731672293814","0.789948453608","0.489690721649"
"680","0.731006572165","0.789948453608","0.438144329897"
"681","0.731296520619","0.789948453608","0.493556701031"
"682","0.731127835052","0.789948453608","0.485824742268"
"683","0.732106829897","0.789948453608","0.443298969072"
"684","0.732409278351","0.789948453608","0.490979381443"
"685","0.73198492268","0.789948453608","0.493556701031"
"686","0.732099226804","0.789948453608","0.471649484536"
"687","0.731682989691","0.789948453608","0.479381443299"
"688","0.730914175258","0.789948453608","0.480670103093"
"689","0.731199226804","0.789948453608","0.481958762887"
"690","0.730589175258","0.789948453608","0.465206185567"
"691","0.730909407216","0.789948453608","0.453608247423"
"692","0.731528092784","0.789948453608","0.474226804124"
"693","0.732451030928","0.789948453608","0.484536082474"
"694","0.732344329897","0.789948453608","0.469072164948"
"695","0.731909793814","0.789948453608","0.463917525773"
"696","0.73178943299","0.789948453608","0.457474226804"
"697","0.731794458763","0.789948453608","0.431701030928"
"698","0.73211185567","0.789948453608","0.434278350515"
"699","0.731426030928","0.789948453608","0.462628865979"
"700","0.731148453608","0.789948453608","0.470360824742"
"701","0.732038659794","0.789948453608","0.487113402062"
"702","0.731691752577","0.789948453608","0.467783505155"
"703","0.732330025773","0.789948453608","0.474226804124"
"704","0.732272551546","0.789948453608","0.469072164948"
"705","0.731792010309","0.789948453608","0.481958762887"
"706","0.732500386598","0.789948453608","0.493556701031"
"707","0.732368685567","0.789948453608","0.460051546392"
"708","0.732216494845","0.789948453608","0.476804123711"
"709","0.732110438144","0.789948453608","0.462628865979"
"710","0.731605283505","0.789948453608","0.454896907216"
"711","0.731298840206","0.789948453608","0.454896907216"
"712","0.73224806701","0.789948453608","0.497422680412"
"713","0.731844716495","0.789948453608","0.442010309278"
"714","0.731720103093","0.789948453608","0.44587628866"
"715","0.731868814433","0.789948453608","0.479381443299"
"716","0.73227435567","0.789948453608","0.479381443299"
"717","0.732690335052","0.789948453608","0.466494845361"
"718","0.732652835052","0.789948453608","0.423969072165"
"719","0.73200992268","0.789948453608","0.484536082474"
"720","0.731917783505","0.789948453608","0.485824742268"
"721","0.732292268041","0.789948453608","0.480670103093"
"722","0.731907345361","0.789948453608","0.458762886598"
"723","0.731578221649","0.789948453608","0.460051546392"
"724","0.731704639175","0.789948453608","0.475515463918"
"725","0.731591365979","0.789948453608","0.496134020619"
"726","0.731270231959","0.789948453608","0.451030927835"
"727","0.731416108247","0.789948453608","0.458762886598"
"728","0.731252706186","0.789948453608","0.485824742268"
"729","0.731372551546","0.789948453608","0.44587628866"
"730","0.731908505155","0.789948453608","0.421391752577"
"731","0.731128994845","0.789948453608","0.5"
"732","0.73022306701","0.789948453608","0.479381443299"
"733","0.731606185567","0.789948453608","0.481958762887"
"734","0.731833891753","0.789948453608","0.448453608247"
"735","0.731698969072","0.789948453608","0.45618556701"
"736","0.73168621134","0.789948453608","0.453608247423"
"737","0.732178479381","0.789948453608","0.439432989691"
"738","0.732386984536","0.789948453608","0.478092783505"
"739","0.732134020619","0.789948453608","0.487113402062"
"740","0.731909149485","0.789948453608","0.421391752577"
"741","0.732155154639","0.789948453608","0.47293814433"
"742","0.732163273196","0.789948453608","0.466494845361"
"743","0.732689948454","0.789948453608","0.463917525773"
"744","0.732193041237","0.789948453608","0.474226804124"
"745","0.732635695876","0.789948453608","0.488402061856"
"746","0.732512628866","0.789948453608","0.497422680412"
"747","0.73359935567","0.789948453608","0.466494845361"
"748","0.733441494845","0.789948453608","0.426546391753"
"749","0.732881572165","0.789948453608","0.454896907216"
"750","0.732725257732","0.789948453608","0.41881443299"
"751","0.733160438144","0.789948453608","0.461340206186"
"752","0.732645360825","0.789948453608","0.442010309278"
"753","0.732814175258","0.789948453608","0.467783505155"
"754","0.732086984536","0.789948453608","0.497422680412"
"755","0.731895489691","0.789948453608","0.469072164948"
"756","0.732257603093","0.789948453608","0.458762886598"
"757","0.732254639175","0.789948453608","0.454896907216"
"758","0.73265257732","0.789948453608","0.461340206186"
"759","0.732065721649","0.789948453608","0.458762886598"
"760","0.733457989691","0.789948453608","0.47293814433"
"761","0.733123453608","0.789948453608","0.457474226804"
"762","0.733500515464","0.789948453608","0.503865979381"
"763","0.733131829897","0.789948453608","0.457474226804"
"764","0.732372551546","0.789948453608","0.466494845361"
"765","0.731984536082","0.789948453608","0.471649484536"
"766","0.732809149485","0.789948453608","0.494845360825"
"767","0.732725902062","0.789948453608","0.471649484536"
"768","0.733467268041","0.789948453608","0.493556701031"
"769","0.732589690722","0.789948453608","0.479381443299"
"770","0.732721778351","0.789948453608","0.469072164948"
"771","0.73241378866","0.789948453608","0.474226804124"
"772","0.732706443299","0.789948453608","0.475515463918"
"773","0.732068041237","0.789948453608","0.469072164948"
"774","0.732613530928","0.789948453608","0.498711340206"
"775","0.732811469072","0.789948453608","0.48324742268"
"776","0.733431314433","0.789948453608","0.465206185567"
"777","0.733375","0.789948453608","0.478092783505"
"778","0.733185824742","0.789948453608","0.474226804124"
"779","0.733270618557","0.789948453608","0.481958762887"
"780","0.732729510309","0.789948453608","0.489690721649"
"781","0.73246121134","0.789948453608","0.465206185567"
"782","0.732382731959","0.789948453608","0.471649484536"
"783","0.732281572165","0.789948453608","0.475515463918"
"784","0.732786340206","0.789948453608","0.432989690722"
"785","0.732830798969","0.789948453608","0.479381443299"
"786","0.733211984536","0.789948453608","0.48324742268"
"787","0.732482216495","0.789948453608","0.481958762887"
"788","0.732784020619","0.789948453608","0.487113402062"
"789","0.732657860825","0.789948453608","0.485824742268"
"790","0.732517912371","0.789948453608","0.494845360825"
"791","0.73264806701","0.789948453608","0.476804123711"
"792","0.733461726804","0.789948453608","0.481958762887"
"793","0.733495618557","0.789948453608","0.461340206186"
"794","0.733094716495","0.789948453608","0.466494845361"
"795","0.733114819588","0.789948453608","0.498711340206"
"796","0.733774742268","0.789948453608","0.485824742268"
"797","0.73374806701","0.789948453608","0.454896907216"
"798","0.733621391753","0.789948453608","0.438144329897"
"799","0.733100128866","0.789948453608","0.494845360825"
"800","0.732801417526","0.789948453608","0.465206185567"
"801","0.732962757732","0.789948453608","0.493556701031"
"802","0.733154896907","0.789948453608","0.485824742268"
"803","0.732655541237","0.789948453608","0.484536082474"
"804","0.732513402062","0.789948453608","0.458762886598"
"805","0.73290257732","0.789948453608","0.449742268041"
"806","0.732697036082","0.789948453608","0.493556701031"
"807","0.732686340206","0.789948453608","0.475515463918"
"808","0.732820231959","0.789948453608","0.475515463918"
"809","0.732796134021","0.789948453608","0.474226804124"
"810","0.733131701031","0.789948453608","0.490979381443"
"811","0.733486340206","0.789948453608","0.47293814433"
"812","0.733170618557","0.789948453608","0.470360824742"
"813","0.733503865979","0.789948453608","0.439432989691"
"814","0.733307345361","0.789948453608","0.471649484536"
"815","0.733354768041","0.789948453608","0.471649484536"
"816","0.732450515464","0.789948453608","0.485824742268"
"817","0.732141494845","0.789948453608","0.484536082474"
"818","0.732142139175","0.789948453608","0.430412371134"
"819","0.732570231959","0.789948453608","0.452319587629"
"820","0.732651159794","0.789948453608","0.448453608247"
"821","0.732852706186","0.789948453608","0.476804123711"
"822","0.732650515464","0.789948453608","0.439432989691"
"823","0.733042396907","0.789948453608","0.494845360825"
"824","0.733521649485","0.789948453608","0.493556701031"
"825","0.733527835052","0.789948453608","0.465206185567"
"826","0.732957474227","0.789948453608","0.466494845361"
"827","0.733060824742","0.789948453608","0.449742268041"
"828","0.733028479381","0.789948453608","0.498711340206"
"829","0.732468427835","0.789948453608","0.458762886598"
"830","0.732512113402","0.789948453608","0.471649484536"
"831","0.733154896907","0.789948453608","0.490979381443"
"832","0.733841752577","0.789948453608","0.457474226804"
"833","0.733535953608","0.789948453608","0.467783505155"
"834","0.733198582474","0.789948453608","0.469072164948"
"835","0.733160695876","0.789948453608","0.501288659794"
"836","0.733162628866","0.789948453608","0.509020618557"
"837","0.733791623711","0.789948453608","0.502577319588"
"838","0.733819974227","0.789948453608","0.475515463918"
"839","0.73367306701","0.789948453608","0.466494845361"
"840","0.733426804124","0.789948453608","0.481958762887"
"841","0.733043041237","0.789948453608","0.443298969072"
"842","0.733050386598","0.789948453608","0.498711340206"
"843","0.732685824742","0.789948453608","0.470360824742"
"844","0.732557345361","0.789948453608","0.484536082474"
"845","0.733082087629","0.789948453608","0.485824742268"
"846","0.733049097938","0.789948453608","0.485824742268"
"847","0.733515721649","0.789948453608","0.47293814433"
"848","0.73369871134","0.789948453608","0.488402061856"
"849","0.733652061856","0.789948453608","0.45618556701"
"850","0.733655927835","0.789948453608","0.465206185567"
"851","0.733477963918","0.789948453608","0.469072164948"
"852","0.734100386598","0.789948453608","0.485824742268"
"853","0.733925","0.789948453608","0.479381443299"
"854","0.733422809278","0.789948453608","0.467783505155"
"855","0.733360180412","0.789948453608","0.490979381443"
"856","0.733058376289","0.789948453608","0.465206185567"
"857","0.732558376289","0.789948453608","0.48324742268"
"858","0.732411340206","0.789948453608","0.469072164948"
"859","0.732822809278","0.789948453608","0.481958762887"
"860","0.733428608247","0.789948453608","0.494845360825"
"861","0.73390992268","0.789948453608","0.497422680412"
"862","0.733256314433","0.789948453608","0.461340206186"
"863","0.734186726804","0.789948453608","0.484536082474"
"864","0.733982474227","0.789948453608","0.471649484536"
"865","0.732897938144","0.789948453608","0.470360824742"
"866","0.733654896907","0.789948453608","0.490979381443"
"867","0.73345128866","0.789948453608","0.467783505155"
"868","0.733860309278","0.789948453608","0.408505154639"
"869","0.733941494845","0.789948453608","0.480670103093"
"870","0.734621391753","0.789948453608","0.488402061856"
"871","0.734324097938","0.789948453608","0.469072164948"
"872","0.733960824742","0.789948453608","0.457474226804"
"873","0.733407603093","0.789948453608","0.475515463918"
"874","0.733270360825","0.789948453608","0.505154639175"
"875","0.732622293814","0.789948453608","0.485824742268"
"876","0.733162757732","0.789948453608","0.474226804124"
"877","0.733491494845","0.789948453608","0.475515463918"
"878","0.73369935567","0.789948453608","0.497422680412"
"879","0.733029123711","0.789948453608","0.463917525773"
"880","0.734346005155","0.789948453608","0.47293814433"
"881","0.733627061856","0.789948453608","0.458762886598"
"882","0.73364871134","0.789948453608","0.481958762887"
"883","0.733870618557","0.789948453608","0.503865979381"
"884","0.733182603093","0.789948453608","0.467783505155"
"885","0.733579896907","0.789948453608","0.506443298969"
"886","0.733655541237","0.789948453608","0.484536082474"
"887","0.733747680412","0.789948453608","0.479381443299"
"888","0.733787628866","0.789948453608","0.48324742268"
"889","0.733721520619","0.789948453608","0.457474226804"
"890","0.73327435567","0.789948453608","0.476804123711"
"891","0.733880541237","0.789948453608","0.48324742268"
"892","0.733907731959","0.789948453608","0.45618556701"
"893","0.733897680412","0.789948453608","0.484536082474"
"894","0.733605025773","0.789948453608","0.498711340206"
"895","0.734031572165","0.789948453608","0.492268041237"
"896","0.733118170103","0.789948453608","0.440721649485"
"897","0.733893685567","0.789948453608","0.469072164948"
"898","0.733485051546","0.789948453608","0.474226804124"
"899","0.73390257732","0.789948453608","0.451030927835"
"900","0.732999226804","0.789948453608","0.470360824742"
"901","0.733909536082","0.789948453608","0.488402061856"
"902","0.733196134021","0.789948453608","0.471649484536"
"903","0.733686984536","0.789948453608","0.481958762887"
"904","0.733299226804","0.789948453608","0.496134020619"
"905","0.733143298969","0.789948453608","0.493556701031"
"906","0.733617525773","0.789948453608","0.505154639175"
"907","0.733908118557","0.789948453608","0.493556701031"
"908","0.733843298969","0.789948453608","0.498711340206"
"909","0.733447809278","0.789948453608","0.430412371134"
"910","0.733321520619","0.789948453608","0.466494845361"
"911","0.733134149485","0.789948453608","0.476804123711"
"912","0.733327706186","0.789948453608","0.44587628866"
"913","0.732935180412","0.789948453608","0.481958762887"
"914","0.732956829897","0.789948453608","0.460051546392"
"915","0.733633634021","0.789948453608","0.497422680412"
"916","0.733469072165","0.789948453608","0.462628865979"
"917","0.733496520619","0.789948453608","0.485824742268"
"918","0.733129768041","0.789948453608","0.469072164948"
"919","0.73322306701","0.789948453608","0.476804123711"
"920","0.73332242268","0.789948453608","0.485824742268"
"921","0.73339742268","0.789948453608","0.463917525773"
"922","0.733934278351","0.789948453608","0.463917525773"
"923","0.734045103093","0.789948453608","0.476804123711"
"924","0.734272809278","0.789948453608","0.480670103093"
"925","0.733972036082","0.789948453608","0.465206185567"
"926","0.734227190722","0.789948453608","0.484536082474"
"927","0.733757087629","0.789948453608","0.476804123711"
"928","0.733697680412","0.789948453608","0.44587628866"
"929","0.733857731959","0.789948453608","0.476804123711"
"930","0.733122293814","0.789948453608","0.478092783505"
"931","0.733010309278","0.789948453608","0.465206185567"
"932","0.733722938144","0.789948453608","0.471649484536"
"933","0.733307603093","0.789948453608","0.480670103093"
"934","0.733420231959","0.789948453608","0.444587628866"
"935","0.733219072165","0.789948453608","0.487113402062"
"936","0.734205154639","0.789948453608","0.485824742268"
"937","0.734794329897","0.789948453608","0.461340206186"
"938","0.734177835052","0.789948453608","0.471649484536"
"939","0.734318556701","0.789948453608","0.448453608247"
"940","0.733606572165","0.789948453608","0.490979381443"
"941","0.733852319588","0.789948453608","0.444587628866"
"942","0.732954768041","0.789948453608","0.471649484536"
"943","0.732746005155","0.789948453608","0.461340206186"
"944","0.733891494845","0.789948453608","0.478092783505"
"945","0.734175773196","0.789948453608","0.461340206186"
"946","0.733949226804","0.789948453608","0.466494845361"
"947","0.73399742268","0.789948453608","0.469072164948"
"948","0.734734020619","0.789948453608","0.494845360825"
"949","0.733464948454","0.789948453608","0.470360824742"
"950","0.733556958763","0.789948453608","0.484536082474"
"951","0.734122809278","0.789948453608","0.476804123711"
"952","0.734150902062","0.789948453608","0.488402061856"
"953","0.734164046392","0.789948453608","0.5"
"954","0.734783762887","0.789948453608","0.463917525773"
"955","0.734516237113","0.789948453608","0.440721649485"
"956","0.733833634021","0.789948453608","0.489690721649"
"957","0.733833891753","0.789948453608","0.44587628866"
"958","0.734222036082","0.789948453608","0.470360824742"
"959","0.733974484536","0.789948453608","0.48324742268"
"960","0.733942654639","0.789948453608","0.489690721649"
"961","0.734156958763","0.789948453608","0.48324742268"
"962","0.734008376289","0.789948453608","0.449742268041"
"963","0.733728221649","0.789948453608","0.454896907216"
"964","0.734021778351","0.789948453608","0.475515463918"
"965","0.734865979381","0.789948453608","0.470360824742"
"966","0.734160051546","0.789948453608","0.404639175258"
"967","0.733706056701","0.789948453608","0.498711340206"
"968","0.733423840206","0.789948453608","0.498711340206"
"969","0.733936984536","0.789948453608","0.492268041237"
"970","0.734092268041","0.789948453608","0.480670103093"
"971","0.734052963918","0.789948453608","0.454896907216"
"972","0.734165721649","0.789948453608","0.487113402062"
"973","0.734587371134","0.789948453608","0.470360824742"
"974","0.734306443299","0.789948453608","0.489690721649"
"975","0.734134664948","0.789948453608","0.496134020619"
"976","0.73430992268","0.789948453608","0.469072164948"
"977","0.733922293814","0.789948453608","0.471649484536"
"978","0.733375773196","0.789948453608","0.484536082474"
"979","0.733963402062","0.789948453608","0.436855670103"
"980","0.733292010309","0.789948453608","0.492268041237"
"981","0.733774742268","0.789948453608","0.485824742268"
"982","0.733478737113","0.789948453608","0.485824742268"
"983","0.733881185567","0.789948453608","0.498711340206"
"984","0.733455670103","0.789948453608","0.463917525773"
"985","0.734256185567","0.789948453608","0.484536082474"
"986","0.73463685567","0.789948453608","0.458762886598"
"987","0.734516881443","0.789948453608","0.496134020619"
"988","0.734773324742","0.789948453608","0.493556701031"
"989","0.734791494845","0.789948453608","0.481958762887"
"990","0.734638402062","0.789948453608","0.493556701031"
"991","0.734402835052","0.789948453608","0.484536082474"
"992","0.734918685567","0.789948453608","0.470360824742"
"993","0.735525386598","0.789948453608","0.479381443299"
"994","0.735746520619","0.789948453608","0.451030927835"
"995","0.735250773196","0.789948453608","0.451030927835"
"996","0.734976675258","0.789948453608","0.490979381443"
"997","0.734220489691","0.789948453608","0.452319587629"
"998","0.735017396907","0.789948453608","0.48324742268"
"999","0.734647680412","0.789948453608","0.447164948454"
"1000","0.734083505155","0.789948453608","0.448453608247"
