"Series","GBPUSD Spot 3m 5m"
"Signal","CLMI"
"Generations","1000"
"Ending","max generations were reached"
"Best Strategy","0000000010000000101000000000000000000000000000000000000000000000	","Accuracy","0.904964762806"
"Unique Strats","9391"
"0","0.496861344273","0.87977279899","0.11275901967"
"1","0.647516966446","0.882455033133","0.122646471021"
"2","0.750253255496","0.88839802251","0.133480593247"
"3","0.789293210266","0.88881876512","0.165351846008"
"4","0.805159135374","0.89213211318","0.181603029347"
"5","0.816015967182","0.892184706006","0.208688334911"
"6","0.823919653939","0.892184706006","0.20668980751"
"7","0.827886809719","0.897338802987","0.212737982539"
"8","0.829833464815","0.897338802987","0.213895024719"
"9","0.831651157042","0.89744398864","0.216945408646"
"10","0.834685936678","0.89744398864","0.214526138635"
"11","0.835017087409","0.89744398864","0.174502997791"
"12","0.836474492479","0.89902177343","0.185074155885"
"13","0.836367860524","0.899758072999","0.210529083833"
"14","0.836177974124","0.899758072999","0.204323130325"
"15","0.837200347113","0.899758072999","0.171189649732"
"16","0.838193699379","0.899758072999","0.20668980751"
"17","0.838228100347","0.899758072999","0.207636478384"
"18","0.839900930893","0.899758072999","0.200957189439"
"19","0.839612217314","0.90117807931","0.190859366782"
"20","0.839572188913","0.90117807931","0.223519511939"
"21","0.839155853582","0.90117807931","0.212685389713"
"22","0.839883091406","0.90117807931","0.225833596297"
"23","0.839877868939","0.90117807931","0.226675081519"
"24","0.840035221416","0.901388450615","0.175449668665"
"25","0.839846744504","0.901388450615","0.213000946671"
"26","0.839421762912","0.901388450615","0.15499105922"
"27","0.842372204691","0.901388450615","0.222993583675"
"28","0.842187088461","0.901388450615","0.218155043652"
"29","0.840666466814","0.901388450615","0.220153571053"
"30","0.842006037656","0.901388450615","0.237772167876"
"31","0.841857194699","0.901388450615","0.17581781845"
"32","0.840715741033","0.901388450615","0.208162406648"
"33","0.840694993163","0.901388450615","0.220889870622"
"34","0.840282491848","0.901388450615","0.218891343221"
"35","0.843241763963","0.901651414747","0.179183759335"
"36","0.842267755338","0.901651414747","0.214052803198"
"37","0.843255290838","0.901651414747","0.23240769959"
"38","0.8434409067","0.901651414747","0.223992847376"
"39","0.843312049017","0.901651414747","0.189860103082"
"40","0.842981219102","0.901651414747","0.218102450826"
"41","0.841272004839","0.901651414747","0.172451877564"
"42","0.842246355317","0.901651414747","0.241558851373"
"43","0.842095724203","0.901651414747","0.227989902177"
"44","0.843781645104","0.901651414747","0.194646050279"
"45","0.844405122541","0.901651414747","0.222362469759"
"46","0.843011607237","0.901651414747","0.218680971915"
"47","0.844670937204","0.902072157358","0.192384558746"
"48","0.8444357789","0.902440307142","0.232302513937"
"49","0.843686788682","0.902440307142","0.17366151257"
"50","0.84447470811","0.902440307142","0.228778794572"
"51","0.844518581046","0.902440307142","0.209582412959"
"52","0.845825775744","0.902440307142","0.26170190386"
"53","0.844959703376","0.903071421058","0.220311349532"
"54","0.843410639529","0.903071421058","0.212527611234"
"55","0.844333044073","0.903071421058","0.195855685285"
"56","0.845103707794","0.903071421058","0.237035868308"
"57","0.84599780162","0.903071421058","0.177500788892"
"58","0.845548501104","0.903071421058","0.199063847691"
"59","0.845214210582","0.903071421058","0.222046912801"
"60","0.84453474808","0.903071421058","0.222678026717"
"61","0.844870001052","0.903071421058","0.204217944672"
"62","0.845048727254","0.903071421058","0.208425370779"
"63","0.84523218155","0.903071421058","0.223309140633"
"64","0.844877590197","0.903071421058","0.216735037341"
"65","0.846132528663","0.903071421058","0.213632060587"
"66","0.845595545388","0.903071421058","0.224150625855"
"67","0.846305075208","0.903071421058","0.199905332913"
"68","0.845569322604","0.903071421058","0.250184074892"
"69","0.844666535185","0.903071421058","0.217576522562"
"70","0.845306163879","0.903071421058","0.238613653098"
"71","0.845822683286","0.903071421058","0.233722520248"
"72","0.84551664563","0.903071421058","0.227201009782"
"73","0.847432171032","0.903071421058","0.25381297991"
"74","0.844490144104","0.903071421058","0.181287472389"
"75","0.845170127275","0.903071421058","0.243452193121"
"76","0.846872525508","0.903071421058","0.205795729463"
"77","0.846542242558","0.903071421058","0.190911959609"
"78","0.846979888503","0.903071421058","0.233669927422"
"79","0.846383165036","0.903071421058","0.21847060061"
"80","0.847042295151","0.903071421058","0.22751656674"
"81","0.847696297465","0.903071421058","0.225149889555"
"82","0.847927579678","0.903071421058","0.218207636478"
"83","0.846826086042","0.903176606711","0.191227516567"
"84","0.846608535816","0.903597349322","0.224781739771"
"85","0.846806858105","0.903597349322","0.225044703902"
"86","0.847588208688","0.903597349322","0.235615861996"
"87","0.847662543389","0.903597349322","0.253655201431"
"88","0.845900489113","0.903597349322","0.235142526559"
"89","0.847266435258","0.903597349322","0.234248448512"
"90","0.845532118439","0.903597349322","0.228831387399"
"91","0.847855932471","0.903597349322","0.224834332597"
"92","0.848165272957","0.903597349322","0.193699379405"
"93","0.847652508678","0.903597349322","0.236615125697"
"94","0.847634316819","0.903597349322","0.21531503103"
"95","0.84792507626","0.903597349322","0.264068581046"
"96","0.847944919533","0.903597349322","0.233564741769"
"97","0.848257515515","0.903597349322","0.220889870622"
"98","0.848091432629","0.903597349322","0.23672031135"
"99","0.848587351425","0.903597349322","0.22378247607"
"100","0.847335710529","0.903649942148","0.240296623541"
"101","0.847995987167","0.903649942148","0.176501525192"
"102","0.847941890186","0.903649942148","0.209845377091"
"103","0.848401714526","0.903649942148","0.238455874619"
"104","0.848661033975","0.903649942148","0.245029977911"
"105","0.847176264857","0.903649942148","0.223256547807"
"106","0.847236325865","0.903649942148","0.259387819501"
"107","0.847229220574","0.903649942148","0.21747133691"
"108","0.848433275481","0.903649942148","0.23987588093"
"109","0.84792272536","0.903649942148","0.191595666351"
"110","0.848880104134","0.903649942148","0.245976648785"
"111","0.848888734617","0.903649942148","0.264489323656"
"112","0.847672131061","0.903649942148","0.266908593668"
"113","0.848865336068","0.903649942148","0.250815188808"
"114","0.849145461239","0.903649942148","0.244241085516"
"115","0.848159356264","0.903649942148","0.215630587988"
"116","0.846891821816","0.903649942148","0.262595981908"
"117","0.847847480804","0.903649942148","0.229620279794"
"118","0.848502950458","0.903649942148","0.230303986536"
"119","0.848825849374","0.903649942148","0.229725465447"
"120","0.848322998843","0.903649942148","0.224992111076"
"121","0.849871394762","0.903649942148","0.232460292416"
"122","0.849516282739","0.903649942148","0.19664457768"
"123","0.847403255496","0.903649942148","0.239402545493"
"124","0.848502287788","0.903649942148","0.233880298727"
"125","0.849313763543","0.903649942148","0.259335226675"
"126","0.850243415378","0.903649942148","0.25912485537"
"127","0.848171342169","0.903649942148","0.262490796255"
"128","0.850745008941","0.903649942148","0.264857473441"
"129","0.849023051436","0.903807720627","0.262911538866"
"130","0.847258704113","0.903807720627","0.234143262859"
"131","0.850185132008","0.903807720627","0.253707794257"
"132","0.850822088987","0.903807720627","0.184443041969"
"133","0.849548359104","0.904228463238","0.234248448512"
"134","0.849865630588","0.904228463238","0.218523193436"
"135","0.849948643105","0.904228463238","0.226359524561"
"136","0.849307862628","0.904228463238","0.227463973914"
"137","0.849826459451","0.904228463238","0.192489744399"
"138","0.850179662354","0.904228463238","0.200063111392"
"139","0.850257010624","0.904228463238","0.242715893552"
"140","0.850624103292","0.904228463238","0.191017145261"
"141","0.849170795204","0.904228463238","0.271747133691"
"142","0.849681282213","0.904228463238","0.216419480383"
"143","0.850871310613","0.904228463238","0.256810771011"
"144","0.85092067424","0.904228463238","0.26443673083"
"145","0.849156337436","0.904228463238","0.202324602924"
"146","0.850094756495","0.904228463238","0.245976648785"
"147","0.849137824761","0.904228463238","0.22593878195"
"148","0.848905296098","0.904228463238","0.253707794257"
"149","0.850403918166","0.904228463238","0.236930682655"
"150","0.849611680867","0.904228463238","0.240033659409"
"151","0.849919175344","0.904228463238","0.264015988219"
"152","0.849548359104","0.904228463238","0.222625433891"
"153","0.850726895971","0.904228463238","0.249710739455"
"154","0.850087272536","0.904228463238","0.255864100137"
"155","0.851096465762","0.904228463238","0.220153571053"
"156","0.850578000421","0.904228463238","0.193962343536"
"157","0.850754438835","0.904228463238","0.237193646787"
"158","0.851251456821","0.904228463238","0.23125065741"
"159","0.850436620385","0.904228463238","0.259387819501"
"160","0.850422146839","0.904228463238","0.262333017776"
"161","0.849335021563","0.904228463238","0.23714105396"
"162","0.849978258126","0.904228463238","0.237772167876"
"163","0.851517260966","0.904228463238","0.231618807195"
"164","0.8500700852","0.904228463238","0.209266856001"
"165","0.850214804881","0.904228463238","0.232933627853"
"166","0.852771173872","0.904228463238","0.254286315347"
"167","0.852690317661","0.904228463238","0.237246239613"
"168","0.850095429683","0.904228463238","0.243662564426"
"169","0.84987250447","0.904228463238","0.232565478069"
"170","0.851670679499","0.904228463238","0.240769958978"
"171","0.851508204481","0.904228463238","0.244346271169"
"172","0.85217280425","0.904228463238","0.252866309035"
"173","0.851804096981","0.904228463238","0.21847060061"
"174","0.851368081414","0.904228463238","0.260913011465"
"175","0.850246960135","0.904228463238","0.226306931735"
"176","0.850604244241","0.904228463238","0.255653728831"
"177","0.850386546755","0.904228463238","0.227989902177"
"178","0.851214205322","0.904228463238","0.232197328284"
"179","0.85153702535","0.904228463238","0.201009782266"
"180","0.851778463238","0.904228463238","0.247869990533"
"181","0.852417239928","0.904228463238","0.230987693279"
"182","0.851386667719","0.904228463238","0.231145471758"
"183","0.852435394972","0.904228463238","0.232355106763"
"184","0.852142821079","0.904228463238","0.253287051646"
"185","0.851241658778","0.904228463238","0.248658882928"
"186","0.852546665615","0.904228463238","0.258914484064"
"187","0.853328689387","0.904228463238","0.232460292416"
"188","0.851672046913","0.904228463238","0.232670663721"
"189","0.852307925739","0.904228463238","0.243084043336"
"190","0.850557231514","0.904228463238","0.2446092353"
"191","0.851620143052","0.904228463238","0.240244030714"
"192","0.852039618176","0.904228463238","0.237456610918"
"193","0.851292779005","0.904228463238","0.230093615231"
"194","0.851856006101","0.904228463238","0.219469864311"
"195","0.852770826759","0.904228463238","0.229725465447"
"196","0.851951640896","0.904228463238","0.240191437888"
"197","0.851911749237","0.904228463238","0.228515830441"
"198","0.851830777322","0.904281056064","0.237509203745"
"199","0.852434500894","0.904281056064","0.245818870306"
"200","0.851583980225","0.904281056064","0.231618807195"
"201","0.852662201536","0.904281056064","0.240822551804"
"202","0.850364778584","0.904281056064","0.243084043336"
"203","0.851936483644","0.904281056064","0.234879562428"
"204","0.852061296939","0.904281056064","0.238192910487"
"205","0.852779846429","0.904281056064","0.230303986536"
"206","0.851227400863","0.904281056064","0.27621752393"
"207","0.85088878195","0.904281056064","0.256495214053"
"208","0.850915451772","0.904281056064","0.258598927106"
"209","0.851442794783","0.904281056064","0.26543599453"
"210","0.852568028821","0.904281056064","0.194225307668"
"211","0.851543231303","0.904281056064","0.235510676344"
"212","0.853051483118","0.904281056064","0.264489323656"
"213","0.852382649627","0.904281056064","0.22220469128"
"214","0.851142563374","0.904281056064","0.259072262543"
"215","0.852454023351","0.904281056064","0.271852319344"
"216","0.852733264963","0.904281056064","0.220311349532"
"217","0.852469217419","0.904281056064","0.236352161565"
"218","0.850526874934","0.904281056064","0.226569895866"
"219","0.852608840854","0.904281056064","0.256705585358"
"220","0.851601646155","0.904281056064","0.249815925108"
"221","0.852527790049","0.904281056064","0.259598190807"
"222","0.853513064058","0.904281056064","0.262595981908"
"223","0.852908567371","0.904281056064","0.260755232986"
"224","0.851396265909","0.904281056064","0.232986220679"
"225","0.852981881771","0.904281056064","0.230987693279"
"226","0.852556311139","0.904281056064","0.247764804881"
"227","0.85296202272","0.904281056064","0.210792047965"
"228","0.853168807195","0.904281056064","0.253287051646"
"229","0.853450352372","0.904281056064","0.2681708215"
"230","0.85342925213","0.904281056064","0.260860418639"
"231","0.851816403703","0.904281056064","0.24992111076"
"232","0.852929583465","0.904281056064","0.262595981908"
"233","0.854078784054","0.904281056064","0.276690859367"
"234","0.852078173977","0.904281056064","0.273061954349"
"235","0.851855374987","0.904281056064","0.252813716209"
"236","0.853071499947","0.904281056064","0.23829809614"
"237","0.853931550437","0.904544020196","0.2328284422"
"238","0.853893962344","0.904544020196","0.242558115073"
"239","0.852397585989","0.904544020196","0.193594193752"
"240","0.852157930998","0.904544020196","0.240980330283"
"241","0.85272389818","0.904544020196","0.236457347218"
"242","0.852607378774","0.904544020196","0.256021878616"
"243","0.852654975281","0.904544020196","0.224045440202"
"244","0.85437411907","0.904544020196","0.263384874303"
"245","0.853058888188","0.904544020196","0.239507731145"
"246","0.853325281372","0.904544020196","0.233564741769"
"247","0.855506716104","0.904544020196","0.189281581992"
"248","0.854034464079","0.904544020196","0.24418849269"
"249","0.852827295677","0.904544020196","0.249658146629"
"250","0.855020805722","0.904544020196","0.230882507626"
"251","0.852563279689","0.904544020196","0.263174502998"
"252","0.852865662144","0.904544020196","0.258072998843"
"253","0.852640364994","0.904544020196","0.242610707899"
"254","0.853459193226","0.904544020196","0.260597454507"
"255","0.855340585884","0.904544020196","0.233722520248"
"256","0.853123766698","0.904544020196","0.256127064268"
"257","0.853229236352","0.904544020196","0.223624697591"
"258","0.852852661197","0.904544020196","0.263332281477"
"259","0.853048890291","0.904544020196","0.224992111076"
"260","0.851849610813","0.904544020196","0.235721047649"
"261","0.853768602083","0.904544020196","0.264541916483"
"262","0.854972036394","0.904544020196","0.239244767014"
"263","0.851385168823","0.904544020196","0.267224150626"
"264","0.855031476807","0.904544020196","0.272167876302"
"265","0.853472131061","0.904544020196","0.223046176502"
"266","0.853671910171","0.904544020196","0.230935100452"
"267","0.853247280951","0.904544020196","0.265856737141"
"268","0.853249116441","0.904544020196","0.183180814137"
"269","0.85421774482","0.904544020196","0.247291469444"
"270","0.854034779636","0.904544020196","0.249237404018"
"271","0.852586026086","0.904544020196","0.237929946355"
"272","0.853874308404","0.904544020196","0.231040286105"
"273","0.855499700221","0.904544020196","0.241190701588"
"274","0.854026953823","0.904544020196","0.253287051646"
"275","0.852640359735","0.904544020196","0.239455138319"
"276","0.853786872831","0.904544020196","0.230409172189"
"277","0.8532350426","0.904544020196","0.236299568739"
"278","0.853222036394","0.904544020196","0.231723992847"
"279","0.854628841906","0.904544020196","0.270800462817"
"280","0.854030835174","0.904544020196","0.236404754392"
"281","0.852569322604","0.904544020196","0.20884611339"
"282","0.852996323761","0.904544020196","0.260755232986"
"283","0.854057725886","0.904544020196","0.242663300726"
"284","0.85410007363","0.904596613022","0.206952771642"
"285","0.854658477964","0.904596613022","0.257810034711"
"286","0.855122814768","0.904596613022","0.238035132008"
"287","0.855162553908","0.904596613022","0.243347007468"
"288","0.854989328916","0.904596613022","0.244293678342"
"289","0.854083217629","0.904596613022","0.226412117387"
"290","0.853179288945","0.904596613022","0.194014936363"
"291","0.854370695277","0.904596613022","0.252550752077"
"292","0.854796423688","0.904596613022","0.262227832124"
"293","0.855613021984","0.904596613022","0.254286315347"
"294","0.854345860945","0.904596613022","0.243662564426"
"295","0.853493352267","0.904596613022","0.241348480067"
"296","0.855857057957","0.904596613022","0.270064163248"
"297","0.855331397917","0.904596613022","0.267276743452"
"298","0.853641948038","0.904596613022","0.240138845062"
"299","0.854481613548","0.904596613022","0.262701167561"
"300","0.85341231724","0.904596613022","0.240191437888"
"301","0.854570963501","0.904596613022","0.262438203429"
"302","0.854702661197","0.904596613022","0.261491532555"
"303","0.854406579363","0.904596613022","0.224886925423"
"304","0.854643709898","0.904596613022","0.248448511623"
"305","0.855552461344","0.904596613022","0.189491953298"
"306","0.855673777217","0.904596613022","0.234669191122"
"307","0.854942395077","0.904596613022","0.208057220995"
"308","0.854185047859","0.904596613022","0.242768486378"
"309","0.854320416535","0.904596613022","0.253918165562"
"310","0.854324613443","0.904596613022","0.243136636163"
"311","0.855604743873","0.904596613022","0.272851583044"
"312","0.854637619649","0.904596613022","0.237246239613"
"313","0.854300468076","0.904596613022","0.225202482381"
"314","0.854656563585","0.904596613022","0.259230041022"
"315","0.85541847586","0.904596613022","0.266961186494"
"316","0.855131755549","0.904596613022","0.245029977911"
"317","0.853676911749","0.904596613022","0.273535289786"
"318","0.855378368571","0.904596613022","0.227358788261"
"319","0.856197933102","0.904596613022","0.265120437572"
"320","0.854056121805","0.904596613022","0.245292942043"
"321","0.854450320816","0.904596613022","0.244714420953"
"322","0.85430036815","0.904596613022","0.227884716525"
"323","0.855103902388","0.904649205848","0.243925528558"
"324","0.855024876407","0.904649205848","0.238981802882"
"325","0.855976222783","0.904649205848","0.24992111076"
"326","0.854841011886","0.904649205848","0.222625433891"
"327","0.856086725571","0.904649205848","0.213895024719"
"328","0.854600930893","0.904649205848","0.229988429578"
"329","0.854560944567","0.904649205848","0.2446092353"
"330","0.856017355633","0.904649205848","0.228778794572"
"331","0.85632983591","0.904649205848","0.242978857684"
"332","0.85576341643","0.904649205848","0.261175975597"
"333","0.856041427369","0.904649205848","0.267750078889"
"334","0.854431571474","0.904649205848","0.241138108762"
"335","0.856114999474","0.904649205848","0.219890606921"
"336","0.854622099506","0.904649205848","0.231145471758"
"337","0.855611349532","0.904649205848","0.257704849059"
"338","0.853435221416","0.904649205848","0.266382665404"
"339","0.855166340591","0.904649205848","0.234195855685"
"340","0.854393631009","0.904649205848","0.251025560114"
"341","0.855174245293","0.904649205848","0.231566214368"
"342","0.8525283002","0.904649205848","0.222046912801"
"343","0.854717976228","0.904649205848","0.248764068581"
"344","0.855669022825","0.904649205848","0.224571368465"
"345","0.854474839592","0.904649205848","0.277269380457"
"346","0.85574977911","0.904649205848","0.244241085516"
"347","0.855752892605","0.904649205848","0.233722520248"
"348","0.855511922794","0.904649205848","0.244556642474"
"349","0.855300631114","0.904649205848","0.262385610603"
"350","0.85522785842","0.904649205848","0.276007152624"
"351","0.855339839066","0.904649205848","0.271641948038"
"352","0.855196975912","0.904649205848","0.274166403703"
"353","0.8558433996","0.904649205848","0.235878826128"
"354","0.855531692437","0.904649205848","0.258230777322"
"355","0.856583990744","0.904649205848","0.270116756074"
"356","0.856188660987","0.904649205848","0.267066372147"
"357","0.855651646155","0.904649205848","0.250604817503"
"358","0.85710630588","0.904649205848","0.26659303671"
"359","0.855180393394","0.904649205848","0.205795729463"
"360","0.856319327864","0.904649205848","0.22378247607"
"361","0.856655317135","0.904649205848","0.269485642158"
"362","0.855384138004","0.904649205848","0.278584201115"
"363","0.855109040707","0.904649205848","0.271694540865"
"364","0.855502619123","0.904649205848","0.285631639844"
"365","0.855134364153","0.904649205848","0.265804144315"
"366","0.853606900179","0.904649205848","0.246923319659"
"367","0.854590875145","0.904649205848","0.277690123067"
"368","0.855572835805","0.904649205848","0.251814452509"
"369","0.855947280951","0.904649205848","0.242768486378"
"370","0.856086425792","0.904649205848","0.238403281792"
"371","0.856201824971","0.904649205848","0.267802671716"
"372","0.855824813295","0.904649205848","0.23771957505"
"373","0.855086299569","0.904649205848","0.270747869991"
"374","0.855968717787","0.904649205848","0.272010097823"
"375","0.855838682024","0.904649205848","0.237666982224"
"376","0.855069070159","0.904649205848","0.223309140633"
"377","0.856174318923","0.904649205848","0.257652256232"
"378","0.855160876196","0.904649205848","0.259072262543"
"379","0.855491069738","0.904649205848","0.278268644157"
"380","0.855476817082","0.904649205848","0.249710739455"
"381","0.855146581466","0.904649205848","0.272010097823"
"382","0.856403281792","0.904649205848","0.254864836436"
"383","0.853929751762","0.904649205848","0.241558851373"
"384","0.854945250868","0.904649205848","0.266224886925"
"385","0.855338361208","0.904649205848","0.270642684338"
"386","0.856135489639","0.904806984327","0.26443673083"
"387","0.854679630798","0.904806984327","0.26170190386"
"388","0.856001851267","0.904806984327","0.272798990218"
"389","0.856266145998","0.904806984327","0.274113810876"
"390","0.856510713159","0.904806984327","0.261491532555"
"391","0.855474124329","0.904806984327","0.263805616914"
"392","0.85506415273","0.904806984327","0.274744924792"
"393","0.857096355317","0.904806984327","0.249079625539"
"394","0.856794798569","0.904806984327","0.256810771011"
"395","0.855863542653","0.904806984327","0.24245292942"
"396","0.855530083097","0.904806984327","0.196591984853"
"397","0.855314010729","0.904806984327","0.197801619859"
"398","0.856291458925","0.904806984327","0.278584201115"
"399","0.856673445882","0.904806984327","0.255495950352"
"400","0.855794167456","0.904806984327","0.239349952666"
"401","0.856057205217","0.904806984327","0.229462501315"
"402","0.856676122857","0.904806984327","0.271378983907"
"403","0.856400010519","0.904806984327","0.253602608604"
"404","0.857142389818","0.904806984327","0.200431261176"
"405","0.857281208583","0.904806984327","0.265330808878"
"406","0.856864342064","0.904806984327","0.280004207426"
"407","0.855150362891","0.904806984327","0.266908593668"
"408","0.856048885032","0.904859577154","0.249552960976"
"409","0.855089981067","0.904859577154","0.247238876617"
"410","0.856321747134","0.904859577154","0.279478279163"
"411","0.856861738719","0.904859577154","0.230724729147"
"412","0.85537301988","0.904859577154","0.268065635847"
"413","0.856844703902","0.904859577154","0.240244030714"
"414","0.85661730304","0.904859577154","0.266750815189"
"415","0.856263390134","0.904859577154","0.262070053645"
"416","0.856996581466","0.904859577154","0.255232986221"
"417","0.856005411802","0.904859577154","0.239402545493"
"418","0.854802897865","0.904859577154","0.243978121384"
"419","0.857540259809","0.904859577154","0.267434521931"
"420","0.857608541075","0.904859577154","0.251919638161"
"421","0.857950447039","0.904859577154","0.255232986221"
"422","0.857476601452","0.904859577154","0.266645629536"
"423","0.856172115283","0.904859577154","0.265909329967"
"424","0.855620432313","0.904859577154","0.272325654781"
"425","0.856740475439","0.904859577154","0.265067844746"
"426","0.855863695172","0.904859577154","0.275481224361"
"427","0.856905175134","0.904859577154","0.268013043021"
"428","0.857306926475","0.904859577154","0.26501525192"
"429","0.856598227622","0.904859577154","0.265225623225"
"430","0.856814715473","0.904859577154","0.258861891238"
"431","0.856070227201","0.904859577154","0.250815188808"
"432","0.855757678553","0.904859577154","0.275218260229"
"433","0.857259798044","0.904859577154","0.232512885242"
"434","0.856987219943","0.904859577154","0.268118228674"
"435","0.857176806564","0.904859577154","0.271536762386"
"436","0.855370942463","0.904859577154","0.2691700852"
"437","0.857843010413","0.904859577154","0.278216051331"
"438","0.854795298201","0.904859577154","0.265488587357"
"439","0.856779504576","0.904859577154","0.241558851373"
"440","0.856826338487","0.904859577154","0.24734406227"
"441","0.856918360156","0.904859577154","0.197275691596"
"442","0.856064520879","0.904859577154","0.209266856001"
"443","0.856397207321","0.904859577154","0.26601451562"
"444","0.856640107289","0.904859577154","0.261123382771"
"445","0.856137614389","0.904859577154","0.238929210056"
"446","0.855423309141","0.904859577154","0.275007888924"
"447","0.857686388977","0.904859577154","0.26501525192"
"448","0.857754128537","0.904859577154","0.236562532871"
"449","0.857659329967","0.904859577154","0.263753024088"
"450","0.856815767329","0.904859577154","0.233669927422"
"451","0.857044519827","0.904859577154","0.264489323656"
"452","0.857469080677","0.904859577154","0.23987588093"
"453","0.85624406227","0.904859577154","0.233512148943"
"454","0.856202687493","0.904859577154","0.274113810876"
"455","0.855893494267","0.904859577154","0.224255811507"
"456","0.857502708531","0.904859577154","0.19822236247"
"457","0.857125444409","0.904859577154","0.240822551804"
"458","0.857549968444","0.904859577154","0.230461765015"
"459","0.856752824235","0.904859577154","0.245135163564"
"460","0.856949626591","0.904859577154","0.268486378458"
"461","0.856399721258","0.904859577154","0.266224886925"
"462","0.856826669822","0.904859577154","0.22751656674"
"463","0.856244109603","0.904859577154","0.237877353529"
"464","0.857958867151","0.904859577154","0.224729146944"
"465","0.85721649311","0.904859577154","0.268276007153"
"466","0.855823251289","0.904859577154","0.236299568739"
"467","0.857129772799","0.904859577154","0.242558115073"
"468","0.856619885348","0.904859577154","0.246923319659"
"469","0.857085684233","0.904859577154","0.273745661092"
"470","0.856251535711","0.904859577154","0.264384138004"
"471","0.856988277059","0.904859577154","0.229725465447"
"472","0.856865036289","0.904859577154","0.246923319659"
"473","0.857246192279","0.904859577154","0.239034395708"
"474","0.857474176922","0.904859577154","0.274271589355"
"475","0.856364557694","0.904859577154","0.265488587357"
"476","0.855786683496","0.904859577154","0.265278216051"
"477","0.855874040181","0.904859577154","0.21000315557"
"478","0.857038035132","0.904859577154","0.250920374461"
"479","0.855939886399","0.904859577154","0.237666982224"
"480","0.857448217103","0.904859577154","0.23240769959"
"481","0.857318670453","0.904859577154","0.248869254234"
"482","0.855727921532","0.904859577154","0.233512148943"
"483","0.857743168192","0.904859577154","0.266540443883"
"484","0.85596649311","0.904859577154","0.235668454823"
"485","0.856450036815","0.904859577154","0.2681708215"
"486","0.856091853371","0.904859577154","0.245503313348"
"487","0.857242237299","0.904859577154","0.268276007153"
"488","0.855358456926","0.904859577154","0.2436099716"
"489","0.855657962554","0.904859577154","0.246344798569"
"490","0.857163958136","0.904859577154","0.243504785947"
"491","0.857080672136","0.904859577154","0.24245292942"
"492","0.856943757232","0.904859577154","0.26012411907"
"493","0.857112506574","0.904859577154","0.23672031135"
"494","0.856847517619","0.904859577154","0.257073735143"
"495","0.857759377301","0.904859577154","0.260071526244"
"496","0.858107683812","0.904859577154","0.261123382771"
"497","0.857876291154","0.904859577154","0.238929210056"
"498","0.856797601767","0.904859577154","0.261123382771"
"499","0.857667397707","0.904859577154","0.230514357842"
"500","0.857273393289","0.904859577154","0.226990638477"
"501","0.858640706848","0.904859577154","0.249552960976"
"502","0.856856174398","0.904964762806","0.232039549805"
"503","0.856573177659","0.904964762806","0.272273061954"
"504","0.858813032502","0.904964762806","0.263437467129"
"505","0.857842689597","0.904964762806","0.272115283475"
"506","0.856521047649","0.904964762806","0.254286315347"
"507","0.857624087514","0.904964762806","0.245029977911"
"508","0.85682441359","0.904964762806","0.23556326917"
"509","0.856473224992","0.904964762806","0.213632060587"
"510","0.855486694015","0.904964762806","0.282476070264"
"511","0.855649647628","0.904964762806","0.270642684338"
"512","0.857461386347","0.904964762806","0.253550015778"
"513","0.857315998738","0.904964762806","0.204586094457"
"514","0.857450799411","0.904964762806","0.230987693279"
"515","0.858418470601","0.904964762806","0.255285579047"
"516","0.857690443883","0.904964762806","0.269485642158"
"517","0.856815772589","0.904964762806","0.261754496687"
"518","0.857748863995","0.904964762806","0.265751551488"
"519","0.858262911539","0.904964762806","0.265120437572"
"520","0.857158272852","0.904964762806","0.269643420637"
"521","0.857343867676","0.904964762806","0.264962659093"
"522","0.857210565899","0.904964762806","0.265067844746"
"523","0.856222630693","0.904964762806","0.263753024088"
"524","0.856571573577","0.904964762806","0.267381929105"
"525","0.856702177343","0.904964762806","0.27506048175"
"526","0.858892721153","0.904964762806","0.263332281477"
"527","0.856648643105","0.904964762806","0.262227832124"
"528","0.856537183128","0.904964762806","0.228515830441"
"529","0.856496144946","0.904964762806","0.233249184811"
"530","0.857077900494","0.904964762806","0.268276007153"
"531","0.859127974124","0.904964762806","0.269117492374"
"532","0.857216777112","0.904964762806","0.265961922794"
"533","0.855485352898","0.904964762806","0.247396655096"
"534","0.856916756074","0.904964762806","0.244977385085"
"535","0.857545256127","0.904964762806","0.241190701588"
"536","0.857872167876","0.904964762806","0.277111601977"
"537","0.856907026402","0.904964762806","0.245029977911"
"538","0.859433827706","0.904964762806","0.274744924792"
"539","0.857060802567","0.904964762806","0.231040286105"
"540","0.857224429368","0.904964762806","0.276585673714"
"541","0.856762937835","0.904964762806","0.276375302409"
"542","0.856783470075","0.904964762806","0.249289996844"
"543","0.858109713895","0.904964762806","0.230356579363"
"544","0.855626548859","0.904964762806","0.237193646787"
"545","0.858094214789","0.904964762806","0.279688650468"
"546","0.858479236352","0.904964762806","0.259177448196"
"547","0.856501572526","0.904964762806","0.276375302409"
"548","0.857036304828","0.904964762806","0.259387819501"
"549","0.858038582097","0.904964762806","0.229620279794"
"550","0.857087304092","0.904964762806","0.227411381088"
"551","0.857603476386","0.904964762806","0.224203218681"
"552","0.85654713895","0.904964762806","0.266750815189"
"553","0.857149284738","0.904964762806","0.273061954349"
"554","0.856833428","0.904964762806","0.265278216051"
"555","0.85789845903","0.904964762806","0.240086252235"
"556","0.85720373935","0.904964762806","0.274113810876"
"557","0.857277800568","0.904964762806","0.270116756074"
"558","0.857172099506","0.904964762806","0.274271589355"
"559","0.857112585463","0.904964762806","0.222835805196"
"560","0.857288350689","0.904964762806","0.247607026402"
"561","0.857596323761","0.904964762806","0.243978121384"
"562","0.856520032608","0.904964762806","0.265751551488"
"563","0.856771347428","0.904964762806","0.278741979594"
"564","0.858419496161","0.904964762806","0.234616598296"
"565","0.858966682445","0.904964762806","0.266645629536"
"566","0.859688045651","0.904964762806","0.237456610918"
"567","0.857066151257","0.904964762806","0.235405490691"
"568","0.856810797307","0.904964762806","0.236930682655"
"569","0.856724155885","0.904964762806","0.279162722205"
"570","0.856850473335","0.904964762806","0.265225623225"
"571","0.860178610498","0.904964762806","0.266119701273"
"572","0.857552924161","0.904964762806","0.275113074577"
"573","0.856535342379","0.904964762806","0.216419480383"
"574","0.858034795414","0.904964762806","0.274218996529"
"575","0.85755542758","0.904964762806","0.256863363837"
"576","0.857231934364","0.904964762806","0.26759230041"
"577","0.857835147786","0.904964762806","0.265278216051"
"578","0.857466082886","0.904964762806","0.263227095824"
"579","0.859411496792","0.904964762806","0.265120437572"
"580","0.858979094352","0.904964762806","0.227832123698"
"581","0.858844735458","0.904964762806","0.260807825813"
"582","0.858661696645","0.904964762806","0.272693804565"
"583","0.857867897339","0.904964762806","0.276270116756"
"584","0.858802924161","0.904964762806","0.246081834438"
"585","0.857492253077","0.904964762806","0.256758178184"
"586","0.858295366572","0.904964762806","0.273377511307"
"587","0.85889471968","0.904964762806","0.276796045019"
"588","0.858071389502","0.904964762806","0.297727989902"
"589","0.858476327969","0.904964762806","0.256600399705"
"590","0.85782441359","0.904964762806","0.273430104134"
"591","0.858575686336","0.904964762806","0.269380456506"
"592","0.858451078153","0.904964762806","0.271694540865"
"593","0.85876693489","0.904964762806","0.264068581046"
"594","0.857734316819","0.904964762806","0.234038077206"
"595","0.85880784685","0.904964762806","0.283264962659"
"596","0.859186388977","0.904964762806","0.274955296098"
"597","0.858740286105","0.904964762806","0.254707057957"
"598","0.857658877669","0.904964762806","0.235773640475"
"599","0.858065667403","0.904964762806","0.268854528242"
"600","0.857479757021","0.904964762806","0.262806353213"
"601","0.857423940255","0.904964762806","0.275796781319"
"602","0.858830482802","0.904964762806","0.232197328284"
"603","0.858830382876","0.904964762806","0.28252866309"
"604","0.856209193226","0.904964762806","0.243662564426"
"605","0.858232854739","0.904964762806","0.252182602293"
"606","0.857791085516","0.904964762806","0.263490059956"
"607","0.858500615336","0.904964762806","0.263963395393"
"608","0.859234201115","0.904964762806","0.252603344904"
"609","0.85757521826","0.904964762806","0.273061954349"
"610","0.858637083202","0.904964762806","0.262753760387"
"611","0.857262432944","0.904964762806","0.219890606921"
"612","0.858758088777","0.904964762806","0.272851583044"
"613","0.856810255601","0.904964762806","0.274218996529"
"614","0.857467802672","0.904964762806","0.238350688966"
"615","0.858665372883","0.904964762806","0.230672136321"
"616","0.859615567477","0.904964762806","0.234090670033"
"617","0.858625738929","0.904964762806","0.235352897865"
"618","0.85777228884","0.904964762806","0.271431576733"
"619","0.857470826759","0.904964762806","0.235510676344"
"620","0.858994298938","0.904964762806","0.265698958662"
"621","0.859311759756","0.904964762806","0.24892184706"
"622","0.859399426738","0.904964762806","0.235668454823"
"623","0.857577111602","0.904964762806","0.24087514463"
"624","0.858446155464","0.904964762806","0.27406121805"
"625","0.858531213842","0.904964762806","0.275849374145"
"626","0.857682870516","0.904964762806","0.248606290102"
"627","0.85893621542","0.904964762806","0.263174502998"
"628","0.859347254654","0.904964762806","0.269012306721"
"629","0.860313132429","0.904964762806","0.271957504996"
"630","0.859506248028","0.904964762806","0.230514357842"
"631","0.859101409488","0.904964762806","0.266540443883"
"632","0.859710539602","0.904964762806","0.26501525192"
"633","0.859374676554","0.904964762806","0.282791627222"
"634","0.857155553802","0.904964762806","0.215893552119"
"635","0.859307831072","0.904964762806","0.235510676344"
"636","0.85763768276","0.904964762806","0.230093615231"
"637","0.858830814137","0.904964762806","0.227569159567"
"638","0.85999890081","0.904964762806","0.27621752393"
"639","0.857702603345","0.904964762806","0.265383401704"
"640","0.85898255496","0.904964762806","0.272746397391"
"641","0.858224376775","0.904964762806","0.264804880614"
"642","0.857217902598","0.904964762806","0.238403281792"
"643","0.857792652782","0.904964762806","0.238140317661"
"644","0.858715988219","0.904964762806","0.271852319344"
"645","0.857142731671","0.904964762806","0.227253602609"
"646","0.859343126118","0.904964762806","0.268696749763"
"647","0.858328268644","0.904964762806","0.256810771011"
"648","0.858854607132","0.904964762806","0.232723256548"
"649","0.859572041654","0.904964762806","0.274113810876"
"650","0.85909230567","0.904964762806","0.274113810876"
"651","0.857748800884","0.904964762806","0.267802671716"
"652","0.85782573367","0.904964762806","0.234301041338"
"653","0.857469333123","0.904964762806","0.270432313033"
"654","0.859058314926","0.904964762806","0.242505522247"
"655","0.859688129799","0.904964762806","0.246449984222"
"656","0.859077584937","0.904964762806","0.241927001157"
"657","0.858523209214","0.904964762806","0.235089933733"
"658","0.85785659514","0.904964762806","0.276743452193"
"659","0.858459571894","0.904964762806","0.258020406017"
"660","0.859319343642","0.904964762806","0.254444093826"
"661","0.858098627327","0.904964762806","0.238824024403"
"662","0.860118339119","0.904964762806","0.251288524245"
"663","0.859375581151","0.904964762806","0.242084779636"
"664","0.859713458504","0.904964762806","0.269433049332"
"665","0.858613511097","0.904964762806","0.230041022405"
"666","0.856871489429","0.904964762806","0.273587882613"
"667","0.859865272957","0.904964762806","0.240769958978"
"668","0.859992242558","0.904964762806","0.264068581046"
"669","0.858864857473","0.904964762806","0.269696013464"
"670","0.859451798675","0.904964762806","0.271536762386"
"671","0.85628086147","0.904964762806","0.264699694962"
"672","0.8570425213","0.904964762806","0.259387819501"
"673","0.859076512044","0.904964762806","0.248080361839"
"674","0.859784174819","0.904964762806","0.282213106132"
"675","0.858876569896","0.904964762806","0.233722520248"
"676","0.858591022405","0.904964762806","0.275533817187"
"677","0.859655075208","0.904964762806","0.238929210056"
"678","0.858915793626","0.904964762806","0.268644156937"
"679","0.859822278321","0.904964762806","0.267434521931"
"680","0.859260502787","0.904964762806","0.237877353529"
"681","0.857400699485","0.904964762806","0.273009361523"
"682","0.858219007047","0.904964762806","0.276375302409"
"683","0.859430140949","0.904964762806","0.275428631535"
"684","0.858661260124","0.904964762806","0.269275270853"
"685","0.859337493426","0.904964762806","0.262701167561"
"686","0.858826548859","0.904964762806","0.258598927106"
"687","0.8577626065","0.904964762806","0.265909329967"
"688","0.859610476491","0.904964762806","0.269012306721"
"689","0.85747052698","0.904964762806","0.229409908488"
"690","0.858929920059","0.904964762806","0.251235931419"
"691","0.857930945619","0.904964762806","0.265278216051"
"692","0.858726638267","0.904964762806","0.265383401704"
"693","0.859683559482","0.904964762806","0.275376038708"
"694","0.858318428526","0.904964762806","0.265751551488"
"695","0.858166098664","0.904964762806","0.265961922794"
"696","0.858005417061","0.904964762806","0.185810455454"
"697","0.859021731356","0.904964762806","0.256442621226"
"698","0.859477621752","0.904964762806","0.20884611339"
"699","0.858343247081","0.904964762806","0.275744188493"
"700","0.859411686126","0.904964762806","0.261228568423"
"701","0.859487745871","0.904964762806","0.293415378142"
"702","0.859862443463","0.904964762806","0.284947933102"
"703","0.859698153992","0.904964762806","0.245713684653"
"704","0.86015381298","0.904964762806","0.27463973914"
"705","0.859326349006","0.904964762806","0.242558115073"
"706","0.858379772799","0.904964762806","0.243872935732"
"707","0.85816092353","0.904964762806","0.265646365836"
"708","0.858756510992","0.904964762806","0.277321973283"
"709","0.860546492058","0.904964762806","0.277584937415"
"710","0.859974445146","0.904964762806","0.243978121384"
"711","0.859459214263","0.904964762806","0.249868517934"
"712","0.859900873041","0.904964762806","0.234879562428"
"713","0.859511281161","0.904964762806","0.269696013464"
"714","0.859841474703","0.904964762806","0.280582728516"
"715","0.858163847691","0.904964762806","0.253602608604"
"716","0.859069911644","0.904964762806","0.278689386768"
"717","0.857967366151","0.904964762806","0.263069317345"
"718","0.858223067214","0.904964762806","0.254549279478"
"719","0.860926359525","0.904964762806","0.273167140002"
"720","0.860044104344","0.904964762806","0.250762595982"
"721","0.861418076154","0.904964762806","0.184443041969"
"722","0.859378068791","0.904964762806","0.278689386768"
"723","0.859195061534","0.904964762806","0.278952350899"
"724","0.861082197328","0.904964762806","0.27348269696"
"725","0.85900703692","0.904964762806","0.281319028085"
"726","0.85927661197","0.904964762806","0.241138108762"
"727","0.858780603766","0.904964762806","0.283896076575"
"728","0.858464315767","0.904964762806","0.248395918797"
"729","0.858903239718","0.904964762806","0.266961186494"
"730","0.860219990533","0.904964762806","0.281476806564"
"731","0.859635452824","0.904964762806","0.240927737457"
"732","0.859432739034","0.904964762806","0.276164931103"
"733","0.859477989902","0.904964762806","0.274955296098"
"734","0.860595513832","0.904964762806","0.245713684653"
"735","0.860520810981","0.904964762806","0.278531608289"
"736","0.859360150415","0.904964762806","0.236983275481"
"737","0.858054123278","0.904964762806","0.270484905859"
"738","0.858528500053","0.904964762806","0.270064163248"
"739","0.858535021563","0.904964762806","0.232460292416"
"740","0.860024797518","0.904964762806","0.235615861996"
"741","0.860798437993","0.904964762806","0.283317555485"
"742","0.858752745346","0.904964762806","0.270537498685"
"743","0.858747885768","0.904964762806","0.243820342905"
"744","0.857091637741","0.904964762806","0.263227095824"
"745","0.856706905438","0.904964762806","0.265330808878"
"746","0.856977206269","0.904964762806","0.285053118755"
"747","0.859619901125","0.904964762806","0.300988745135"
"748","0.859099647628","0.904964762806","0.268433785632"
"749","0.858944483013","0.904964762806","0.266908593668"
"750","0.859580340802","0.904964762806","0.27348269696"
"751","0.859003318607","0.904964762806","0.272115283475"
"752","0.860544603976","0.904964762806","0.276533080888"
"753","0.860659340486","0.904964762806","0.245450720522"
"754","0.860506211213","0.904964762806","0.271747133691"
"755","0.859891795519","0.904964762806","0.246081834438"
"756","0.858477916272","0.904964762806","0.23240769959"
"757","0.858714305249","0.904964762806","0.2681708215"
"758","0.860274913222","0.904964762806","0.275218260229"
"759","0.860606274324","0.904964762806","0.283633112443"
"760","0.858148506364","0.904964762806","0.276480488061"
"761","0.859046712948","0.904964762806","0.268959713895"
"762","0.860168454823","0.904964762806","0.274534553487"
"763","0.85876011886","0.904964762806","0.261596718208"
"764","0.861016098664","0.904964762806","0.290259808562"
"765","0.861870974019","0.904964762806","0.208320185127"
"766","0.859095624277","0.904964762806","0.265909329967"
"767","0.858370774166","0.904964762806","0.259913747765"
"768","0.858250394446","0.904964762806","0.269590827811"
"769","0.859396071316","0.904964762806","0.273693068265"
"770","0.859698290733","0.904964762806","0.245450720522"
"771","0.860522856842","0.904964762806","0.275165667403"
"772","0.859210345009","0.904964762806","0.277900494373"
"773","0.858943094562","0.904964762806","0.23714105396"
"774","0.858345371831","0.904964762806","0.276059745451"
"775","0.859564115915","0.904964762806","0.268591564111"
"776","0.860567881561","0.904964762806","0.286420532239"
"777","0.859804775429","0.904964762806","0.274481960661"
"778","0.859053723572","0.904964762806","0.266540443883"
"779","0.860488576838","0.904964762806","0.252603344904"
"780","0.859783280741","0.904964762806","0.289260544862"
"781","0.859987514463","0.904964762806","0.27937309351"
"782","0.85881979594","0.904964762806","0.285947196802"
"783","0.860250499632","0.904964762806","0.242347743768"
"784","0.860747349322","0.904964762806","0.265067844746"
"785","0.85959508783","0.904964762806","0.269590827811"
"786","0.860978768276","0.904964762806","0.263384874303"
"787","0.859963658357","0.904964762806","0.266330072578"
"788","0.859408704113","0.904964762806","0.265961922794"
"789","0.860411870201","0.904964762806","0.291416850742"
"790","0.862258072999","0.904964762806","0.267066372147"
"791","0.860223524771","0.904964762806","0.227989902177"
"792","0.859181198065","0.904964762806","0.278584201115"
"793","0.859759629747","0.904964762806","0.24618702009"
"794","0.858888813506","0.904964762806","0.244924792258"
"795","0.860547307247","0.904964762806","0.26601451562"
"796","0.860532996739","0.904964762806","0.282002734827"
"797","0.859493573157","0.904964762806","0.172241506259"
"798","0.860138908173","0.904964762806","0.240191437888"
"799","0.858547296729","0.904964762806","0.282002734827"
"800","0.858318112969","0.904964762806","0.237351425266"
"801","0.858680829915","0.904964762806","0.239612916798"
"802","0.858706153361","0.904964762806","0.265698958662"
"803","0.860534558746","0.904964762806","0.279057536552"
"804","0.861103255496","0.904964762806","0.272641211739"
"805","0.860745108867","0.904964762806","0.269538234985"
"806","0.859557731145","0.904964762806","0.247607026402"
"807","0.861110939308","0.904964762806","0.277321973283"
"808","0.858985421269","0.904964762806","0.275113074577"
"809","0.85947125802","0.904964762806","0.230409172189"
"810","0.860375539076","0.904964762806","0.269696013464"
"811","0.859638555801","0.904964762806","0.276164931103"
"812","0.860172714842","0.904964762806","0.271589355212"
"813","0.861104870096","0.904964762806","0.263121910171"
"814","0.860488434837","0.904964762806","0.25854633428"
"815","0.860625891448","0.904964762806","0.270379720206"
"816","0.859833748817","0.904964762806","0.277321973283"
"817","0.860148269696","0.904964762806","0.269485642158"
"818","0.85999333123","0.904964762806","0.285999789629"
"819","0.860440633218","0.904964762806","0.276690859367"
"820","0.859309303671","0.904964762806","0.251972230988"
"821","0.85906165983","0.904964762806","0.27779530872"
"822","0.860506400547","0.904964762806","0.247396655096"
"823","0.859210723677","0.904964762806","0.269958977595"
"824","0.860439360471","0.904964762806","0.253181865993"
"825","0.862050389187","0.904964762806","0.269853791943"
"826","0.859136294309","0.904964762806","0.232092142632"
"827","0.859013064058","0.904964762806","0.248027769012"
"828","0.859802782161","0.904964762806","0.273693068265"
"829","0.858685095193","0.904964762806","0.266382665404"
"830","0.859274403071","0.904964762806","0.257441884927"
"831","0.859664084359","0.904964762806","0.241085515936"
"832","0.859861707163","0.904964762806","0.207899442516"
"833","0.859425533817","0.904964762806","0.267013779321"
"834","0.861255048911","0.904964762806","0.288787209425"
"835","0.858893510045","0.904964762806","0.280582728516"
"836","0.859973025139","0.904964762806","0.225097296729"
"837","0.860723051436","0.904964762806","0.265804144315"
"838","0.861063337541","0.904964762806","0.262648574734"
"839","0.860581092879","0.904964762806","0.241348480067"
"840","0.860257799516","0.904964762806","0.266698222362"
"841","0.860109140633","0.904964762806","0.28252866309"
"842","0.859905511728","0.904964762806","0.246397391396"
"843","0.85869692332","0.904964762806","0.261544125381"
"844","0.859200478595","0.904964762806","0.269853791943"
"845","0.860677884717","0.904964762806","0.279741243294"
"846","0.8594590933","0.904964762806","0.262543389082"
"847","0.859085952456","0.904964762806","0.26012411907"
"848","0.858977674345","0.904964762806","0.269485642158"
"849","0.861080330283","0.904964762806","0.274008625224"
"850","0.859794262123","0.904964762806","0.270642684338"
"851","0.859782391922","0.904964762806","0.269643420637"
"852","0.857957888924","0.904964762806","0.280740506995"
"853","0.859570516462","0.904964762806","0.245555906174"
"854","0.861561091827","0.904964762806","0.276533080888"
"855","0.8602590933","0.904964762806","0.276690859367"
"856","0.860455685285","0.904964762806","0.244346271169"
"857","0.85999530872","0.904964762806","0.27779530872"
"858","0.860588966025","0.904964762806","0.269012306721"
"859","0.859300184075","0.904964762806","0.263227095824"
"860","0.860449463553","0.904964762806","0.280267171558"
"861","0.859678994425","0.904964762806","0.279425686336"
"862","0.860559351005","0.904964762806","0.250289260545"
"863","0.858475681077","0.904964762806","0.281581992216"
"864","0.860473009362","0.904964762806","0.263069317345"
"865","0.859570763648","0.904964762806","0.273219732828"
"866","0.858953197644","0.904964762806","0.27032712738"
"867","0.860214636584","0.904964762806","0.267644893237"
"868","0.860692526559","0.904964762806","0.271589355212"
"869","0.861492631745","0.904964762806","0.27879457242"
"870","0.861081618807","0.904964762806","0.274481960661"
"871","0.858519343642","0.904964762806","0.233827705901"
"872","0.860020926686","0.904964762806","0.273430104134"
"873","0.859548411697","0.904964762806","0.272851583044"
"874","0.860503045125","0.904964762806","0.262911538866"
"875","0.860280046282","0.904964762806","0.276375302409"
"876","0.859974176922","0.904964762806","0.247133690965"
"877","0.861484064374","0.904964762806","0.281634585043"
"878","0.860908967077","0.904964762806","0.276164931103"
"879","0.859385752603","0.904964762806","0.27406121805"
"880","0.859781418954","0.904964762806","0.234195855685"
"881","0.860793567897","0.904964762806","0.273324918481"
"882","0.860875107815","0.904964762806","0.235089933733"
"883","0.861298306511","0.904964762806","0.266750815189"
"884","0.860203355422","0.904964762806","0.275954559798"
"885","0.85976414747","0.904964762806","0.219785421269"
"886","0.861652203639","0.904964762806","0.266803408015"
"887","0.862099731777","0.904964762806","0.266172294099"
"888","0.859541443147","0.904964762806","0.272798990218"
"889","0.860830919323","0.904964762806","0.267644893237"
"890","0.859306689808","0.904964762806","0.288787209425"
"891","0.861071668244","0.904964762806","0.269064899548"
"892","0.861151477858","0.904964762806","0.245345534869"
"893","0.861000573262","0.904964762806","0.252445566425"
"894","0.860996244872","0.904964762806","0.266961186494"
"895","0.857783017776","0.904964762806","0.272115283475"
"896","0.861359524561","0.904964762806","0.232039549805"
"897","0.860219017566","0.904964762806","0.271273798254"
"898","0.860814205322","0.904964762806","0.272167876302"
"899","0.860254680762","0.904964762806","0.266645629536"
"900","0.859840343957","0.904964762806","0.263016724519"
"901","0.86000234564","0.904964762806","0.246818134007"
"902","0.85976898601","0.904964762806","0.272430840433"
"903","0.860330246134","0.904964762806","0.245082570737"
"904","0.861763253392","0.904964762806","0.279425686336"
"905","0.860238066688","0.904964762806","0.249710739455"
"906","0.861133175555","0.904964762806","0.276480488061"
"907","0.862647496581","0.904964762806","0.227621752393"
"908","0.860205259283","0.904964762806","0.225097296729"
"909","0.858952818975","0.904964762806","0.242137372462"
"910","0.860152529715","0.904964762806","0.229620279794"
"911","0.858864520879","0.904964762806","0.240612180499"
"912","0.85925718418","0.904964762806","0.276007152624"
"913","0.860106211213","0.904964762806","0.257652256232"
"914","0.860407862628","0.904964762806","0.280267171558"
"915","0.859370989797","0.904964762806","0.276848637846"
"916","0.859949605554","0.904964762806","0.251235931419"
"917","0.861239786473","0.904964762806","0.262333017776"
"918","0.859809940044","0.904964762806","0.257599663406"
"919","0.860346323761","0.904964762806","0.279530871989"
"920","0.861057999369","0.904964762806","0.279110129378"
"921","0.860167560745","0.904964762806","0.231776585674"
"922","0.859829241611","0.904964762806","0.266856000841"
"923","0.858690680551","0.904964762806","0.24087514463"
"924","0.860129730725","0.904964762806","0.26228042495"
"925","0.861274723888","0.904964762806","0.26170190386"
"926","0.859277558641","0.904964762806","0.265698958662"
"927","0.861113621542","0.904964762806","0.27348269696"
"928","0.860265556958","0.904964762806","0.28526349006"
"929","0.858695229831","0.904964762806","0.264857473441"
"930","0.859908372778","0.904964762806","0.253865572736"
"931","0.860153718313","0.904964762806","0.281003471127"
"932","0.860586751867","0.904964762806","0.252918901862"
"933","0.859559682339","0.904964762806","0.208635742085"
"934","0.85883584727","0.904964762806","0.250131482066"
"935","0.858702324603","0.904964762806","0.246397391396"
"936","0.860328615757","0.904964762806","0.267329336279"
"937","0.859664184285","0.904964762806","0.24203218681"
"938","0.859726443673","0.904964762806","0.251341117072"
"939","0.859743636268","0.904964762806","0.243294414642"
"940","0.86080168823","0.904964762806","0.248501104449"
"941","0.859951020301","0.904964762806","0.27779530872"
"942","0.861157289366","0.904964762806","0.265488587357"
"943","0.861901020301","0.904964762806","0.284895340276"
"944","0.860950021037","0.904964762806","0.26974860629"
"945","0.861014452509","0.904964762806","0.269538234985"
"946","0.860763390134","0.904964762806","0.272167876302"
"947","0.859776895971","0.904964762806","0.272536026086"
"948","0.860810891974","0.904964762806","0.281213842432"
"949","0.861128184496","0.904964762806","0.281003471127"
"950","0.861358477964","0.904964762806","0.240401809193"
"951","0.860266172294","0.904964762806","0.245608499001"
"952","0.86303533712","0.904964762806","0.281739770695"
"953","0.861712953613","0.904964762806","0.268801935416"
"954","0.860106416325","0.904964762806","0.309088040391"
"955","0.860385279268","0.904964762806","0.272746397391"
"956","0.859816393184","0.904964762806","0.245555906174"
"957","0.860563789839","0.904964762806","0.229199537183"
"958","0.858035500158","0.904964762806","0.278689386768"
"959","0.861548143473","0.904964762806","0.262595981908"
"960","0.861233233407","0.904964762806","0.241085515936"
"961","0.861410844641","0.904964762806","0.197906805512"
"962","0.859797401914","0.904964762806","0.272273061954"
"963","0.86040608499","0.904964762806","0.238981802882"
"964","0.858696434206","0.904964762806","0.252603344904"
"965","0.859628784054","0.904964762806","0.276427895235"
"966","0.858344935311","0.904964762806","0.277111601977"
"967","0.861680298727","0.904964762806","0.255075207742"
"968","0.861594845903","0.904964762806","0.272851583044"
"969","0.861225996634","0.904964762806","0.255495950352"
"970","0.859622451878","0.904964762806","0.26543599453"
"971","0.86193108236","0.904964762806","0.272010097823"
"972","0.859858241296","0.904964762806","0.239612916798"
"973","0.860070321868","0.904964762806","0.279267907857"
"974","0.861788503208","0.904964762806","0.2681708215"
"975","0.861007136847","0.904964762806","0.270642684338"
"976","0.862294556642","0.904964762806","0.237877353529"
"977","0.862177237825","0.904964762806","0.263174502998"
"978","0.860665772589","0.904964762806","0.230041022405"
"979","0.860867692227","0.904964762806","0.285684232671"
"980","0.861708804039","0.904964762806","0.24618702009"
"981","0.859712727464","0.904964762806","0.274744924792"
"982","0.86068181866","0.904964762806","0.276690859367"
"983","0.860706195435","0.904964762806","0.305353949721"
"984","0.860286099716","0.904964762806","0.275270853056"
"985","0.861065046808","0.904964762806","0.275481224361"
"986","0.861430335542","0.904964762806","0.235037340907"
"987","0.861680956138","0.904964762806","0.249184811192"
"988","0.860410565899","0.904964762806","0.258861891238"
"989","0.861286047123","0.904964762806","0.280898285474"
"990","0.861768859788","0.904964762806","0.273798253918"
"991","0.860597344062","0.904964762806","0.272956768697"
"992","0.86131825497","0.904964762806","0.247554433575"
"993","0.860504465131","0.904964762806","0.235615861996"
"994","0.860676943305","0.904964762806","0.271536762386"
"995","0.859098338067","0.904964762806","0.275113074577"
"996","0.860282717997","0.904964762806","0.271431576733"
"997","0.861511612496","0.904964762806","0.2809508783"
"998","0.861254417797","0.904964762806","0.239612916798"
"999","0.860624282108","0.904964762806","0.267276743452"
"1000","0.861514284212","0.904964762806","0.276901230672"
