"Series","Lockheed Martin 3y 1d"
"Signal","CGO"
"Generations","1000"
"Ending","max generations were reached"
"Best Strategy","1010110111000100111001001100101010101010010101111110111111110001	","Accuracy","0.637333333333"
"Unique Strats","9405"
"0","0.499635333333","0.576","0.42"
"1","0.508747333333","0.586666666667","0.434666666667"
"2","0.514444133333","0.586666666667","0.430666666667"
"3","0.518795333333","0.589333333333","0.44"
"4","0.5220424","0.589333333333","0.429333333333"
"5","0.5248432","0.589333333333","0.441333333333"
"6","0.5270448","0.597333333333","0.457333333333"
"7","0.529067866667","0.597333333333","0.454666666667"
"8","0.530685066667","0.597333333333","0.454666666667"
"9","0.5324008","0.597333333333","0.452"
"10","0.5340168","0.597333333333","0.442666666667"
"11","0.5351964","0.6","0.450666666667"
"12","0.536149733333","0.6","0.450666666667"
"13","0.537425866667","0.606666666667","0.448"
"14","0.538298933333","0.606666666667","0.465333333333"
"15","0.5390036","0.606666666667","0.449333333333"
"16","0.539777733333","0.606666666667","0.46"
"17","0.540882","0.606666666667","0.465333333333"
"18","0.541566266667","0.606666666667","0.458666666667"
"19","0.542294266667","0.606666666667","0.464"
"20","0.543418133333","0.606666666667","0.465333333333"
"21","0.544010133333","0.606666666667","0.462666666667"
"22","0.5446796","0.606666666667","0.456"
"23","0.545202933333","0.606666666667","0.473333333333"
"24","0.5455908","0.608","0.465333333333"
"25","0.545724266667","0.608","0.457333333333"
"26","0.546439733333","0.612","0.464"
"27","0.546895466667","0.612","0.473333333333"
"28","0.547487733333","0.612","0.465333333333"
"29","0.5483344","0.612","0.469333333333"
"30","0.548551066667","0.616","0.461333333333"
"31","0.548719333333","0.616","0.458666666667"
"32","0.5492484","0.616","0.470666666667"
"33","0.549741733333","0.616","0.472"
"34","0.550581866667","0.616","0.46"
"35","0.550893333333","0.616","0.470666666667"
"36","0.551208133333","0.616","0.469333333333"
"37","0.5517216","0.616","0.469333333333"
"38","0.552025066667","0.616","0.458666666667"
"39","0.55182","0.616","0.462666666667"
"40","0.5524612","0.616","0.474666666667"
"41","0.552554933333","0.62","0.470666666667"
"42","0.552849866667","0.62","0.474666666667"
"43","0.553437733333","0.62","0.472"
"44","0.553504","0.62","0.476"
"45","0.5537636","0.62","0.472"
"46","0.5546872","0.62","0.482666666667"
"47","0.554993733333","0.62","0.476"
"48","0.5552264","0.62","0.476"
"49","0.555439466667","0.62","0.477333333333"
"50","0.555556933333","0.626666666667","0.468"
"51","0.556103733333","0.626666666667","0.472"
"52","0.5565944","0.626666666667","0.473333333333"
"53","0.5568916","0.626666666667","0.466666666667"
"54","0.557108133333","0.626666666667","0.470666666667"
"55","0.5575596","0.626666666667","0.477333333333"
"56","0.557836933333","0.626666666667","0.476"
"57","0.557820666667","0.626666666667","0.476"
"58","0.558064266667","0.626666666667","0.477333333333"
"59","0.558189466667","0.626666666667","0.484"
"60","0.558482133333","0.626666666667","0.474666666667"
"61","0.558677733333","0.626666666667","0.478666666667"
"62","0.5589288","0.626666666667","0.474666666667"
"63","0.5593452","0.626666666667","0.470666666667"
"64","0.559404533333","0.626666666667","0.474666666667"
"65","0.559535866667","0.626666666667","0.478666666667"
"66","0.5602664","0.626666666667","0.485333333333"
"67","0.560397066667","0.626666666667","0.474666666667"
"68","0.560343866667","0.626666666667","0.461333333333"
"69","0.560967333333","0.626666666667","0.481333333333"
"70","0.561270933333","0.626666666667","0.476"
"71","0.561468133333","0.626666666667","0.464"
"72","0.561399466667","0.626666666667","0.456"
"73","0.561703066667","0.626666666667","0.476"
"74","0.561446133333","0.626666666667","0.485333333333"
"75","0.562005466667","0.626666666667","0.473333333333"
"76","0.562513066667","0.626666666667","0.48"
"77","0.562493733333","0.626666666667","0.490666666667"
"78","0.562798133333","0.626666666667","0.474666666667"
"79","0.5628248","0.626666666667","0.482666666667"
"80","0.563141333333","0.626666666667","0.481333333333"
"81","0.563456533333","0.626666666667","0.488"
"82","0.563401466667","0.626666666667","0.482666666667"
"83","0.563443333333","0.626666666667","0.486666666667"
"84","0.563355333333","0.626666666667","0.485333333333"
"85","0.563806533333","0.626666666667","0.482666666667"
"86","0.564010666667","0.626666666667","0.484"
"87","0.564141733333","0.626666666667","0.473333333333"
"88","0.564422","0.626666666667","0.485333333333"
"89","0.564473466667","0.626666666667","0.482666666667"
"90","0.564771466667","0.626666666667","0.485333333333"
"91","0.565093866667","0.626666666667","0.482666666667"
"92","0.565054266667","0.626666666667","0.486666666667"
"93","0.565188","0.626666666667","0.481333333333"
"94","0.565128666667","0.626666666667","0.492"
"95","0.565403333333","0.626666666667","0.489333333333"
"96","0.565714666667","0.626666666667","0.488"
"97","0.565767466667","0.626666666667","0.490666666667"
"98","0.566028666667","0.626666666667","0.482666666667"
"99","0.5662176","0.626666666667","0.484"
"100","0.566361466667","0.626666666667","0.481333333333"
"101","0.566201066667","0.626666666667","0.494666666667"
"102","0.566268133333","0.626666666667","0.492"
"103","0.566573333333","0.626666666667","0.48"
"104","0.566807733333","0.626666666667","0.488"
"105","0.56679","0.626666666667","0.482666666667"
"106","0.567336266667","0.626666666667","0.492"
"107","0.567317866667","0.626666666667","0.476"
"108","0.567456","0.626666666667","0.492"
"109","0.5671976","0.626666666667","0.482666666667"
"110","0.567474266667","0.626666666667","0.485333333333"
"111","0.567829866667","0.626666666667","0.488"
"112","0.5682544","0.626666666667","0.490666666667"
"113","0.5683348","0.626666666667","0.489333333333"
"114","0.568422266667","0.626666666667","0.490666666667"
"115","0.568263733333","0.626666666667","0.490666666667"
"116","0.568691466667","0.626666666667","0.492"
"117","0.568472","0.626666666667","0.482666666667"
"118","0.568685333333","0.626666666667","0.494666666667"
"119","0.568908266667","0.626666666667","0.489333333333"
"120","0.568747333333","0.626666666667","0.494666666667"
"121","0.568772533333","0.626666666667","0.493333333333"
"122","0.568943333333","0.626666666667","0.492"
"123","0.5692384","0.626666666667","0.496"
"124","0.569275866667","0.626666666667","0.494666666667"
"125","0.569313066667","0.626666666667","0.485333333333"
"126","0.569909466667","0.626666666667","0.488"
"127","0.5700244","0.626666666667","0.482666666667"
"128","0.5700612","0.626666666667","0.497333333333"
"129","0.569878","0.626666666667","0.493333333333"
"130","0.570275066667","0.626666666667","0.497333333333"
"131","0.570366133333","0.626666666667","0.484"
"132","0.570426133333","0.626666666667","0.488"
"133","0.570550666667","0.626666666667","0.474666666667"
"134","0.570352266667","0.626666666667","0.493333333333"
"135","0.570587733333","0.626666666667","0.496"
"136","0.570880666667","0.626666666667","0.489333333333"
"137","0.5707976","0.626666666667","0.492"
"138","0.5710136","0.626666666667","0.493333333333"
"139","0.57099","0.626666666667","0.496"
"140","0.5714744","0.626666666667","0.498666666667"
"141","0.571437866667","0.626666666667","0.497333333333"
"142","0.5718708","0.626666666667","0.5"
"143","0.572009733333","0.626666666667","0.493333333333"
"144","0.572058133333","0.626666666667","0.473333333333"
"145","0.5721048","0.626666666667","0.498666666667"
"146","0.571783733333","0.626666666667","0.489333333333"
"147","0.571956666667","0.626666666667","0.485333333333"
"148","0.571956","0.626666666667","0.490666666667"
"149","0.5720588","0.626666666667","0.5"
"150","0.5722784","0.626666666667","0.497333333333"
"151","0.572364133333","0.629333333333","0.490666666667"
"152","0.5722896","0.629333333333","0.492"
"153","0.572687066667","0.629333333333","0.498666666667"
"154","0.572795733333","0.629333333333","0.481333333333"
"155","0.5728756","0.629333333333","0.488"
"156","0.572981866667","0.629333333333","0.502666666667"
"157","0.572987066667","0.629333333333","0.490666666667"
"158","0.573024533333","0.629333333333","0.48"
"159","0.573186","0.629333333333","0.5"
"160","0.573196","0.629333333333","0.496"
"161","0.573034266667","0.629333333333","0.494666666667"
"162","0.573294533333","0.629333333333","0.494666666667"
"163","0.573231066667","0.629333333333","0.498666666667"
"164","0.5733064","0.629333333333","0.490666666667"
"165","0.5734408","0.629333333333","0.498666666667"
"166","0.5734776","0.629333333333","0.486666666667"
"167","0.5735896","0.629333333333","0.488"
"168","0.5735764","0.629333333333","0.496"
"169","0.5738928","0.629333333333","0.492"
"170","0.574174266667","0.629333333333","0.496"
"171","0.574352","0.629333333333","0.494666666667"
"172","0.5745212","0.629333333333","0.498666666667"
"173","0.57489","0.629333333333","0.494666666667"
"174","0.574532533333","0.629333333333","0.5"
"175","0.5745792","0.629333333333","0.496"
"176","0.5743448","0.629333333333","0.501333333333"
"177","0.5743048","0.629333333333","0.492"
"178","0.574607866667","0.629333333333","0.488"
"179","0.5744056","0.629333333333","0.497333333333"
"180","0.5748888","0.629333333333","0.496"
"181","0.575030133333","0.629333333333","0.498666666667"
"182","0.5752704","0.629333333333","0.498666666667"
"183","0.5754632","0.629333333333","0.498666666667"
"184","0.575520266667","0.629333333333","0.501333333333"
"185","0.575721066667","0.629333333333","0.5"
"186","0.575728666667","0.629333333333","0.490666666667"
"187","0.576248533333","0.629333333333","0.5"
"188","0.576391466667","0.629333333333","0.497333333333"
"189","0.576185733333","0.629333333333","0.494666666667"
"190","0.575976533333","0.629333333333","0.496"
"191","0.576078933333","0.629333333333","0.494666666667"
"192","0.5761596","0.629333333333","0.489333333333"
"193","0.5760944","0.629333333333","0.505333333333"
"194","0.576053333333","0.629333333333","0.497333333333"
"195","0.576122666667","0.629333333333","0.494666666667"
"196","0.576168","0.629333333333","0.498666666667"
"197","0.5763732","0.629333333333","0.498666666667"
"198","0.576422266667","0.629333333333","0.504"
"199","0.576439333333","0.629333333333","0.484"
"200","0.576660133333","0.629333333333","0.492"
"201","0.5768372","0.629333333333","0.5"
"202","0.576776133333","0.632","0.498666666667"
"203","0.576808133333","0.632","0.493333333333"
"204","0.577008666667","0.632","0.496"
"205","0.576978533333","0.632","0.502666666667"
"206","0.576909866667","0.632","0.504"
"207","0.576912133333","0.632","0.493333333333"
"208","0.577028933333","0.632","0.5"
"209","0.577162266667","0.632","0.492"
"210","0.577196133333","0.632","0.488"
"211","0.577249333333","0.632","0.492"
"212","0.577563733333","0.632","0.490666666667"
"213","0.577809866667","0.632","0.493333333333"
"214","0.577866666667","0.632","0.496"
"215","0.5780628","0.632","0.5"
"216","0.577778133333","0.632","0.496"
"217","0.577872533333","0.632","0.497333333333"
"218","0.578171066667","0.632","0.501333333333"
"219","0.578327333333","0.632","0.5"
"220","0.5781356","0.632","0.493333333333"
"221","0.578105066667","0.632","0.498666666667"
"222","0.578090933333","0.632","0.493333333333"
"223","0.5779804","0.632","0.496"
"224","0.577908933333","0.632","0.496"
"225","0.577983466667","0.632","0.501333333333"
"226","0.578114933333","0.632","0.501333333333"
"227","0.5782604","0.632","0.510666666667"
"228","0.5787752","0.632","0.501333333333"
"229","0.578174133333","0.632","0.501333333333"
"230","0.578604666667","0.632","0.506666666667"
"231","0.578504533333","0.632","0.493333333333"
"232","0.579084666667","0.632","0.509333333333"
"233","0.579320533333","0.632","0.497333333333"
"234","0.578960933333","0.632","0.497333333333"
"235","0.5791628","0.632","0.496"
"236","0.579534133333","0.632","0.509333333333"
"237","0.579383333333","0.632","0.494666666667"
"238","0.579398133333","0.632","0.504"
"239","0.5795268","0.632","0.502666666667"
"240","0.579505066667","0.632","0.506666666667"
"241","0.5797792","0.632","0.501333333333"
"242","0.579717866667","0.632","0.508"
"243","0.579212","0.632","0.482666666667"
"244","0.5791364","0.632","0.505333333333"
"245","0.579467466667","0.633333333333","0.489333333333"
"246","0.579435333333","0.633333333333","0.498666666667"
"247","0.579285333333","0.633333333333","0.502666666667"
"248","0.579871866667","0.633333333333","0.498666666667"
"249","0.579922666667","0.633333333333","0.502666666667"
"250","0.579838266667","0.633333333333","0.506666666667"
"251","0.5796732","0.633333333333","0.504"
"252","0.579891333333","0.633333333333","0.501333333333"
"253","0.580511866667","0.633333333333","0.5"
"254","0.580561466667","0.633333333333","0.506666666667"
"255","0.580541466667","0.633333333333","0.505333333333"
"256","0.580424133333","0.633333333333","0.494666666667"
"257","0.580432","0.633333333333","0.498666666667"
"258","0.580417066667","0.633333333333","0.494666666667"
"259","0.580676666667","0.633333333333","0.506666666667"
"260","0.580757733333","0.633333333333","0.506666666667"
"261","0.5809384","0.633333333333","0.493333333333"
"262","0.580874533333","0.633333333333","0.501333333333"
"263","0.5809436","0.633333333333","0.505333333333"
"264","0.580856","0.633333333333","0.498666666667"
"265","0.580805066667","0.633333333333","0.497333333333"
"266","0.580527733333","0.633333333333","0.489333333333"
"267","0.580259466667","0.633333333333","0.498666666667"
"268","0.580604933333","0.633333333333","0.504"
"269","0.581066266667","0.633333333333","0.504"
"270","0.581455466667","0.633333333333","0.506666666667"
"271","0.581303333333","0.633333333333","0.496"
"272","0.581249466667","0.633333333333","0.508"
"273","0.581149333333","0.633333333333","0.509333333333"
"274","0.581334666667","0.633333333333","0.505333333333"
"275","0.581149466667","0.633333333333","0.508"
"276","0.581278","0.633333333333","0.508"
"277","0.581490133333","0.633333333333","0.504"
"278","0.581510666667","0.633333333333","0.501333333333"
"279","0.581629466667","0.633333333333","0.505333333333"
"280","0.581842266667","0.633333333333","0.496"
"281","0.581674933333","0.633333333333","0.508"
"282","0.581646","0.633333333333","0.510666666667"
"283","0.5818452","0.633333333333","0.501333333333"
"284","0.5820384","0.633333333333","0.506666666667"
"285","0.581929066667","0.633333333333","0.494666666667"
"286","0.581976933333","0.633333333333","0.510666666667"
"287","0.582003333333","0.633333333333","0.497333333333"
"288","0.582024266667","0.633333333333","0.497333333333"
"289","0.582124266667","0.633333333333","0.509333333333"
"290","0.5819936","0.633333333333","0.498666666667"
"291","0.582136666667","0.633333333333","0.504"
"292","0.582318933333","0.633333333333","0.5"
"293","0.582626933333","0.633333333333","0.509333333333"
"294","0.582608133333","0.633333333333","0.508"
"295","0.5825288","0.633333333333","0.501333333333"
"296","0.5822568","0.633333333333","0.504"
"297","0.5822912","0.633333333333","0.496"
"298","0.582017066667","0.633333333333","0.512"
"299","0.582144266667","0.633333333333","0.509333333333"
"300","0.5826076","0.633333333333","0.514666666667"
"301","0.5825052","0.633333333333","0.505333333333"
"302","0.582564266667","0.633333333333","0.508"
"303","0.582760133333","0.633333333333","0.5"
"304","0.5829996","0.633333333333","0.510666666667"
"305","0.582863333333","0.634666666667","0.510666666667"
"306","0.5831224","0.634666666667","0.494666666667"
"307","0.5831868","0.634666666667","0.510666666667"
"308","0.5832924","0.634666666667","0.508"
"309","0.583239066667","0.634666666667","0.5"
"310","0.582953333333","0.634666666667","0.509333333333"
"311","0.5831916","0.634666666667","0.505333333333"
"312","0.583244266667","0.634666666667","0.508"
"313","0.583247066667","0.634666666667","0.502666666667"
"314","0.583441466667","0.634666666667","0.509333333333"
"315","0.583251733333","0.634666666667","0.508"
"316","0.583096533333","0.634666666667","0.496"
"317","0.583241866667","0.634666666667","0.508"
"318","0.5833444","0.634666666667","0.506666666667"
"319","0.583287466667","0.634666666667","0.508"
"320","0.583145466667","0.634666666667","0.513333333333"
"321","0.5833084","0.634666666667","0.505333333333"
"322","0.583309333333","0.634666666667","0.506666666667"
"323","0.583798133333","0.634666666667","0.509333333333"
"324","0.583921733333","0.634666666667","0.501333333333"
"325","0.583930533333","0.634666666667","0.506666666667"
"326","0.584145066667","0.634666666667","0.506666666667"
"327","0.584092","0.634666666667","0.509333333333"
"328","0.584169866667","0.634666666667","0.494666666667"
"329","0.584048533333","0.634666666667","0.509333333333"
"330","0.584152133333","0.634666666667","0.501333333333"
"331","0.5840584","0.634666666667","0.510666666667"
"332","0.584067066667","0.634666666667","0.516"
"333","0.583905866667","0.634666666667","0.502666666667"
"334","0.583708533333","0.634666666667","0.505333333333"
"335","0.583876533333","0.634666666667","0.513333333333"
"336","0.5842388","0.634666666667","0.498666666667"
"337","0.584563466667","0.634666666667","0.510666666667"
"338","0.58442","0.634666666667","0.509333333333"
"339","0.5846428","0.634666666667","0.509333333333"
"340","0.585021466667","0.634666666667","0.504"
"341","0.584514666667","0.634666666667","0.518666666667"
"342","0.584198","0.634666666667","0.508"
"343","0.583947066667","0.634666666667","0.509333333333"
"344","0.584319333333","0.634666666667","0.513333333333"
"345","0.584644933333","0.634666666667","0.497333333333"
"346","0.584792666667","0.634666666667","0.5"
"347","0.5845176","0.634666666667","0.506666666667"
"348","0.584737333333","0.634666666667","0.506666666667"
"349","0.584617333333","0.634666666667","0.510666666667"
"350","0.584767466667","0.634666666667","0.512"
"351","0.584776","0.634666666667","0.508"
"352","0.584747066667","0.634666666667","0.5"
"353","0.5846504","0.634666666667","0.508"
"354","0.584624","0.634666666667","0.510666666667"
"355","0.584849066667","0.634666666667","0.508"
"356","0.5851284","0.634666666667","0.506666666667"
"357","0.585230133333","0.634666666667","0.513333333333"
"358","0.585303866667","0.634666666667","0.514666666667"
"359","0.585072133333","0.634666666667","0.513333333333"
"360","0.5851404","0.634666666667","0.512"
"361","0.585130133333","0.634666666667","0.502666666667"
"362","0.585277333333","0.634666666667","0.512"
"363","0.585253066667","0.634666666667","0.508"
"364","0.5848484","0.634666666667","0.505333333333"
"365","0.585042133333","0.634666666667","0.498666666667"
"366","0.5853184","0.634666666667","0.502666666667"
"367","0.585039333333","0.634666666667","0.505333333333"
"368","0.58497","0.634666666667","0.498666666667"
"369","0.585353866667","0.634666666667","0.514666666667"
"370","0.5853388","0.634666666667","0.505333333333"
"371","0.5855552","0.634666666667","0.508"
"372","0.5857508","0.634666666667","0.494666666667"
"373","0.5855704","0.634666666667","0.517333333333"
"374","0.585916266667","0.634666666667","0.502666666667"
"375","0.5860372","0.634666666667","0.506666666667"
"376","0.585879466667","0.634666666667","0.510666666667"
"377","0.586110533333","0.634666666667","0.505333333333"
"378","0.585969466667","0.634666666667","0.510666666667"
"379","0.586016266667","0.634666666667","0.509333333333"
"380","0.585652533333","0.634666666667","0.514666666667"
"381","0.585921066667","0.634666666667","0.504"
"382","0.585837866667","0.634666666667","0.508"
"383","0.585651333333","0.634666666667","0.506666666667"
"384","0.585585066667","0.634666666667","0.517333333333"
"385","0.58575","0.634666666667","0.506666666667"
"386","0.586118266667","0.634666666667","0.501333333333"
"387","0.586346533333","0.634666666667","0.509333333333"
"388","0.586255733333","0.634666666667","0.516"
"389","0.586284133333","0.634666666667","0.512"
"390","0.586504133333","0.634666666667","0.506666666667"
"391","0.586643333333","0.634666666667","0.513333333333"
"392","0.5866672","0.634666666667","0.517333333333"
"393","0.586589333333","0.634666666667","0.513333333333"
"394","0.5866544","0.634666666667","0.504"
"395","0.5863488","0.634666666667","0.501333333333"
"396","0.5865516","0.634666666667","0.506666666667"
"397","0.5864356","0.634666666667","0.498666666667"
"398","0.586413066667","0.634666666667","0.509333333333"
"399","0.586682533333","0.634666666667","0.514666666667"
"400","0.586742266667","0.634666666667","0.508"
"401","0.586947066667","0.634666666667","0.510666666667"
"402","0.586631466667","0.634666666667","0.513333333333"
"403","0.5866796","0.634666666667","0.512"
"404","0.5868272","0.634666666667","0.510666666667"
"405","0.586912133333","0.634666666667","0.505333333333"
"406","0.5868504","0.634666666667","0.510666666667"
"407","0.586907866667","0.634666666667","0.513333333333"
"408","0.586634533333","0.634666666667","0.512"
"409","0.5867632","0.634666666667","0.513333333333"
"410","0.586907866667","0.634666666667","0.510666666667"
"411","0.587017466667","0.634666666667","0.506666666667"
"412","0.586806","0.634666666667","0.510666666667"
"413","0.5871844","0.634666666667","0.514666666667"
"414","0.587383866667","0.634666666667","0.506666666667"
"415","0.587399466667","0.634666666667","0.510666666667"
"416","0.587293733333","0.634666666667","0.510666666667"
"417","0.587269333333","0.634666666667","0.506666666667"
"418","0.587709066667","0.634666666667","0.509333333333"
"419","0.5871472","0.634666666667","0.502666666667"
"420","0.587114666667","0.636","0.512"
"421","0.587098533333","0.636","0.509333333333"
"422","0.587016533333","0.636","0.514666666667"
"423","0.5869824","0.636","0.509333333333"
"424","0.5871132","0.636","0.508"
"425","0.587202133333","0.636","0.5"
"426","0.587168666667","0.636","0.513333333333"
"427","0.5874636","0.636","0.513333333333"
"428","0.5873168","0.636","0.513333333333"
"429","0.587443333333","0.636","0.505333333333"
"430","0.587414666667","0.636","0.510666666667"
"431","0.587401466667","0.636","0.509333333333"
"432","0.587478","0.636","0.518666666667"
"433","0.587631866667","0.636","0.517333333333"
"434","0.587335733333","0.636","0.506666666667"
"435","0.5875392","0.636","0.513333333333"
"436","0.587520666667","0.636","0.509333333333"
"437","0.587638266667","0.636","0.52"
"438","0.587802133333","0.636","0.512"
"439","0.587986266667","0.636","0.516"
"440","0.5878104","0.636","0.505333333333"
"441","0.587769066667","0.636","0.516"
"442","0.587724","0.636","0.504"
"443","0.587825333333","0.636","0.506666666667"
"444","0.588059733333","0.636","0.513333333333"
"445","0.5883368","0.636","0.516"
"446","0.588090266667","0.636","0.516"
"447","0.5877572","0.636","0.518666666667"
"448","0.5878112","0.636","0.506666666667"
"449","0.5883124","0.636","0.517333333333"
"450","0.588099066667","0.636","0.52"
"451","0.587997733333","0.636","0.510666666667"
"452","0.587845466667","0.636","0.513333333333"
"453","0.5879136","0.636","0.514666666667"
"454","0.5884656","0.636","0.521333333333"
"455","0.588585733333","0.636","0.52"
"456","0.588640933333","0.636","0.501333333333"
"457","0.588384666667","0.636","0.513333333333"
"458","0.588226266667","0.636","0.518666666667"
"459","0.588338","0.636","0.514666666667"
"460","0.588250533333","0.636","0.514666666667"
"461","0.58826","0.636","0.510666666667"
"462","0.588127466667","0.636","0.509333333333"
"463","0.5881432","0.636","0.501333333333"
"464","0.5882592","0.636","0.502666666667"
"465","0.588273466667","0.636","0.512"
"466","0.5881288","0.636","0.506666666667"
"467","0.587965733333","0.636","0.508"
"468","0.587833466667","0.636","0.5"
"469","0.588097733333","0.636","0.514666666667"
"470","0.588258133333","0.636","0.512"
"471","0.588378533333","0.636","0.504"
"472","0.588604533333","0.636","0.516"
"473","0.5884324","0.636","0.52"
"474","0.5884836","0.636","0.492"
"475","0.588639333333","0.636","0.517333333333"
"476","0.588476266667","0.636","0.524"
"477","0.588370933333","0.636","0.518666666667"
"478","0.588564533333","0.636","0.509333333333"
"479","0.5883552","0.636","0.509333333333"
"480","0.5885448","0.636","0.509333333333"
"481","0.588747866667","0.636","0.516"
"482","0.5890756","0.636","0.517333333333"
"483","0.5889488","0.636","0.488"
"484","0.588557733333","0.636","0.505333333333"
"485","0.588628933333","0.636","0.518666666667"
"486","0.588808933333","0.636","0.522666666667"
"487","0.5889816","0.636","0.508"
"488","0.588929866667","0.636","0.506666666667"
"489","0.588894933333","0.636","0.513333333333"
"490","0.5892076","0.636","0.501333333333"
"491","0.5890272","0.636","0.518666666667"
"492","0.5892868","0.636","0.504"
"493","0.5895572","0.636","0.512"
"494","0.589371466667","0.636","0.52"
"495","0.5893448","0.636","0.496"
"496","0.589166666667","0.636","0.513333333333"
"497","0.589431733333","0.636","0.513333333333"
"498","0.5894308","0.636","0.514666666667"
"499","0.5893128","0.636","0.498666666667"
"500","0.588965733333","0.636","0.501333333333"
"501","0.5890396","0.636","0.517333333333"
"502","0.589304533333","0.636","0.516"
"503","0.589303733333","0.636","0.506666666667"
"504","0.589359733333","0.636","0.514666666667"
"505","0.589454533333","0.636","0.516"
"506","0.5895728","0.636","0.505333333333"
"507","0.589639733333","0.636","0.504"
"508","0.589665333333","0.636","0.517333333333"
"509","0.589580133333","0.636","0.518666666667"
"510","0.5897628","0.636","0.514666666667"
"511","0.589726666667","0.636","0.5"
"512","0.5893436","0.636","0.509333333333"
"513","0.589629466667","0.636","0.5"
"514","0.5897","0.636","0.514666666667"
"515","0.589349733333","0.636","0.513333333333"
"516","0.588836266667","0.636","0.514666666667"
"517","0.5892344","0.636","0.517333333333"
"518","0.589536266667","0.636","0.513333333333"
"519","0.589792","0.636","0.514666666667"
"520","0.5901408","0.636","0.516"
"521","0.589722133333","0.636","0.512"
"522","0.589824933333","0.636","0.514666666667"
"523","0.58975","0.636","0.517333333333"
"524","0.589706933333","0.636","0.516"
"525","0.590023866667","0.636","0.506666666667"
"526","0.5899292","0.636","0.52"
"527","0.5901464","0.636","0.509333333333"
"528","0.5902268","0.636","0.518666666667"
"529","0.590043066667","0.636","0.501333333333"
"530","0.590343733333","0.636","0.52"
"531","0.590140933333","0.636","0.512"
"532","0.590003066667","0.636","0.501333333333"
"533","0.5900896","0.636","0.517333333333"
"534","0.589938","0.636","0.510666666667"
"535","0.5900984","0.636","0.514666666667"
"536","0.5899456","0.636","0.509333333333"
"537","0.590383866667","0.636","0.514666666667"
"538","0.590420533333","0.636","0.518666666667"
"539","0.5905212","0.636","0.517333333333"
"540","0.590443466667","0.637333333333","0.514666666667"
"541","0.590398266667","0.637333333333","0.521333333333"
"542","0.590173866667","0.637333333333","0.513333333333"
"543","0.590526266667","0.637333333333","0.52"
"544","0.590611866667","0.637333333333","0.516"
"545","0.590404533333","0.637333333333","0.508"
"546","0.590355333333","0.637333333333","0.504"
"547","0.590329733333","0.637333333333","0.52"
"548","0.590423733333","0.637333333333","0.513333333333"
"549","0.590482533333","0.637333333333","0.52"
"550","0.590244533333","0.637333333333","0.521333333333"
"551","0.590398","0.637333333333","0.512"
"552","0.590508666667","0.637333333333","0.516"
"553","0.590443066667","0.637333333333","0.514666666667"
"554","0.590415066667","0.637333333333","0.522666666667"
"555","0.5906948","0.637333333333","0.510666666667"
"556","0.5904048","0.637333333333","0.510666666667"
"557","0.590412666667","0.637333333333","0.506666666667"
"558","0.590256533333","0.637333333333","0.509333333333"
"559","0.590334933333","0.637333333333","0.514666666667"
"560","0.590537333333","0.637333333333","0.516"
"561","0.5905504","0.637333333333","0.492"
"562","0.5908368","0.637333333333","0.513333333333"
"563","0.590977466667","0.637333333333","0.494666666667"
"564","0.590985066667","0.637333333333","0.516"
"565","0.5908852","0.637333333333","0.502666666667"
"566","0.5908364","0.637333333333","0.513333333333"
"567","0.5907724","0.637333333333","0.517333333333"
"568","0.590940666667","0.637333333333","0.52"
"569","0.5906228","0.637333333333","0.524"
"570","0.5904168","0.637333333333","0.510666666667"
"571","0.590428","0.637333333333","0.516"
"572","0.590508133333","0.637333333333","0.512"
"573","0.590676133333","0.637333333333","0.517333333333"
"574","0.591053733333","0.637333333333","0.517333333333"
"575","0.5908584","0.637333333333","0.513333333333"
"576","0.5906668","0.637333333333","0.516"
"577","0.590945333333","0.637333333333","0.517333333333"
"578","0.591078","0.637333333333","0.509333333333"
"579","0.591006933333","0.637333333333","0.516"
"580","0.5908428","0.637333333333","0.514666666667"
"581","0.590934","0.637333333333","0.505333333333"
"582","0.5908072","0.637333333333","0.510666666667"
"583","0.5910412","0.637333333333","0.514666666667"
"584","0.590975733333","0.637333333333","0.517333333333"
"585","0.590852533333","0.637333333333","0.518666666667"
"586","0.591071733333","0.637333333333","0.516"
"587","0.5913236","0.637333333333","0.518666666667"
"588","0.5910612","0.637333333333","0.52"
"589","0.590902133333","0.637333333333","0.509333333333"
"590","0.591285733333","0.637333333333","0.501333333333"
"591","0.591191733333","0.637333333333","0.512"
"592","0.590808933333","0.637333333333","0.518666666667"
"593","0.590870666667","0.637333333333","0.506666666667"
"594","0.590775466667","0.637333333333","0.508"
"595","0.5909092","0.637333333333","0.510666666667"
"596","0.591215066667","0.637333333333","0.514666666667"
"597","0.5912484","0.637333333333","0.516"
"598","0.591693333333","0.637333333333","0.516"
"599","0.591699733333","0.637333333333","0.505333333333"
"600","0.591622533333","0.637333333333","0.521333333333"
"601","0.591739466667","0.637333333333","0.522666666667"
"602","0.591590533333","0.637333333333","0.524"
"603","0.5913428","0.637333333333","0.517333333333"
"604","0.5912816","0.637333333333","0.517333333333"
"605","0.591299866667","0.637333333333","0.514666666667"
"606","0.5913212","0.637333333333","0.522666666667"
"607","0.591329466667","0.637333333333","0.512"
"608","0.5913004","0.637333333333","0.517333333333"
"609","0.591603066667","0.637333333333","0.509333333333"
"610","0.591661866667","0.637333333333","0.512"
"611","0.591807066667","0.637333333333","0.506666666667"
"612","0.591690133333","0.637333333333","0.506666666667"
"613","0.591734666667","0.637333333333","0.516"
"614","0.5918664","0.637333333333","0.517333333333"
"615","0.591226666667","0.637333333333","0.513333333333"
"616","0.5912912","0.637333333333","0.514666666667"
"617","0.591627333333","0.637333333333","0.510666666667"
"618","0.591962266667","0.637333333333","0.521333333333"
"619","0.592341466667","0.637333333333","0.52"
"620","0.592404933333","0.637333333333","0.518666666667"
"621","0.592214266667","0.637333333333","0.521333333333"
"622","0.59222","0.637333333333","0.522666666667"
"623","0.5918104","0.637333333333","0.521333333333"
"624","0.5913316","0.637333333333","0.502666666667"
"625","0.591857066667","0.637333333333","0.514666666667"
"626","0.5916136","0.637333333333","0.506666666667"
"627","0.591700133333","0.637333333333","0.512"
"628","0.591892933333","0.637333333333","0.52"
"629","0.5919588","0.637333333333","0.518666666667"
"630","0.5916364","0.637333333333","0.501333333333"
"631","0.5918536","0.637333333333","0.52"
"632","0.591911733333","0.637333333333","0.510666666667"
"633","0.592112","0.637333333333","0.52"
"634","0.592045333333","0.637333333333","0.501333333333"
"635","0.592082666667","0.637333333333","0.521333333333"
"636","0.5920604","0.637333333333","0.510666666667"
"637","0.592113066667","0.637333333333","0.502666666667"
"638","0.591962133333","0.637333333333","0.52"
"639","0.592188133333","0.637333333333","0.513333333333"
"640","0.591836","0.637333333333","0.517333333333"
"641","0.591944666667","0.637333333333","0.524"
"642","0.5918224","0.637333333333","0.514666666667"
"643","0.591806933333","0.637333333333","0.521333333333"
"644","0.591857866667","0.637333333333","0.509333333333"
"645","0.592047066667","0.637333333333","0.510666666667"
"646","0.5921912","0.637333333333","0.516"
"647","0.592181333333","0.637333333333","0.517333333333"
"648","0.592242666667","0.637333333333","0.509333333333"
"649","0.592056266667","0.637333333333","0.505333333333"
"650","0.592209066667","0.637333333333","0.521333333333"
"651","0.592422933333","0.637333333333","0.52"
"652","0.5927464","0.637333333333","0.524"
"653","0.592635866667","0.637333333333","0.516"
"654","0.592560133333","0.637333333333","0.514666666667"
"655","0.592292933333","0.637333333333","0.512"
"656","0.592394666667","0.637333333333","0.518666666667"
"657","0.592399333333","0.637333333333","0.513333333333"
"658","0.592698","0.637333333333","0.517333333333"
"659","0.592616133333","0.637333333333","0.502666666667"
"660","0.592403733333","0.637333333333","0.513333333333"
"661","0.592762933333","0.637333333333","0.52"
"662","0.592548266667","0.637333333333","0.526666666667"
"663","0.592492933333","0.637333333333","0.517333333333"
"664","0.592650666667","0.637333333333","0.52"
"665","0.592356266667","0.637333333333","0.517333333333"
"666","0.5923928","0.637333333333","0.516"
"667","0.59258","0.637333333333","0.518666666667"
"668","0.592675066667","0.637333333333","0.524"
"669","0.592984266667","0.637333333333","0.518666666667"
"670","0.593029066667","0.637333333333","0.525333333333"
"671","0.593028666667","0.637333333333","0.522666666667"
"672","0.592726266667","0.637333333333","0.517333333333"
"673","0.5926484","0.637333333333","0.525333333333"
"674","0.592527066667","0.637333333333","0.497333333333"
"675","0.592497333333","0.637333333333","0.505333333333"
"676","0.592877066667","0.637333333333","0.518666666667"
"677","0.592619466667","0.637333333333","0.524"
"678","0.592544266667","0.637333333333","0.508"
"679","0.592553066667","0.637333333333","0.518666666667"
"680","0.5923568","0.637333333333","0.502666666667"
"681","0.592268666667","0.637333333333","0.522666666667"
"682","0.592232133333","0.637333333333","0.516"
"683","0.59248","0.637333333333","0.504"
"684","0.592988","0.637333333333","0.525333333333"
"685","0.5929056","0.637333333333","0.52"
"686","0.5928452","0.637333333333","0.522666666667"
"687","0.592710266667","0.637333333333","0.517333333333"
"688","0.5928756","0.637333333333","0.512"
"689","0.593324533333","0.637333333333","0.526666666667"
"690","0.593265866667","0.637333333333","0.513333333333"
"691","0.593161866667","0.637333333333","0.497333333333"
"692","0.5932384","0.637333333333","0.513333333333"
"693","0.593048933333","0.637333333333","0.516"
"694","0.5927864","0.637333333333","0.521333333333"
"695","0.592836666667","0.637333333333","0.510666666667"
"696","0.59283","0.637333333333","0.508"
"697","0.592832666667","0.637333333333","0.513333333333"
"698","0.593093066667","0.637333333333","0.522666666667"
"699","0.5931164","0.637333333333","0.512"
"700","0.5932816","0.637333333333","0.513333333333"
"701","0.593075866667","0.637333333333","0.526666666667"
"702","0.592995866667","0.637333333333","0.518666666667"
"703","0.593048533333","0.637333333333","0.510666666667"
"704","0.593301333333","0.637333333333","0.513333333333"
"705","0.5931984","0.637333333333","0.508"
"706","0.593136533333","0.637333333333","0.526666666667"
"707","0.593096133333","0.637333333333","0.522666666667"
"708","0.592911333333","0.637333333333","0.516"
"709","0.5931064","0.637333333333","0.522666666667"
"710","0.593073066667","0.637333333333","0.525333333333"
"711","0.593302666667","0.637333333333","0.510666666667"
"712","0.5933728","0.637333333333","0.521333333333"
"713","0.593592266667","0.637333333333","0.514666666667"
"714","0.593333733333","0.637333333333","0.524"
"715","0.593393866667","0.637333333333","0.510666666667"
"716","0.593324133333","0.637333333333","0.498666666667"
"717","0.593690266667","0.637333333333","0.514666666667"
"718","0.593554266667","0.637333333333","0.524"
"719","0.5932672","0.637333333333","0.504"
"720","0.593203466667","0.637333333333","0.521333333333"
"721","0.593105066667","0.637333333333","0.52"
"722","0.593024133333","0.637333333333","0.509333333333"
"723","0.593362133333","0.637333333333","0.524"
"724","0.593323066667","0.637333333333","0.525333333333"
"725","0.593261066667","0.637333333333","0.518666666667"
"726","0.5935092","0.637333333333","0.504"
"727","0.593364933333","0.637333333333","0.501333333333"
"728","0.5934496","0.637333333333","0.518666666667"
"729","0.593796266667","0.637333333333","0.52"
"730","0.5936704","0.637333333333","0.510666666667"
"731","0.593763333333","0.637333333333","0.526666666667"
"732","0.5938136","0.637333333333","0.518666666667"
"733","0.593842133333","0.637333333333","0.525333333333"
"734","0.593961733333","0.637333333333","0.501333333333"
"735","0.594009466667","0.637333333333","0.522666666667"
"736","0.5937152","0.637333333333","0.514666666667"
"737","0.5937408","0.637333333333","0.509333333333"
"738","0.593852533333","0.637333333333","0.525333333333"
"739","0.593800666667","0.637333333333","0.524"
"740","0.593955733333","0.637333333333","0.528"
"741","0.593670266667","0.637333333333","0.521333333333"
"742","0.593590133333","0.637333333333","0.521333333333"
"743","0.593668133333","0.637333333333","0.522666666667"
"744","0.5935216","0.637333333333","0.517333333333"
"745","0.593402933333","0.637333333333","0.516"
"746","0.593591066667","0.637333333333","0.517333333333"
"747","0.5939092","0.637333333333","0.517333333333"
"748","0.593721733333","0.637333333333","0.513333333333"
"749","0.593869066667","0.637333333333","0.522666666667"
"750","0.5941728","0.637333333333","0.517333333333"
"751","0.594457733333","0.637333333333","0.524"
"752","0.5944008","0.637333333333","0.521333333333"
"753","0.594317333333","0.637333333333","0.524"
"754","0.594081333333","0.637333333333","0.522666666667"
"755","0.594133866667","0.637333333333","0.512"
"756","0.594332","0.637333333333","0.521333333333"
"757","0.594337466667","0.637333333333","0.526666666667"
"758","0.594502266667","0.637333333333","0.522666666667"
"759","0.594412933333","0.637333333333","0.516"
"760","0.594374","0.637333333333","0.521333333333"
"761","0.593939866667","0.637333333333","0.522666666667"
"762","0.5939316","0.637333333333","0.506666666667"
"763","0.594057466667","0.637333333333","0.517333333333"
"764","0.594054533333","0.637333333333","0.521333333333"
"765","0.594484666667","0.637333333333","0.522666666667"
"766","0.594123466667","0.637333333333","0.513333333333"
"767","0.594032666667","0.637333333333","0.524"
"768","0.5937952","0.637333333333","0.525333333333"
"769","0.594019866667","0.637333333333","0.518666666667"
"770","0.594251066667","0.637333333333","0.512"
"771","0.5943304","0.637333333333","0.524"
"772","0.594289466667","0.637333333333","0.516"
"773","0.594483333333","0.637333333333","0.513333333333"
"774","0.594288666667","0.637333333333","0.525333333333"
"775","0.5942952","0.637333333333","0.528"
"776","0.594326533333","0.637333333333","0.513333333333"
"777","0.594252666667","0.637333333333","0.517333333333"
"778","0.594540933333","0.637333333333","0.522666666667"
"779","0.594283333333","0.637333333333","0.528"
"780","0.594597733333","0.637333333333","0.521333333333"
"781","0.5944048","0.637333333333","0.512"
"782","0.5944348","0.637333333333","0.524"
"783","0.594355066667","0.637333333333","0.513333333333"
"784","0.5946496","0.637333333333","0.52"
"785","0.594796666667","0.637333333333","0.528"
"786","0.594731333333","0.637333333333","0.526666666667"
"787","0.594579066667","0.637333333333","0.518666666667"
"788","0.594419733333","0.637333333333","0.524"
"789","0.594305866667","0.637333333333","0.513333333333"
"790","0.594228666667","0.637333333333","0.513333333333"
"791","0.5940212","0.637333333333","0.524"
"792","0.5939228","0.637333333333","0.514666666667"
"793","0.594322266667","0.637333333333","0.518666666667"
"794","0.594560266667","0.637333333333","0.524"
"795","0.594473333333","0.637333333333","0.52"
"796","0.594521066667","0.637333333333","0.518666666667"
"797","0.594662133333","0.637333333333","0.522666666667"
"798","0.5947172","0.637333333333","0.5"
"799","0.594683066667","0.637333333333","0.522666666667"
"800","0.594594266667","0.637333333333","0.513333333333"
"801","0.5948328","0.637333333333","0.52"
"802","0.594840933333","0.637333333333","0.521333333333"
"803","0.594890533333","0.637333333333","0.518666666667"
"804","0.594338666667","0.637333333333","0.518666666667"
"805","0.594467066667","0.637333333333","0.524"
"806","0.594511333333","0.637333333333","0.52"
"807","0.5943516","0.637333333333","0.524"
"808","0.594486533333","0.637333333333","0.508"
"809","0.594922133333","0.637333333333","0.52"
"810","0.594787733333","0.637333333333","0.513333333333"
"811","0.5950344","0.637333333333","0.524"
"812","0.594804133333","0.637333333333","0.508"
"813","0.594334266667","0.637333333333","0.52"
"814","0.594970666667","0.637333333333","0.517333333333"
"815","0.594995866667","0.637333333333","0.516"
"816","0.595015333333","0.637333333333","0.524"
"817","0.595012933333","0.637333333333","0.505333333333"
"818","0.594851333333","0.637333333333","0.518666666667"
"819","0.594886666667","0.637333333333","0.514666666667"
"820","0.594723333333","0.637333333333","0.517333333333"
"821","0.594548533333","0.637333333333","0.513333333333"
"822","0.594415333333","0.637333333333","0.522666666667"
"823","0.594639466667","0.637333333333","0.517333333333"
"824","0.594815466667","0.637333333333","0.52"
"825","0.5948792","0.637333333333","0.518666666667"
"826","0.5946556","0.637333333333","0.524"
"827","0.594786133333","0.637333333333","0.513333333333"
"828","0.5946908","0.637333333333","0.514666666667"
"829","0.594622666667","0.637333333333","0.510666666667"
"830","0.594512266667","0.637333333333","0.517333333333"
"831","0.5946588","0.637333333333","0.522666666667"
"832","0.594871333333","0.637333333333","0.521333333333"
"833","0.594953866667","0.637333333333","0.526666666667"
"834","0.594834533333","0.637333333333","0.521333333333"
"835","0.594727466667","0.637333333333","0.525333333333"
"836","0.5948788","0.637333333333","0.52"
"837","0.5944832","0.637333333333","0.506666666667"
"838","0.594772666667","0.637333333333","0.510666666667"
"839","0.5948712","0.637333333333","0.518666666667"
"840","0.594655066667","0.637333333333","0.518666666667"
"841","0.595287466667","0.637333333333","0.522666666667"
"842","0.595018266667","0.637333333333","0.52"
"843","0.595216","0.637333333333","0.528"
"844","0.594898","0.637333333333","0.52"
"845","0.5948552","0.637333333333","0.521333333333"
"846","0.5948556","0.637333333333","0.528"
"847","0.5947352","0.637333333333","0.52"
"848","0.594890133333","0.637333333333","0.529333333333"
"849","0.594881466667","0.637333333333","0.522666666667"
"850","0.5950656","0.637333333333","0.513333333333"
"851","0.595107066667","0.637333333333","0.508"
"852","0.595076133333","0.637333333333","0.524"
"853","0.5945888","0.637333333333","0.521333333333"
"854","0.595031466667","0.637333333333","0.526666666667"
"855","0.5948304","0.637333333333","0.526666666667"
"856","0.595027066667","0.637333333333","0.522666666667"
"857","0.5945968","0.637333333333","0.522666666667"
"858","0.594881333333","0.637333333333","0.518666666667"
"859","0.594984","0.637333333333","0.525333333333"
"860","0.595130933333","0.637333333333","0.521333333333"
"861","0.595423866667","0.637333333333","0.521333333333"
"862","0.595517066667","0.637333333333","0.513333333333"
"863","0.595263066667","0.637333333333","0.521333333333"
"864","0.595227866667","0.637333333333","0.514666666667"
"865","0.595341333333","0.637333333333","0.52"
"866","0.5955364","0.637333333333","0.525333333333"
"867","0.595120933333","0.637333333333","0.516"
"868","0.595091733333","0.637333333333","0.524"
"869","0.595000533333","0.637333333333","0.518666666667"
"870","0.594782933333","0.637333333333","0.525333333333"
"871","0.594949733333","0.637333333333","0.52"
"872","0.5952476","0.637333333333","0.52"
"873","0.595300533333","0.637333333333","0.517333333333"
"874","0.595422533333","0.637333333333","0.524"
"875","0.595578666667","0.637333333333","0.524"
"876","0.59536","0.637333333333","0.52"
"877","0.595156","0.637333333333","0.517333333333"
"878","0.595151466667","0.637333333333","0.514666666667"
"879","0.595360266667","0.637333333333","0.518666666667"
"880","0.5954108","0.637333333333","0.522666666667"
"881","0.595526933333","0.637333333333","0.508"
"882","0.595495733333","0.637333333333","0.514666666667"
"883","0.595546933333","0.637333333333","0.522666666667"
"884","0.5956264","0.637333333333","0.525333333333"
"885","0.595838133333","0.637333333333","0.522666666667"
"886","0.5956888","0.637333333333","0.512"
"887","0.5956196","0.637333333333","0.521333333333"
"888","0.595510933333","0.637333333333","0.524"
"889","0.595631466667","0.637333333333","0.521333333333"
"890","0.5954884","0.637333333333","0.525333333333"
"891","0.595334933333","0.637333333333","0.526666666667"
"892","0.5953704","0.637333333333","0.516"
"893","0.5954452","0.637333333333","0.528"
"894","0.595518666667","0.637333333333","0.522666666667"
"895","0.595427066667","0.637333333333","0.514666666667"
"896","0.595438533333","0.637333333333","0.528"
"897","0.5952756","0.637333333333","0.524"
"898","0.595712","0.637333333333","0.524"
"899","0.595597866667","0.637333333333","0.525333333333"
"900","0.595819733333","0.637333333333","0.52"
"901","0.595634933333","0.637333333333","0.522666666667"
"902","0.595466133333","0.637333333333","0.518666666667"
"903","0.595772266667","0.637333333333","0.517333333333"
"904","0.5958784","0.637333333333","0.518666666667"
"905","0.595897333333","0.637333333333","0.522666666667"
"906","0.595999333333","0.637333333333","0.526666666667"
"907","0.596058266667","0.637333333333","0.522666666667"
"908","0.595900666667","0.637333333333","0.518666666667"
"909","0.5961384","0.637333333333","0.514666666667"
"910","0.596108933333","0.637333333333","0.517333333333"
"911","0.595743733333","0.637333333333","0.525333333333"
"912","0.595949733333","0.637333333333","0.522666666667"
"913","0.596182666667","0.637333333333","0.525333333333"
"914","0.595949333333","0.637333333333","0.516"
"915","0.595658266667","0.637333333333","0.52"
"916","0.5957228","0.637333333333","0.521333333333"
"917","0.5960512","0.637333333333","0.521333333333"
"918","0.596028666667","0.637333333333","0.518666666667"
"919","0.596586","0.637333333333","0.525333333333"
"920","0.596407466667","0.637333333333","0.518666666667"
"921","0.5963104","0.637333333333","0.521333333333"
"922","0.596393066667","0.637333333333","0.513333333333"
"923","0.596108533333","0.637333333333","0.513333333333"
"924","0.596077066667","0.637333333333","0.524"
"925","0.5962596","0.637333333333","0.524"
"926","0.5961096","0.637333333333","0.501333333333"
"927","0.596306933333","0.637333333333","0.52"
"928","0.5961608","0.637333333333","0.521333333333"
"929","0.595986666667","0.637333333333","0.509333333333"
"930","0.596422266667","0.637333333333","0.510666666667"
"931","0.596296133333","0.637333333333","0.521333333333"
"932","0.5962848","0.637333333333","0.516"
"933","0.5961012","0.637333333333","0.517333333333"
"934","0.5961808","0.637333333333","0.529333333333"
"935","0.596131333333","0.637333333333","0.526666666667"
"936","0.5960092","0.637333333333","0.526666666667"
"937","0.595925333333","0.637333333333","0.526666666667"
"938","0.595936666667","0.637333333333","0.506666666667"
"939","0.595991066667","0.637333333333","0.513333333333"
"940","0.596339066667","0.637333333333","0.516"
"941","0.5962336","0.637333333333","0.526666666667"
"942","0.596164266667","0.637333333333","0.513333333333"
"943","0.595886","0.637333333333","0.522666666667"
"944","0.595919466667","0.637333333333","0.525333333333"
"945","0.596032533333","0.637333333333","0.516"
"946","0.596206933333","0.637333333333","0.521333333333"
"947","0.596010933333","0.637333333333","0.525333333333"
"948","0.596170133333","0.637333333333","0.530666666667"
"949","0.5960016","0.637333333333","0.526666666667"
"950","0.596026","0.637333333333","0.528"
"951","0.596108933333","0.637333333333","0.526666666667"
"952","0.595967466667","0.637333333333","0.521333333333"
"953","0.595888666667","0.637333333333","0.516"
"954","0.595898933333","0.637333333333","0.526666666667"
"955","0.595984533333","0.637333333333","0.530666666667"
"956","0.5956896","0.637333333333","0.522666666667"
"957","0.596100666667","0.637333333333","0.521333333333"
"958","0.596426666667","0.637333333333","0.525333333333"
"959","0.596098533333","0.637333333333","0.529333333333"
"960","0.5960072","0.637333333333","0.524"
"961","0.5960248","0.637333333333","0.514666666667"
"962","0.596252133333","0.637333333333","0.533333333333"
"963","0.596570133333","0.637333333333","0.528"
"964","0.5964108","0.637333333333","0.528"
"965","0.596319733333","0.637333333333","0.522666666667"
"966","0.596168666667","0.637333333333","0.526666666667"
"967","0.5961096","0.637333333333","0.524"
"968","0.5961932","0.637333333333","0.522666666667"
"969","0.5965024","0.637333333333","0.524"
"970","0.596252933333","0.637333333333","0.530666666667"
"971","0.5965752","0.637333333333","0.521333333333"
"972","0.5965304","0.637333333333","0.522666666667"
"973","0.596443733333","0.637333333333","0.521333333333"
"974","0.596420266667","0.637333333333","0.525333333333"
"975","0.596330533333","0.637333333333","0.518666666667"
"976","0.596656533333","0.637333333333","0.514666666667"
"977","0.5966312","0.637333333333","0.521333333333"
"978","0.596431466667","0.637333333333","0.509333333333"
"979","0.596249866667","0.637333333333","0.524"
"980","0.5963312","0.637333333333","0.524"
"981","0.5964496","0.637333333333","0.524"
"982","0.596646533333","0.637333333333","0.525333333333"
"983","0.596876","0.637333333333","0.528"
"984","0.596567466667","0.637333333333","0.524"
"985","0.5964908","0.637333333333","0.517333333333"
"986","0.596461866667","0.637333333333","0.517333333333"
"987","0.596584","0.637333333333","0.522666666667"
"988","0.596808533333","0.637333333333","0.524"
"989","0.596641333333","0.637333333333","0.52"
"990","0.5964056","0.637333333333","0.517333333333"
"991","0.596125466667","0.637333333333","0.521333333333"
"992","0.596473733333","0.637333333333","0.524"
"993","0.596076933333","0.637333333333","0.506666666667"
"994","0.596092933333","0.637333333333","0.524"
"995","0.596208666667","0.637333333333","0.521333333333"
"996","0.596425333333","0.637333333333","0.521333333333"
"997","0.596471466667","0.637333333333","0.518666666667"
"998","0.596606666667","0.637333333333","0.530666666667"
"999","0.5963856","0.637333333333","0.525333333333"
"1000","0.596430933333","0.637333333333","0.517333333333"
