"Series","Lockheed Martin 3m 5m"
"Signal","CGMA"
"Generations","1000"
"Ending","max generations were reached"
"Best Strategy","0010000010100000100000000000000010000000000000000000000000000000	","Accuracy","0.751442615944"
"Unique Strats","9323"
"0","0.499797178884","0.696302628767","0.310750160291"
"1","0.545499722163","0.703569138705","0.335114340671"
"2","0.580216948066","0.703569138705","0.347937593503"
"3","0.598789805514","0.709980765121","0.390895490489"
"4","0.610923979483","0.709980765121","0.354349219919"
"5","0.61874227399","0.709980765121","0.33853387476"
"6","0.625484077794","0.712545415687","0.372088053003"
"7","0.630821350716","0.715537508015","0.394742466339"
"8","0.633935627271","0.715964949776","0.40735199829"
"9","0.637816029066","0.720880530028","0.402008976277"
"10","0.639882346655","0.721521692669","0.395383628981"
"11","0.641488159863","0.723872622355","0.38726223552"
"12","0.643464949776","0.723872622355","0.385552468476"
"13","0.644634772387","0.726650993802","0.399658046591"
"14","0.645803163069","0.726650993802","0.37914084206"
"15","0.647024855738","0.726650993802","0.393887582817"
"16","0.648318679205","0.726650993802","0.381491771746"
"17","0.64862436418","0.728788202607","0.412695020303"
"18","0.650353622569","0.734131224621","0.384911305835"
"19","0.651172515495","0.734131224621","0.410985253259"
"20","0.651944026501","0.734131224621","0.418251763197"
"21","0.652825646506","0.734131224621","0.417610600556"
"22","0.652742423595","0.739687967514","0.399444325711"
"23","0.653708890789","0.739687967514","0.419747809361"
"24","0.654355652917","0.739687967514","0.413763624706"
"25","0.654632656551","0.739687967514","0.407993160932"
"26","0.655221756786","0.739687967514","0.432357341312"
"27","0.656006155161","0.739687967514","0.431075016029"
"28","0.656314169694","0.739687967514","0.390254327848"
"29","0.65717144689","0.739687967514","0.409702927976"
"30","0.657665291729","0.739687967514","0.39132293225"
"31","0.658318230391","0.739687967514","0.413763624706"
"32","0.658622226972","0.739687967514","0.439837572131"
"33","0.6592185296","0.739687967514","0.411626415901"
"34","0.658980166702","0.739687967514","0.352425731994"
"35","0.659866702287","0.739687967514","0.421671297286"
"36","0.660085894422","0.739687967514","0.434494550118"
"37","0.659595661466","0.739687967514","0.408206881812"
"38","0.660307864928","0.739687967514","0.430220132507"
"39","0.661282731353","0.739687967514","0.408420602693"
"40","0.661452895918","0.739687967514","0.413763624706"
"41","0.661418892926","0.739687967514","0.422098739047"
"42","0.661878072238","0.739687967514","0.41525967087"
"43","0.662247980338","0.739687967514","0.415045949989"
"44","0.662327612738","0.739687967514","0.426586877538"
"45","0.662875892285","0.739687967514","0.410557811498"
"46","0.662765761915","0.739687967514","0.426800598418"
"47","0.662607522975","0.739687967514","0.439196409489"
"48","0.662800448814","0.739687967514","0.43941013037"
"49","0.664402372302","0.739687967514","0.405214789485"
"50","0.665480081214","0.739687967514","0.445608035905"
"51","0.665765270357","0.739687967514","0.427655481941"
"52","0.665546484292","0.739687967514","0.405642231246"
"53","0.665248600128","0.739687967514","0.372301773883"
"54","0.665277986749","0.739687967514","0.418679204958"
"55","0.665752532592","0.739687967514","0.419106646719"
"56","0.665452895918","0.739687967514","0.386834793759"
"57","0.665663902543","0.740542851037","0.404573626843"
"58","0.666557597777","0.740970292798","0.437700363325"
"59","0.666282859585","0.740970292798","0.41141269502"
"60","0.666956742894","0.740970292798","0.385552468476"
"61","0.666403227185","0.740970292798","0.419106646719"
"62","0.66676407352","0.740970292798","0.434494550118"
"63","0.667782624492","0.740970292798","0.407565719171"
"64","0.667596815559","0.740970292798","0.388758281684"
"65","0.668204894208","0.740970292798","0.411626415901"
"66","0.66788300919","0.740970292798","0.427014319299"
"67","0.668223316948","0.740970292798","0.389185723445"
"68","0.668509553323","0.740970292798","0.435776875401"
"69","0.669252618081","0.743107501603","0.429578969865"
"70","0.669243983757","0.743107501603","0.438555246848"
"71","0.669076640308","0.743107501603","0.401581534516"
"72","0.669879803377","0.743107501603","0.416114554392"
"73","0.670273242146","0.743107501603","0.429578969865"
"74","0.669686321864","0.743107501603","0.454156871126"
"75","0.669424449669","0.743107501603","0.429578969865"
"76","0.669543257106","0.743107501603","0.413763624706"
"77","0.670290425305","0.743321222483","0.412053857662"
"78","0.67054124813","0.743321222483","0.437700363325"
"79","0.670641205386","0.743321222483","0.440265013892"
"80","0.670962962171","0.743321222483","0.399444325711"
"81","0.671113443043","0.743321222483","0.437272921564"
"82","0.67175823894","0.743321222483","0.444539431502"
"83","0.671484248771","0.745672152169","0.442615943578"
"84","0.67119519128","0.745672152169","0.442829664458"
"85","0.671753173755","0.745672152169","0.427014319299"
"86","0.671539260526","0.745672152169","0.435135712759"
"87","0.671361936311","0.745672152169","0.418251763197"
"88","0.672330455225","0.745672152169","0.408420602693"
"89","0.672019619577","0.745672152169","0.424449668733"
"90","0.672018166275","0.745672152169","0.414618508228"
"91","0.672522291088","0.745672152169","0.397093396025"
"92","0.673017076298","0.745672152169","0.41547339175"
"93","0.673301282325","0.745672152169","0.44753152383"
"94","0.673368818124","0.745672152169","0.45180594144"
"95","0.672841162642","0.745672152169","0.452019662321"
"96","0.67379130156","0.745672152169","0.425945714896"
"97","0.674242872409","0.745672152169","0.43962385125"
"98","0.674668946356","0.745672152169","0.453301987604"
"99","0.674012417183","0.745672152169","0.43534943364"
"100","0.674453750801","0.745672152169","0.441119897414"
"101","0.673715430648","0.745672152169","0.462278264586"
"102","0.672760760846","0.745672152169","0.425731994016"
"103","0.673785637957","0.745672152169","0.428724086343"
"104","0.674597392605","0.745672152169","0.442829664458"
"105","0.67412774097","0.745672152169","0.431075016029"
"106","0.67466796324","0.745672152169","0.43128873691"
"107","0.67451882881","0.745672152169","0.437914084206"
"108","0.674529707202","0.745672152169","0.434067108356"
"109","0.674668262449","0.745672152169","0.432998503954"
"110","0.674619085275","0.745672152169","0.438768967728"
"111","0.675111284462","0.745672152169","0.437486642445"
"112","0.674940500107","0.745672152169","0.43534943364"
"113","0.675481213935","0.745672152169","0.436204317162"
"114","0.675720388972","0.745672152169","0.458431288737"
"115","0.676351122035","0.745672152169","0.444111989741"
"116","0.675633789271","0.745672152169","0.437272921564"
"117","0.676125860227","0.745672152169","0.432143620432"
"118","0.676063945287","0.745672152169","0.4434708271"
"119","0.676435434922","0.745672152169","0.430006411626"
"120","0.676097072024","0.745672152169","0.43962385125"
"121","0.676133618295","0.745672152169","0.465697798675"
"122","0.676599316093","0.745672152169","0.441974780936"
"123","0.676650181663","0.745672152169","0.437272921564"
"124","0.677154733918","0.745672152169","0.446035477666"
"125","0.677237743108","0.745672152169","0.453515708485"
"126","0.677568903612","0.745672152169","0.431075016029"
"127","0.677558602265","0.745672152169","0.398375721308"
"128","0.677253537081","0.745672152169","0.402863859799"
"129","0.677000363325","0.745672152169","0.438982688609"
"130","0.676624898483","0.745672152169","0.450951057918"
"131","0.677125197692","0.745672152169","0.418038042317"
"132","0.677658559521","0.745672152169","0.434494550118"
"133","0.67799948707","0.745672152169","0.439196409489"
"134","0.67761207523","0.745672152169","0.409061765334"
"135","0.677642060269","0.74588587305","0.393032699295"
"136","0.678038726224","0.74588587305","0.448600128233"
"137","0.678446868989","0.74588587305","0.432998503954"
"138","0.678947403291","0.74588587305","0.426159435777"
"139","0.678209382347","0.746740756572","0.472964308613"
"140","0.678280081214","0.746740756572","0.447104082069"
"141","0.678583458004","0.746740756572","0.433425945715"
"142","0.679204381278","0.746740756572","0.450737337038"
"143","0.679512780509","0.746740756572","0.433639666595"
"144","0.678771639239","0.746740756572","0.445180594144"
"145","0.679077644796","0.746740756572","0.446249198547"
"146","0.679658324428","0.746740756572","0.452233383202"
"147","0.678581278051","0.746740756572","0.40329130156"
"148","0.679539474247","0.746740756572","0.432571062193"
"149","0.67952293225","0.746740756572","0.453943150246"
"150","0.679937678991","0.746740756572","0.444325710622"
"151","0.679553857662","0.746740756572","0.440051293011"
"152","0.679612459927","0.746740756572","0.404359905963"
"153","0.679959927335","0.746740756572","0.434494550118"
"154","0.68030010686","0.746740756572","0.433853387476"
"155","0.680391322932","0.746740756572","0.449455011755"
"156","0.680182560376","0.746740756572","0.466552682197"
"157","0.680030540714","0.746740756572","0.446890361188"
"158","0.680656593289","0.746740756572","0.468476170122"
"159","0.680040906177","0.746740756572","0.463346868989"
"160","0.680295127164","0.746954477452","0.465484077794"
"161","0.680700149605","0.748877965377","0.413549903826"
"162","0.68081361402","0.748877965377","0.440051293011"
"163","0.680387839282","0.748877965377","0.466766403078"
"164","0.680509467835","0.749091686258","0.436631758923"
"165","0.680548429152","0.749091686258","0.458431288737"
"166","0.680910087626","0.749091686258","0.448600128233"
"167","0.680530476598","0.749091686258","0.438982688609"
"168","0.680692049583","0.749091686258","0.441547339175"
"169","0.680791579397","0.749091686258","0.457148963454"
"170","0.681240991665","0.749091686258","0.454584312887"
"171","0.681189335328","0.749091686258","0.448813849113"
"172","0.681377815773","0.749091686258","0.458858730498"
"173","0.681993802094","0.749091686258","0.469972216286"
"174","0.681880102586","0.749091686258","0.475315238299"
"175","0.681154627057","0.749091686258","0.445821756786"
"176","0.681473434495","0.749091686258","0.410344090618"
"177","0.681290831374","0.749091686258","0.470827099808"
"178","0.68120583458","0.749091686258","0.449668732635"
"179","0.681325197692","0.749091686258","0.430006411626"
"180","0.681947360547","0.749091686258","0.437914084206"
"181","0.682200491558","0.749091686258","0.468903611883"
"182","0.682247061338","0.749091686258","0.436845479803"
"183","0.682523637529","0.749091686258","0.448813849113"
"184","0.68302415046","0.749091686258","0.469544774524"
"185","0.683389228468","0.749091686258","0.434708270998"
"186","0.682707095533","0.749091686258","0.43962385125"
"187","0.682310023509","0.749091686258","0.450096174396"
"188","0.681705706348","0.749091686258","0.444325710622"
"189","0.682325625134","0.749091686258","0.432357341312"
"190","0.682842637316","0.749091686258","0.436845479803"
"191","0.682934964736","0.749091686258","0.443257106219"
"192","0.683146420175","0.749091686258","0.425304552255"
"193","0.682889570421","0.749091686258","0.449668732635"
"194","0.683820282112","0.749091686258","0.45565291729"
"195","0.683530989528","0.749091686258","0.417610600556"
"196","0.683492177816","0.749091686258","0.444111989741"
"197","0.683864800171","0.749091686258","0.453943150246"
"198","0.68368781791","0.749091686258","0.455011754648"
"199","0.683435199829","0.749091686258","0.465270356914"
"200","0.683327527249","0.749091686258","0.438768967728"
"201","0.682686770677","0.749091686258","0.458217567856"
"202","0.682604017953","0.749091686258","0.456080359051"
"203","0.683625154948","0.749091686258","0.455011754648"
"204","0.683665313101","0.749091686258","0.464201752511"
"205","0.683290126095","0.749091686258","0.452233383202"
"206","0.683628873691","0.749091686258","0.451164778799"
"207","0.683138341526","0.749091686258","0.441333618295"
"208","0.683605022441","0.749091686258","0.440906176533"
"209","0.684200042744","0.749091686258","0.470827099808"
"210","0.684009425091","0.749091686258","0.433212224834"
"211","0.684052767685","0.749091686258","0.447104082069"
"212","0.683794421885","0.749091686258","0.442188501817"
"213","0.684054541569","0.749091686258","0.453943150246"
"214","0.684173605471","0.749091686258","0.440692455653"
"215","0.684837422526","0.749519128019","0.462491985467"
"216","0.684396879675","0.749519128019","0.458431288737"
"217","0.684533810643","0.749519128019","0.474887796538"
"218","0.684863859799","0.749519128019","0.473178029493"
"219","0.68420767258","0.749519128019","0.449668732635"
"220","0.684610194486","0.749519128019","0.471468262449"
"221","0.684765719171","0.749519128019","0.444753152383"
"222","0.684457811498","0.749519128019","0.463346868989"
"223","0.684572942937","0.749519128019","0.43962385125"
"224","0.684634473178","0.749519128019","0.456721521693"
"225","0.685693716606","0.749519128019","0.456294079932"
"226","0.68480583458","0.749519128019","0.433212224834"
"227","0.684529258389","0.749519128019","0.467193844839"
"228","0.684772216286","0.749519128019","0.43941013037"
"229","0.684229856807","0.749519128019","0.447104082069"
"230","0.684654434708","0.749519128019","0.472323145971"
"231","0.684368903612","0.749519128019","0.453515708485"
"232","0.684898995512","0.749519128019","0.434921991879"
"233","0.684953515708","0.749519128019","0.445394315025"
"234","0.685175080145","0.749519128019","0.398375721308"
"235","0.685226287668","0.749519128019","0.444111989741"
"236","0.685427057063","0.749519128019","0.456935242573"
"237","0.686028446249","0.749519128019","0.462064543706"
"238","0.685274097029","0.749519128019","0.465056636033"
"239","0.685925902971","0.749519128019","0.456080359051"
"240","0.685941846548","0.749519128019","0.452447104082"
"241","0.686069544775","0.749519128019","0.459927334901"
"242","0.686218700577","0.749519128019","0.455439196409"
"243","0.686837443898","0.749519128019","0.465697798675"
"244","0.68698833084","0.749519128019","0.436204317162"
"245","0.686785338748","0.749519128019","0.45180594144"
"246","0.686929450737","0.749519128019","0.468689891002"
"247","0.686343919641","0.749519128019","0.435135712759"
"248","0.686736610387","0.749519128019","0.450309895277"
"249","0.687349519128","0.749519128019","0.479375935029"
"250","0.686707715324","0.749519128019","0.455866638171"
"251","0.686340115409","0.749519128019","0.459927334901"
"252","0.686000192349","0.749519128019","0.442188501817"
"253","0.686477260098","0.749519128019","0.441974780936"
"254","0.686886450096","0.749519128019","0.449882453516"
"255","0.687208762556","0.749519128019","0.458217567856"
"256","0.686920111135","0.749519128019","0.445608035905"
"257","0.687006005557","0.749519128019","0.43128873691"
"258","0.686859585381","0.749519128019","0.476811284462"
"259","0.686334793759","0.749519128019","0.433425945715"
"260","0.686296986536","0.749519128019","0.435990596281"
"261","0.685757063475","0.749519128019","0.470399658047"
"262","0.686287326352","0.749519128019","0.435776875401"
"263","0.687278884377","0.749519128019","0.448813849113"
"264","0.686817824321","0.749519128019","0.472109425091"
"265","0.686533233597","0.749519128019","0.462278264586"
"266","0.687007843556","0.749519128019","0.449027569994"
"267","0.686986108143","0.749519128019","0.473605471255"
"268","0.687346591152","0.749519128019","0.454584312887"
"269","0.687606817696","0.749519128019","0.444753152383"
"270","0.687577644796","0.749519128019","0.447104082069"
"271","0.687234195341","0.749519128019","0.428510365463"
"272","0.687132913016","0.749519128019","0.436631758923"
"273","0.687441055781","0.749519128019","0.463988031631"
"274","0.687748813849","0.749519128019","0.458645009617"
"275","0.687689741398","0.749519128019","0.458217567856"
"276","0.687858965591","0.749519128019","0.465270356914"
"277","0.688431994016","0.749519128019","0.461850822825"
"278","0.688077922633","0.749519128019","0.415687112631"
"279","0.688387796538","0.749519128019","0.439196409489"
"280","0.68822333832","0.749519128019","0.461209660184"
"281","0.687154092755","0.749519128019","0.431929899551"
"282","0.687670527891","0.749519128019","0.480658260312"
"283","0.68747758068","0.749519128019","0.430861295149"
"284","0.687739110921","0.749519128019","0.450951057918"
"285","0.687810707416","0.749519128019","0.418892925839"
"286","0.688197349861","0.749519128019","0.460995939303"
"287","0.68808792477","0.749519128019","0.462705706348"
"288","0.688576918145","0.749519128019","0.457362684334"
"289","0.688349284035","0.749519128019","0.475528959179"
"290","0.688291793118","0.749519128019","0.46783500748"
"291","0.688880102586","0.749519128019","0.452233383202"
"292","0.688369309682","0.749519128019","0.440692455653"
"293","0.688459863219","0.749519128019","0.455225475529"
"294","0.68768260312","0.749519128019","0.473178029493"
"295","0.688756657405","0.749519128019","0.452233383202"
"296","0.689027505877","0.749519128019","0.45565291729"
"297","0.688629194272","0.749519128019","0.456507800812"
"298","0.689417781577","0.750374011541","0.460354776662"
"299","0.689178841633","0.750374011541","0.457576405215"
"300","0.688398910024","0.750374011541","0.474246633896"
"301","0.688158089335","0.750374011541","0.460141055781"
"302","0.688121607181","0.750374011541","0.450309895277"
"303","0.688590980979","0.750374011541","0.436845479803"
"304","0.688327548622","0.750374011541","0.477879888865"
"305","0.687836653131","0.750374011541","0.456721521693"
"306","0.688007843556","0.750374011541","0.444111989741"
"307","0.688786257747","0.750374011541","0.453729429365"
"308","0.689271147681","0.750374011541","0.468903611883"
"309","0.689091750374","0.750374011541","0.440478734772"
"310","0.689179824749","0.750374011541","0.478093609746"
"311","0.68958833084","0.750374011541","0.480658260312"
"312","0.689806561231","0.750374011541","0.471468262449"
"313","0.690112267579","0.750374011541","0.460568497542"
"314","0.689384889934","0.750801453302","0.455439196409"
"315","0.689464308613","0.750801453302","0.478948493268"
"316","0.68970542851","0.750801453302","0.466125240436"
"317","0.690281299423","0.750801453302","0.46377431075"
"318","0.689580936097","0.750801453302","0.479375935029"
"319","0.689262898055","0.750801453302","0.452874545843"
"320","0.690097627698","0.750801453302","0.464629194272"
"321","0.689226244924","0.750801453302","0.455225475529"
"322","0.690003590511","0.750801453302","0.481299422954"
"323","0.689573263518","0.750801453302","0.43941013037"
"324","0.688777195982","0.750801453302","0.465911519555"
"325","0.68959559735","0.750801453302","0.481085702073"
"326","0.689653216499","0.750801453302","0.454584312887"
"327","0.689295853815","0.750801453302","0.45565291729"
"328","0.689676982261","0.750801453302","0.462705706348"
"329","0.690831459714","0.750801453302","0.462919427228"
"330","0.689951955546","0.750801453302","0.456507800812"
"331","0.689308570207","0.750801453302","0.453515708485"
"332","0.689619940158","0.750801453302","0.478734772387"
"333","0.689232122248","0.750801453302","0.451378499679"
"334","0.689737059201","0.750801453302","0.464201752511"
"335","0.689876212866","0.750801453302","0.441974780936"
"336","0.689612609532","0.750801453302","0.444111989741"
"337","0.689318743321","0.750801453302","0.424877110494"
"338","0.690075187006","0.750801453302","0.465697798675"
"339","0.690424471041","0.750801453302","0.480230818551"
"340","0.690668048728","0.750801453302","0.464629194272"
"341","0.690879269075","0.750801453302","0.456080359051"
"342","0.6904902757","0.750801453302","0.457362684334"
"343","0.68965281043","0.750801453302","0.450737337038"
"344","0.689820068391","0.750801453302","0.45159222056"
"345","0.689517119043","0.750801453302","0.460782218423"
"346","0.689436225689","0.750801453302","0.453943150246"
"347","0.690177238726","0.750801453302","0.422526180808"
"348","0.690431139132","0.750801453302","0.425731994016"
"349","0.690340970293","0.750801453302","0.467193844839"
"350","0.690851656337","0.750801453302","0.441547339175"
"351","0.691088608677","0.750801453302","0.471468262449"
"352","0.690773990169","0.750801453302","0.462705706348"
"353","0.690459499893","0.750801453302","0.477666167985"
"354","0.691030326993","0.750801453302","0.460141055781"
"355","0.690927035691","0.750801453302","0.482368027356"
"356","0.690623145971","0.750801453302","0.452019662321"
"357","0.690884355632","0.750801453302","0.478093609746"
"358","0.691237550759","0.750801453302","0.478521051507"
"359","0.691071382774","0.750801453302","0.47168198333"
"360","0.690753152383","0.750801453302","0.471254541569"
"361","0.690874866424","0.750801453302","0.444325710622"
"362","0.690996794187","0.750801453302","0.452874545843"
"363","0.691568625775","0.750801453302","0.466125240436"
"364","0.691494528745","0.750801453302","0.460995939303"
"365","0.691404103441","0.750801453302","0.478734772387"
"366","0.691080572772","0.750801453302","0.452019662321"
"367","0.691679717888","0.750801453302","0.443257106219"
"368","0.6915513785","0.750801453302","0.448813849113"
"369","0.690813122462","0.750801453302","0.456080359051"
"370","0.691637208805","0.750801453302","0.459927334901"
"371","0.6911601838","0.750801453302","0.459927334901"
"372","0.69071790981","0.750801453302","0.413549903826"
"373","0.691276747168","0.750801453302","0.472750587732"
"374","0.691975764052","0.750801453302","0.461850822825"
"375","0.692299294721","0.750801453302","0.47595640094"
"376","0.691435947852","0.750801453302","0.477238726224"
"377","0.691416563368","0.750801453302","0.466125240436"
"378","0.692049070314","0.750801453302","0.464842915153"
"379","0.691665056636","0.750801453302","0.474032913016"
"380","0.691550523616","0.750801453302","0.4676212866"
"381","0.692024962599","0.750801453302","0.463133148109"
"382","0.69255189143","0.750801453302","0.478734772387"
"383","0.691615772601","0.750801453302","0.469972216286"
"384","0.691752361616","0.750801453302","0.446462919427"
"385","0.691026180808","0.750801453302","0.497114768113"
"386","0.691187689677","0.750801453302","0.469972216286"
"387","0.691480722377","0.750801453302","0.460354776662"
"388","0.692117076298","0.750801453302","0.439196409489"
"389","0.691682816841","0.750801453302","0.451164778799"
"390","0.691201218209","0.750801453302","0.472536866852"
"391","0.691797328489","0.750801453302","0.464201752511"
"392","0.692146612524","0.750801453302","0.479162214148"
"393","0.692432934388","0.750801453302","0.470613378927"
"394","0.691829450737","0.750801453302","0.481299422954"
"395","0.691448343663","0.750801453302","0.446249198547"
"396","0.692173926053","0.750801453302","0.461423381064"
"397","0.691816755717","0.750801453302","0.438127805087"
"398","0.691678307331","0.750801453302","0.470827099808"
"399","0.69181310109","0.750801453302","0.45565291729"
"400","0.692096730071","0.750801453302","0.481513143834"
"401","0.691990959607","0.750801453302","0.440478734772"
"402","0.692378649284","0.750801453302","0.472109425091"
"403","0.692115729857","0.750801453302","0.474032913016"
"404","0.692452468476","0.750801453302","0.470399658047"
"405","0.691666595426","0.750801453302","0.465056636033"
"406","0.69207758068","0.750801453302","0.466125240436"
"407","0.692414169694","0.750801453302","0.453729429365"
"408","0.692082154306","0.750801453302","0.47168198333"
"409","0.691870143193","0.750801453302","0.445394315025"
"410","0.69216693738","0.750801453302","0.474246633896"
"411","0.692351720453","0.750801453302","0.477666167985"
"412","0.692984291515","0.750801453302","0.468048728361"
"413","0.692503440906","0.750801453302","0.476383842701"
"414","0.692524064971","0.750801453302","0.4676212866"
"415","0.692116520624","0.750801453302","0.455866638171"
"416","0.692620303484","0.750801453302","0.460354776662"
"417","0.693329942295","0.750801453302","0.458003846976"
"418","0.693004017953","0.750801453302","0.496687326352"
"419","0.693192519769","0.750801453302","0.45565291729"
"420","0.693331288737","0.750801453302","0.474887796538"
"421","0.692385146399","0.750801453302","0.437700363325"
"422","0.693007181022","0.750801453302","0.476383842701"
"423","0.692926821971","0.750801453302","0.456080359051"
"424","0.692524577901","0.750801453302","0.467407565719"
"425","0.692003163069","0.750801453302","0.450309895277"
"426","0.692055610173","0.750801453302","0.461850822825"
"427","0.692892348792","0.750801453302","0.468262449241"
"428","0.692401496046","0.750801453302","0.469331053644"
"429","0.693040948921","0.750801453302","0.461637101945"
"430","0.692572109425","0.750801453302","0.463346868989"
"431","0.69293746527","0.750801453302","0.413977345587"
"432","0.692794101304","0.750801453302","0.477025005343"
"433","0.693083500748","0.750801453302","0.460995939303"
"434","0.692641739688","0.750801453302","0.475101517418"
"435","0.693335349434","0.750801453302","0.465056636033"
"436","0.692956999359","0.750801453302","0.473819192135"
"437","0.692464565078","0.750801453302","0.413122462065"
"438","0.692715665741","0.750801453302","0.481085702073"
"439","0.692616648857","0.750801453302","0.452447104082"
"440","0.692173199402","0.750801453302","0.470613378927"
"441","0.692843107502","0.750801453302","0.462064543706"
"442","0.693327057063","0.750801453302","0.456080359051"
"443","0.693096366745","0.750801453302","0.483009189998"
"444","0.692608164138","0.750801453302","0.484077794401"
"445","0.692769865356","0.750801453302","0.472964308613"
"446","0.692906710836","0.750801453302","0.462278264586"
"447","0.692685018166","0.750801453302","0.468903611883"
"448","0.692996430861","0.750801453302","0.47189570421"
"449","0.693267364822","0.750801453302","0.470827099808"
"450","0.693692754862","0.750801453302","0.457148963454"
"451","0.693681940586","0.750801453302","0.465270356914"
"452","0.693669031844","0.750801453302","0.466766403078"
"453","0.693393054071","0.750801453302","0.469544774524"
"454","0.693926415901","0.750801453302","0.479375935029"
"455","0.693264094892","0.750801453302","0.465270356914"
"456","0.694018444112","0.750801453302","0.476597563582"
"457","0.69363643941","0.750801453302","0.45949989314"
"458","0.693453344732","0.750801453302","0.470399658047"
"459","0.694318144903","0.750801453302","0.444325710622"
"460","0.694515751229","0.750801453302","0.456721521693"
"461","0.693883949562","0.750801453302","0.474887796538"
"462","0.694051122035","0.751015174183","0.466338961317"
"463","0.694510728788","0.751015174183","0.469972216286"
"464","0.69395813208","0.751015174183","0.452447104082"
"465","0.693576554819","0.751015174183","0.450096174396"
"466","0.694042851037","0.751015174183","0.48001709767"
"467","0.694395917931","0.751015174183","0.473819192135"
"468","0.694092434281","0.751015174183","0.467407565719"
"469","0.69367522975","0.751015174183","0.441974780936"
"470","0.693657811498","0.751015174183","0.458431288737"
"471","0.693668326566","0.751015174183","0.489207095533"
"472","0.693830775807","0.751015174183","0.469331053644"
"473","0.694006155161","0.751228895063","0.482368027356"
"474","0.693772045309","0.751228895063","0.451378499679"
"475","0.694043919641","0.751228895063","0.47595640094"
"476","0.694107522975","0.751228895063","0.484505236162"
"477","0.694402500534","0.751228895063","0.453943150246"
"478","0.69447042103","0.751228895063","0.444539431502"
"479","0.694075016029","0.751228895063","0.478093609746"
"480","0.694221671297","0.751228895063","0.470399658047"
"481","0.694417354135","0.751228895063","0.475101517418"
"482","0.694921649925","0.751228895063","0.469972216286"
"483","0.694927399017","0.751228895063","0.464201752511"
"484","0.694525390041","0.751228895063","0.447958965591"
"485","0.694048236803","0.751228895063","0.449455011755"
"486","0.69396458645","0.751228895063","0.451378499679"
"487","0.694403291302","0.751228895063","0.455225475529"
"488","0.694478478307","0.751228895063","0.47595640094"
"489","0.694233639667","0.751228895063","0.442829664458"
"490","0.694347531524","0.751228895063","0.482795469117"
"491","0.694556571917","0.751228895063","0.447317802949"
"492","0.693861508869","0.751228895063","0.4676212866"
"493","0.694389014747","0.751228895063","0.453515708485"
"494","0.69457144689","0.751228895063","0.468689891002"
"495","0.695084697585","0.751228895063","0.466552682197"
"496","0.694952831802","0.751228895063","0.489634537294"
"497","0.694994229536","0.751228895063","0.474246633896"
"498","0.694424834366","0.751228895063","0.477452447104"
"499","0.694367706775","0.751228895063","0.460782218423"
"500","0.694672451378","0.751228895063","0.473819192135"
"501","0.69464605685","0.751228895063","0.490916862577"
"502","0.69500440265","0.751228895063","0.44368454798"
"503","0.695090510793","0.751228895063","0.488138491131"
"504","0.694513678136","0.751228895063","0.469331053644"
"505","0.694917482368","0.751228895063","0.474246633896"
"506","0.69496253473","0.751228895063","0.460782218423"
"507","0.695390147467","0.751228895063","0.469117332763"
"508","0.694579269075","0.751228895063","0.448600128233"
"509","0.69446612524","0.751228895063","0.488138491131"
"510","0.693616691601","0.751228895063","0.464201752511"
"511","0.694100619791","0.751228895063","0.47574268006"
"512","0.694497114768","0.751228895063","0.469117332763"
"513","0.695264223125","0.751228895063","0.487497328489"
"514","0.694728937807","0.751228895063","0.480871981193"
"515","0.694405172045","0.751228895063","0.475315238299"
"516","0.694719640949","0.751228895063","0.441974780936"
"517","0.695532998504","0.751228895063","0.450737337038"
"518","0.695005236162","0.751228895063","0.434067108356"
"519","0.695457234452","0.751228895063","0.460995939303"
"520","0.694919811926","0.751228895063","0.469758495405"
"521","0.694857683266","0.751228895063","0.458858730498"
"522","0.694750395384","0.751228895063","0.452874545843"
"523","0.694694144048","0.751228895063","0.490489420816"
"524","0.694289955119","0.751228895063","0.480230818551"
"525","0.694985274631","0.751228895063","0.43941013037"
"526","0.694893631118","0.751228895063","0.470399658047"
"527","0.695434644155","0.751228895063","0.471040820688"
"528","0.695698204745","0.751228895063","0.456721521693"
"529","0.696094336397","0.751228895063","0.468476170122"
"530","0.695275486215","0.751228895063","0.493908954905"
"531","0.695637914084","0.751228895063","0.460354776662"
"532","0.695283393888","0.751228895063","0.465056636033"
"533","0.695467129729","0.751228895063","0.469758495405"
"534","0.695704744604","0.751228895063","0.4676212866"
"535","0.695621222483","0.751228895063","0.455439196409"
"536","0.695483821329","0.751228895063","0.480230818551"
"537","0.694976020517","0.751228895063","0.478093609746"
"538","0.695138213293","0.751228895063","0.482581748237"
"539","0.694331245993","0.751228895063","0.464415473392"
"540","0.695932335969","0.751228895063","0.442615943578"
"541","0.695658709126","0.751228895063","0.462491985467"
"542","0.695992135072","0.751228895063","0.464201752511"
"543","0.695588309468","0.751228895063","0.46377431075"
"544","0.695042487711","0.751228895063","0.427869202821"
"545","0.695289677281","0.751228895063","0.483650352639"
"546","0.695003269929","0.751228895063","0.481726864715"
"547","0.694572729216","0.751228895063","0.448813849113"
"548","0.695034280829","0.751228895063","0.457148963454"
"549","0.694733297713","0.751228895063","0.43534943364"
"550","0.69481699081","0.751442615944","0.460354776662"
"551","0.695088288096","0.751442615944","0.474674075657"
"552","0.695103312674","0.751442615944","0.473391750374"
"553","0.695465655054","0.751442615944","0.47168198333"
"554","0.696171468262","0.751442615944","0.456080359051"
"555","0.695516862577","0.751442615944","0.468476170122"
"556","0.69542968583","0.751442615944","0.466980123958"
"557","0.695834986108","0.751442615944","0.45565291729"
"558","0.695927334901","0.751442615944","0.479162214148"
"559","0.696497178884","0.751442615944","0.442615943578"
"560","0.696343663176","0.751442615944","0.48792477025"
"561","0.69582333832","0.751442615944","0.469331053644"
"562","0.696015751229","0.751442615944","0.469972216286"
"563","0.69643930327","0.751442615944","0.418679204958"
"564","0.695968903612","0.751442615944","0.505236161573"
"565","0.695849732849","0.751442615944","0.480444539432"
"566","0.695748322291","0.751442615944","0.455866638171"
"567","0.695795255396","0.751442615944","0.474032913016"
"568","0.695765462706","0.751442615944","0.475315238299"
"569","0.695408463347","0.751442615944","0.450096174396"
"570","0.695524535157","0.751442615944","0.47980337679"
"571","0.696167514426","0.751442615944","0.477452447104"
"572","0.696240606967","0.751442615944","0.474887796538"
"573","0.695440606967","0.751442615944","0.476170121821"
"574","0.696218059414","0.751442615944","0.481299422954"
"575","0.696376362471","0.751442615944","0.477238726224"
"576","0.696176597564","0.751442615944","0.473605471255"
"577","0.696526971575","0.751442615944","0.476597563582"
"578","0.696664287241","0.751442615944","0.478734772387"
"579","0.695707458859","0.751442615944","0.473178029493"
"580","0.695735050224","0.751442615944","0.481513143834"
"581","0.695964607822","0.751442615944","0.428724086343"
"582","0.696573712332","0.751442615944","0.482795469117"
"583","0.696602778371","0.751442615944","0.453301987604"
"584","0.69631709767","0.751442615944","0.449241290874"
"585","0.695911989741","0.751442615944","0.482368027356"
"586","0.696704317162","0.751442615944","0.485360119684"
"587","0.696813165206","0.751442615944","0.437059200684"
"588","0.696513443043","0.751442615944","0.485360119684"
"589","0.696079461423","0.751442615944","0.477238726224"
"590","0.695806924557","0.751442615944","0.450096174396"
"591","0.695797777303","0.751442615944","0.49604616371"
"592","0.696118337252","0.751442615944","0.453943150246"
"593","0.695918358624","0.751442615944","0.490061979055"
"594","0.69571258816","0.751442615944","0.463346868989"
"595","0.695947317803","0.751442615944","0.468689891002"
"596","0.69576980124","0.751442615944","0.460782218423"
"597","0.695849925198","0.751442615944","0.47574268006"
"598","0.696097221629","0.751442615944","0.470613378927"
"599","0.696079311819","0.751442615944","0.478734772387"
"600","0.696069352426","0.751442615944","0.478734772387"
"601","0.695643000641","0.751442615944","0.486856165847"
"602","0.695626138064","0.751442615944","0.459927334901"
"603","0.696110408207","0.751442615944","0.45971361402"
"604","0.69563581962","0.751442615944","0.461637101945"
"605","0.696734964736","0.751442615944","0.445608035905"
"606","0.696815772601","0.751442615944","0.474032913016"
"607","0.696861572986","0.751442615944","0.47595640094"
"608","0.695977623424","0.751442615944","0.479589655909"
"609","0.695834815131","0.751442615944","0.475528959179"
"610","0.695772643727","0.751442615944","0.468476170122"
"611","0.696157448173","0.751442615944","0.484291515281"
"612","0.696460739474","0.751442615944","0.485787561445"
"613","0.696157127591","0.751442615944","0.458645009617"
"614","0.69569222056","0.751442615944","0.477666167985"
"615","0.696446847617","0.751442615944","0.472536866852"
"616","0.696285958538","0.751442615944","0.483009189998"
"617","0.696287347724","0.751442615944","0.476383842701"
"618","0.695934024364","0.751442615944","0.474460354777"
"619","0.696674268006","0.751442615944","0.487497328489"
"620","0.697255567429","0.751442615944","0.466766403078"
"621","0.696914105578","0.751442615944","0.452019662321"
"622","0.696395682838","0.751442615944","0.423808506091"
"623","0.697259948707","0.751442615944","0.498397093396"
"624","0.697530326993","0.751442615944","0.465056636033"
"625","0.696837166061","0.751442615944","0.469758495405"
"626","0.697326373157","0.751442615944","0.47189570421"
"627","0.697399743535","0.751442615944","0.492626629622"
"628","0.697018850182","0.751442615944","0.484291515281"
"629","0.697086044027","0.751442615944","0.472536866852"
"630","0.697578285959","0.751442615944","0.469331053644"
"631","0.697584163283","0.751442615944","0.468689891002"
"632","0.69735148536","0.751442615944","0.468689891002"
"633","0.696770549263","0.751442615944","0.428937807224"
"634","0.696915302415","0.751442615944","0.457148963454"
"635","0.697055610173","0.751442615944","0.473178029493"
"636","0.697094870699","0.751442615944","0.494977559308"
"637","0.69696591152","0.751442615944","0.458858730498"
"638","0.697162748451","0.751442615944","0.463346868989"
"639","0.697258965591","0.751442615944","0.458431288737"
"640","0.697158922847","0.751442615944","0.460354776662"
"641","0.697915024578","0.751442615944","0.483222910878"
"642","0.697407693952","0.751442615944","0.469331053644"
"643","0.697037636247","0.751442615944","0.462491985467"
"644","0.69753930327","0.751442615944","0.461637101945"
"645","0.697365740543","0.751442615944","0.470185937166"
"646","0.697028467621","0.751442615944","0.463133148109"
"647","0.696947403291","0.751442615944","0.452447104082"
"648","0.696431288737","0.751442615944","0.488565932892"
"649","0.696933404574","0.751442615944","0.455866638171"
"650","0.697464736055","0.751442615944","0.461423381064"
"651","0.697062833939","0.751442615944","0.488565932892"
"652","0.697602201325","0.751442615944","0.476383842701"
"653","0.697247510152","0.751442615944","0.440906176533"
"654","0.697687048515","0.751442615944","0.486856165847"
"655","0.697060418893","0.751442615944","0.474460354777"
"656","0.696812545416","0.751442615944","0.458858730498"
"657","0.697094229536","0.751442615944","0.458858730498"
"658","0.697196644582","0.751442615944","0.457576405215"
"659","0.697275870913","0.751442615944","0.467407565719"
"660","0.69749508442","0.751442615944","0.484505236162"
"661","0.697148258175","0.751442615944","0.472750587732"
"662","0.697201731139","0.751442615944","0.471468262449"
"663","0.697238918572","0.751442615944","0.478307330626"
"664","0.697365227613","0.751442615944","0.470185937166"
"665","0.697177644796","0.751442615944","0.438341525967"
"666","0.697463517846","0.751442615944","0.486215003206"
"667","0.697558431289","0.751442615944","0.487069886728"
"668","0.696760889079","0.751442615944","0.470399658047"
"669","0.697740948921","0.751442615944","0.480230818551"
"670","0.697278136354","0.751442615944","0.465911519555"
"671","0.697625154948","0.751442615944","0.473178029493"
"672","0.697232079504","0.751442615944","0.483436631759"
"673","0.697791365676","0.751442615944","0.485573840564"
"674","0.698064842915","0.751442615944","0.488779653772"
"675","0.697789933747","0.751442615944","0.457790126095"
"676","0.697991750374","0.751442615944","0.487069886728"
"677","0.697570570635","0.751442615944","0.472109425091"
"678","0.697008612951","0.751442615944","0.480871981193"
"679","0.69717901261","0.751442615944","0.500320581321"
"680","0.69761790981","0.751442615944","0.477238726224"
"681","0.697365398589","0.751442615944","0.490703141697"
"682","0.697679717888","0.751442615944","0.462064543706"
"683","0.697354584313","0.751442615944","0.450096174396"
"684","0.697266103868","0.751442615944","0.47980337679"
"685","0.69740767258","0.751442615944","0.477879888865"
"686","0.697117610601","0.751442615944","0.471468262449"
"687","0.697429322505","0.751442615944","0.426800598418"
"688","0.698095405001","0.751442615944","0.46356058987"
"689","0.698515687113","0.751442615944","0.47168198333"
"690","0.69826745031","0.751442615944","0.460782218423"
"691","0.696622654413","0.751442615944","0.477666167985"
"692","0.697282175679","0.751442615944","0.486215003206"
"693","0.697599038256","0.751442615944","0.479375935029"
"694","0.697559692242","0.751442615944","0.480444539432"
"695","0.698238320154","0.751442615944","0.472536866852"
"696","0.698025390041","0.751442615944","0.454584312887"
"697","0.697979611028","0.751442615944","0.463346868989"
"698","0.698697584954","0.751442615944","0.485573840564"
"699","0.698531994016","0.751442615944","0.481726864715"
"700","0.698392968583","0.751442615944","0.48771104937"
"701","0.698063475102","0.751442615944","0.494977559308"
"702","0.697730839923","0.751442615944","0.469544774524"
"703","0.698368604403","0.751442615944","0.464629194272"
"704","0.697274609959","0.751442615944","0.470185937166"
"705","0.697419662321","0.751442615944","0.482795469117"
"706","0.697676490703","0.751442615944","0.468048728361"
"707","0.69811555888","0.751442615944","0.432143620432"
"708","0.698410108998","0.751442615944","0.488565932892"
"709","0.698108100021","0.751442615944","0.478948493268"
"710","0.697981256679","0.751442615944","0.47595640094"
"711","0.698101966232","0.751442615944","0.470185937166"
"712","0.697487326352","0.751442615944","0.463133148109"
"713","0.698306326138","0.751442615944","0.465697798675"
"714","0.698317418252","0.751442615944","0.468476170122"
"715","0.698526992947","0.751442615944","0.468048728361"
"716","0.698226394529","0.751442615944","0.454370592007"
"717","0.698395682838","0.751442615944","0.486642444967"
"718","0.698728360761","0.751442615944","0.468476170122"
"719","0.698773648215","0.751442615944","0.470827099808"
"720","0.698844795897","0.751442615944","0.464842915153"
"721","0.698559435777","0.751442615944","0.49989313956"
"722","0.698545843129","0.751442615944","0.490275699936"
"723","0.698839687968","0.751442615944","0.471254541569"
"724","0.697845864501","0.751442615944","0.472536866852"
"725","0.697875208378","0.751442615944","0.487069886728"
"726","0.697864650566","0.751442615944","0.455011754648"
"727","0.698045565292","0.751442615944","0.485146398803"
"728","0.697799358837","0.751442615944","0.48386407352"
"729","0.697537529387","0.751442615944","0.488993374653"
"730","0.698076982261","0.751442615944","0.459927334901"
"731","0.697714725369","0.751442615944","0.462491985467"
"732","0.698155652917","0.751442615944","0.48386407352"
"733","0.698130284249","0.751442615944","0.491130583458"
"734","0.698152212011","0.751442615944","0.454156871126"
"735","0.698165676427","0.751442615944","0.466338961317"
"736","0.698652682197","0.751442615944","0.489848258175"
"737","0.698748023082","0.751442615944","0.486215003206"
"738","0.698913656764","0.751442615944","0.488565932892"
"739","0.698533190853","0.751442615944","0.466125240436"
"740","0.69853684548","0.751442615944","0.47168198333"
"741","0.698273947425","0.751442615944","0.479589655909"
"742","0.698525133576","0.751442615944","0.478734772387"
"743","0.699062449241","0.751442615944","0.460995939303"
"744","0.698637379782","0.751442615944","0.475101517418"
"745","0.699234451806","0.751442615944","0.49198546698"
"746","0.698862491985","0.751442615944","0.488993374653"
"747","0.698945351571","0.751442615944","0.474674075657"
"748","0.69863203676","0.751442615944","0.471254541569"
"749","0.6987097243","0.751442615944","0.469972216286"
"750","0.698739901688","0.751442615944","0.464201752511"
"751","0.698606197906","0.751442615944","0.477452447104"
"752","0.698604830092","0.751442615944","0.486215003206"
"753","0.698576512075","0.751442615944","0.466552682197"
"754","0.698595982047","0.751442615944","0.478093609746"
"755","0.698417631973","0.751442615944","0.472964308613"
"756","0.699292177816","0.751442615944","0.495191280188"
"757","0.698661359265","0.751442615944","0.47168198333"
"758","0.698661487497","0.751442615944","0.477238726224"
"759","0.698747232315","0.751442615944","0.485146398803"
"760","0.699417631973","0.751442615944","0.467407565719"
"761","0.699031844411","0.751442615944","0.47595640094"
"762","0.698630070528","0.751442615944","0.464629194272"
"763","0.698679461423","0.751442615944","0.466980123958"
"764","0.698911241718","0.751442615944","0.473178029493"
"765","0.698692562513","0.751442615944","0.479162214148"
"766","0.698464543706","0.751442615944","0.463133148109"
"767","0.698388202607","0.751442615944","0.446676640308"
"768","0.698558046591","0.751442615944","0.469758495405"
"769","0.698762748451","0.751442615944","0.443898268861"
"770","0.698491793118","0.751442615944","0.465484077794"
"771","0.699288587305","0.751442615944","0.455439196409"
"772","0.699504039325","0.751442615944","0.469117332763"
"773","0.699117696089","0.751442615944","0.488565932892"
"774","0.698884248771","0.751442615944","0.440692455653"
"775","0.698964842915","0.751442615944","0.490275699936"
"776","0.698070485146","0.751442615944","0.454798033768"
"777","0.698721414832","0.751442615944","0.480658260312"
"778","0.69842528318","0.751442615944","0.459072451378"
"779","0.697825582389","0.751442615944","0.481513143834"
"780","0.698188074375","0.751442615944","0.481085702073"
"781","0.698511198974","0.751442615944","0.47595640094"
"782","0.698235392178","0.751442615944","0.460782218423"
"783","0.698508441975","0.751442615944","0.464629194272"
"784","0.69854503099","0.751442615944","0.47980337679"
"785","0.698878670656","0.751442615944","0.491558025219"
"786","0.699162833939","0.751442615944","0.458217567856"
"787","0.698989826886","0.751442615944","0.48771104937"
"788","0.699282945074","0.751442615944","0.450951057918"
"789","0.699559905963","0.751442615944","0.461423381064"
"790","0.699109745672","0.751442615944","0.497328488993"
"791","0.698251634965","0.751442615944","0.488993374653"
"792","0.698123081855","0.751442615944","0.463133148109"
"793","0.698506197906","0.751442615944","0.475528959179"
"794","0.698983308399","0.751442615944","0.485573840564"
"795","0.698701410558","0.751442615944","0.454156871126"
"796","0.699187839282","0.751442615944","0.48001709767"
"797","0.698492861723","0.751442615944","0.464842915153"
"798","0.698770698867","0.751442615944","0.486642444967"
"799","0.699370592007","0.751442615944","0.493054071383"
"800","0.69876950203","0.751442615944","0.470613378927"
"801","0.699731951272","0.751442615944","0.469758495405"
"802","0.699825924343","0.751442615944","0.485573840564"
"803","0.69936888224","0.751442615944","0.485787561445"
"804","0.699611369951","0.751442615944","0.483222910878"
"805","0.698891664886","0.751442615944","0.481085702073"
"806","0.698633297713","0.751442615944","0.486428724086"
"807","0.698787390468","0.751442615944","0.466980123958"
"808","0.699397435349","0.751442615944","0.455225475529"
"809","0.699214426159","0.751442615944","0.455011754648"
"810","0.698969160077","0.751442615944","0.490275699936"
"811","0.698658880103","0.751442615944","0.466552682197"
"812","0.69917471682","0.751442615944","0.469972216286"
"813","0.699205471255","0.751442615944","0.473391750374"
"814","0.699473519983","0.751442615944","0.471254541569"
"815","0.698461530242","0.751442615944","0.472536866852"
"816","0.698946334687","0.751442615944","0.460354776662"
"817","0.698709916649","0.751442615944","0.481726864715"
"818","0.699109767044","0.751442615944","0.480871981193"
"819","0.699911284462","0.751442615944","0.486215003206"
"820","0.699936289806","0.751442615944","0.428510365463"
"821","0.699246099594","0.751442615944","0.485360119684"
"822","0.699316563368","0.751442615944","0.473605471255"
"823","0.699057084847","0.751442615944","0.47574268006"
"824","0.698817696089","0.751442615944","0.494550117546"
"825","0.698834815131","0.751442615944","0.467407565719"
"826","0.699023316948","0.751442615944","0.485146398803"
"827","0.699279867493","0.751442615944","0.490061979055"
"828","0.699006710836","0.751442615944","0.486001282325"
"829","0.699611305835","0.751442615944","0.460995939303"
"830","0.699456828382","0.751442615944","0.485360119684"
"831","0.699536524898","0.751442615944","0.470827099808"
"832","0.699275016029","0.751442615944","0.489848258175"
"833","0.700371382774","0.751442615944","0.492412908741"
"834","0.69981361402","0.751442615944","0.456935242573"
"835","0.699479739261","0.751442615944","0.478307330626"
"836","0.699490510793","0.751442615944","0.484718957042"
"837","0.699847104082","0.751442615944","0.472536866852"
"838","0.699588459072","0.751442615944","0.476383842701"
"839","0.699691686258","0.751442615944","0.485787561445"
"840","0.699735691387","0.751442615944","0.470827099808"
"841","0.699410515067","0.751442615944","0.488993374653"
"842","0.698673755076","0.751442615944","0.472964308613"
"843","0.699053708057","0.751442615944","0.486428724086"
"844","0.699240991665","0.751442615944","0.462278264586"
"845","0.69985332336","0.751442615944","0.485787561445"
"846","0.699440008549","0.751442615944","0.472750587732"
"847","0.699792562513","0.751442615944","0.45565291729"
"848","0.699757640521","0.751442615944","0.451378499679"
"849","0.699542893781","0.751442615944","0.476383842701"
"850","0.699529237016","0.751442615944","0.465270356914"
"851","0.699512203462","0.751442615944","0.460782218423"
"852","0.699279055354","0.751442615944","0.466125240436"
"853","0.699861145544","0.751442615944","0.49198546698"
"854","0.700067172473","0.751442615944","0.465697798675"
"855","0.700247125454","0.751442615944","0.470613378927"
"856","0.69985915794","0.751442615944","0.466338961317"
"857","0.700079269075","0.751442615944","0.455439196409"
"858","0.700627698226","0.751442615944","0.474674075657"
"859","0.699536161573","0.751442615944","0.487069886728"
"860","0.699531673434","0.751442615944","0.462491985467"
"861","0.69887420389","0.751442615944","0.473605471255"
"862","0.699599700791","0.751442615944","0.446249198547"
"863","0.699480530028","0.751442615944","0.446035477666"
"864","0.699712267579","0.751442615944","0.487497328489"
"865","0.699342936525","0.751442615944","0.462919427228"
"866","0.699726159436","0.751442615944","0.483009189998"
"867","0.700067322077","0.751442615944","0.46377431075"
"868","0.699452703569","0.751442615944","0.481513143834"
"869","0.699990510793","0.751442615944","0.483650352639"
"870","0.699968903612","0.751442615944","0.472536866852"
"871","0.700394956187","0.751442615944","0.494550117546"
"872","0.700486578329","0.751442615944","0.472109425091"
"873","0.700295917931","0.751442615944","0.48001709767"
"874","0.70044084206","0.751442615944","0.470827099808"
"875","0.700009959393","0.751442615944","0.490489420816"
"876","0.69990624065","0.751442615944","0.468689891002"
"877","0.699602222697","0.751442615944","0.472750587732"
"878","0.700015922206","0.751442615944","0.454370592007"
"879","0.699877879889","0.751442615944","0.480230818551"
"880","0.698871297286","0.751442615944","0.468262449241"
"881","0.699817418252","0.751442615944","0.485573840564"
"882","0.700118957042","0.751442615944","0.489848258175"
"883","0.700071062193","0.751442615944","0.466552682197"
"884","0.700118358624","0.751442615944","0.462064543706"
"885","0.699861188288","0.751442615944","0.478521051507"
"886","0.699948172686","0.751442615944","0.489420816414"
"887","0.699123466553","0.751442615944","0.479375935029"
"888","0.699818251763","0.751442615944","0.477666167985"
"889","0.700118550972","0.751442615944","0.458645009617"
"890","0.6998680701","0.751442615944","0.468689891002"
"891","0.699916157299","0.751442615944","0.454584312887"
"892","0.700261359265","0.751442615944","0.486856165847"
"893","0.700051592221","0.751442615944","0.479162214148"
"894","0.699798033768","0.751442615944","0.453943150246"
"895","0.699784932678","0.751442615944","0.477238726224"
"896","0.699731587946","0.751442615944","0.481085702073"
"897","0.699977089122","0.751442615944","0.464201752511"
"898","0.700520901902","0.751442615944","0.482154306476"
"899","0.700372558239","0.751442615944","0.465270356914"
"900","0.700181213935","0.751442615944","0.488993374653"
"901","0.700343748664","0.751442615944","0.470827099808"
"902","0.700706091045","0.751442615944","0.451378499679"
"903","0.700171468262","0.751442615944","0.468689891002"
"904","0.700075657192","0.751442615944","0.467407565719"
"905","0.700297755931","0.751442615944","0.468048728361"
"906","0.700065783287","0.751442615944","0.496473605471"
"907","0.700078243214","0.751442615944","0.468476170122"
"908","0.700256999359","0.751442615944","0.486001282325"
"909","0.700246484292","0.751442615944","0.471040820688"
"910","0.701198910024","0.751442615944","0.501816627485"
"911","0.70090429579","0.751442615944","0.490703141697"
"912","0.700562684334","0.751442615944","0.497114768113"
"913","0.700975828168","0.751442615944","0.485787561445"
"914","0.700680465912","0.751442615944","0.462064543706"
"915","0.70036836931","0.751442615944","0.449455011755"
"916","0.700796751443","0.751442615944","0.493481513144"
"917","0.700616541996","0.751442615944","0.484291515281"
"918","0.700814768113","0.751442615944","0.481940585595"
"919","0.700972237658","0.751442615944","0.470827099808"
"920","0.700742594571","0.751442615944","0.452660824963"
"921","0.701190468049","0.751442615944","0.48001709767"
"922","0.700534409062","0.751442615944","0.492412908741"
"923","0.700146484292","0.751442615944","0.445608035905"
"924","0.700382368027","0.751442615944","0.50416755717"
"925","0.700032058132","0.751442615944","0.470827099808"
"926","0.699885338748","0.751442615944","0.48001709767"
"927","0.700498268861","0.751442615944","0.496473605471"
"928","0.700627869203","0.751442615944","0.489848258175"
"929","0.700589805514","0.751442615944","0.47595640094"
"930","0.700351250267","0.751442615944","0.493908954905"
"931","0.700609895277","0.751442615944","0.478307330626"
"932","0.700079354563","0.751442615944","0.500534302201"
"933","0.700439730712","0.751442615944","0.461637101945"
"934","0.700329707202","0.751442615944","0.483650352639"
"935","0.700498888651","0.751442615944","0.476811284462"
"936","0.700598952768","0.751442615944","0.485360119684"
"937","0.700784077794","0.751442615944","0.486428724086"
"938","0.700191109211","0.751442615944","0.480444539432"
"939","0.699990938235","0.751442615944","0.474674075657"
"940","0.700351057918","0.751442615944","0.473605471255"
"941","0.70039262663","0.751442615944","0.449668732635"
"942","0.700056871126","0.751442615944","0.456935242573"
"943","0.700088779654","0.751442615944","0.464201752511"
"944","0.70041750374","0.751442615944","0.481085702073"
"945","0.700445159222","0.751442615944","0.474246633896"
"946","0.700649476384","0.751442615944","0.490061979055"
"947","0.700774909169","0.751442615944","0.491344304339"
"948","0.700337935456","0.751442615944","0.486001282325"
"949","0.700421927762","0.751442615944","0.475528959179"
"950","0.700655546057","0.751442615944","0.478093609746"
"951","0.700373007053","0.751442615944","0.485360119684"
"952","0.700281555888","0.751442615944","0.490061979055"
"953","0.700317354135","0.751442615944","0.49198546698"
"954","0.700450844197","0.751442615944","0.468689891002"
"955","0.700714426159","0.751442615944","0.486215003206"
"956","0.700193289164","0.751442615944","0.455866638171"
"957","0.700953344732","0.751442615944","0.484505236162"
"958","0.701278392819","0.751442615944","0.462705706348"
"959","0.700638555247","0.751442615944","0.461850822825"
"960","0.700956208592","0.751442615944","0.489848258175"
"961","0.700366980124","0.751442615944","0.449882453516"
"962","0.699921115623","0.751442615944","0.488138491131"
"963","0.700065355845","0.751442615944","0.481299422954"
"964","0.700497584954","0.751442615944","0.474246633896"
"965","0.700509596068","0.751442615944","0.48792477025"
"966","0.700882795469","0.751442615944","0.470827099808"
"967","0.701175977773","0.751442615944","0.496473605471"
"968","0.70091013037","0.751442615944","0.496259884591"
"969","0.700584505236","0.751442615944","0.465270356914"
"970","0.701113592648","0.751442615944","0.482368027356"
"971","0.700519811926","0.751442615944","0.477025005343"
"972","0.700782774097","0.751442615944","0.4676212866"
"973","0.700172472751","0.751442615944","0.466125240436"
"974","0.701138597991","0.751442615944","0.440265013892"
"975","0.70079948707","0.751442615944","0.497328488993"
"976","0.700726501389","0.751442615944","0.466980123958"
"977","0.701109296858","0.751442615944","0.485787561445"
"978","0.700956657405","0.751442615944","0.466125240436"
"979","0.700574460355","0.751442615944","0.441119897414"
"980","0.700778969865","0.751442615944","0.46356058987"
"981","0.701185680701","0.751442615944","0.492840350502"
"982","0.701340286386","0.751442615944","0.482581748237"
"983","0.70116223552","0.751442615944","0.466125240436"
"984","0.70096223552","0.751442615944","0.451164778799"
"985","0.700801346442","0.751442615944","0.46783500748"
"986","0.700604231673","0.751442615944","0.458217567856"
"987","0.700527805087","0.751442615944","0.484291515281"
"988","0.701410215858","0.751442615944","0.478307330626"
"989","0.70107134003","0.751442615944","0.479162214148"
"990","0.700754028639","0.751442615944","0.461209660184"
"991","0.700754285104","0.751442615944","0.47980337679"
"992","0.701282752725","0.751442615944","0.456721521693"
"993","0.700748450524","0.751442615944","0.475528959179"
"994","0.700588972003","0.751442615944","0.471254541569"
"995","0.700918358624","0.751442615944","0.477452447104"
"996","0.700605556743","0.751442615944","0.479589655909"
"997","0.700660098312","0.751442615944","0.468476170122"
"998","0.700412417183","0.751442615944","0.486001282325"
"999","0.700845885873","0.751442615944","0.482154306476"
"1000","0.701095426373","0.751442615944","0.473605471255"
