"Series","Motor Oil 3y 1d"
"Signal","CLMI"
"Generations","1000"
"Ending","max generations were reached"
"Best Strategy","0010001000100010000010001010001000001010001000001010000000000000	","Accuracy","0.785714285714"
"Unique Strats","9428"
"0","0.499948879552","0.718487394958","0.282913165266"
"1","0.560408403361","0.718487394958","0.298319327731"
"2","0.60190140056","0.732492997199","0.309523809524"
"3","0.62116442577","0.740896358543","0.316526610644"
"4","0.629958963585","0.749299719888","0.340336134454"
"5","0.637519187675","0.759103641457","0.350140056022"
"6","0.642520588235","0.759103641457","0.358543417367"
"7","0.647750840336","0.759103641457","0.327731092437"
"8","0.652030672269","0.759103641457","0.357142857143"
"9","0.655409243697","0.759103641457","0.366946778711"
"10","0.658609803922","0.759103641457","0.357142857143"
"11","0.660387254902","0.759103641457","0.387955182073"
"12","0.663043977591","0.759103641457","0.379551820728"
"13","0.66404859944","0.759103641457","0.354341736695"
"14","0.665151960784","0.759103641457","0.357142857143"
"15","0.66716442577","0.759103641457","0.359943977591"
"16","0.668349859944","0.759103641457","0.347338935574"
"17","0.668471568627","0.759103641457","0.348739495798"
"18","0.670157563025","0.759103641457","0.378151260504"
"19","0.671104061625","0.759103641457","0.324929971989"
"20","0.671351120448","0.761904761905","0.393557422969"
"21","0.672501680672","0.761904761905","0.382352941176"
"22","0.673338935574","0.761904761905","0.392156862745"
"23","0.673393277311","0.761904761905","0.390756302521"
"24","0.674340336134","0.761904761905","0.362745098039"
"25","0.676227170868","0.763305322129","0.373949579832"
"26","0.676874229692","0.763305322129","0.393557422969"
"27","0.676763165266","0.763305322129","0.373949579832"
"28","0.677430812325","0.766106442577","0.372549019608"
"29","0.677910784314","0.767507002801","0.392156862745"
"30","0.678261904762","0.767507002801","0.359943977591"
"31","0.679500140056","0.767507002801","0.354341736695"
"32","0.679569747899","0.767507002801","0.371148459384"
"33","0.680384033613","0.767507002801","0.396358543417"
"34","0.680870168067","0.767507002801","0.379551820728"
"35","0.681581092437","0.767507002801","0.387955182073"
"36","0.681632773109","0.767507002801","0.366946778711"
"37","0.682025490196","0.767507002801","0.371148459384"
"38","0.682050980392","0.767507002801","0.36974789916"
"39","0.682665266106","0.768907563025","0.397759103641"
"40","0.682469607843","0.768907563025","0.396358543417"
"41","0.684034453782","0.768907563025","0.364145658263"
"42","0.683678151261","0.771708683473","0.387955182073"
"43","0.684167086835","0.771708683473","0.392156862745"
"44","0.68475140056","0.771708683473","0.359943977591"
"45","0.685132352941","0.771708683473","0.385154061625"
"46","0.685293557423","0.773109243697","0.372549019608"
"47","0.685834733894","0.773109243697","0.392156862745"
"48","0.686685294118","0.773109243697","0.371148459384"
"49","0.687364285714","0.773109243697","0.385154061625"
"50","0.687577030812","0.773109243697","0.390756302521"
"51","0.687271568627","0.773109243697","0.372549019608"
"52","0.686435294118","0.773109243697","0.382352941176"
"53","0.687462044818","0.773109243697","0.396358543417"
"54","0.688678151261","0.773109243697","0.40056022409"
"55","0.689375770308","0.773109243697","0.399159663866"
"56","0.689364985994","0.773109243697","0.390756302521"
"57","0.688831792717","0.773109243697","0.397759103641"
"58","0.689053501401","0.774509803922","0.383753501401"
"59","0.689756582633","0.774509803922","0.383753501401"
"60","0.689792857143","0.774509803922","0.379551820728"
"61","0.689978711485","0.774509803922","0.379551820728"
"62","0.690349859944","0.778711484594","0.385154061625"
"63","0.691367647059","0.778711484594","0.390756302521"
"64","0.691496638655","0.778711484594","0.329131652661"
"65","0.692052941176","0.778711484594","0.385154061625"
"66","0.692123529412","0.778711484594","0.380952380952"
"67","0.691665266106","0.778711484594","0.406162464986"
"68","0.69127394958","0.778711484594","0.397759103641"
"69","0.691099159664","0.778711484594","0.378151260504"
"70","0.691706442577","0.778711484594","0.355742296919"
"71","0.692403081232","0.778711484594","0.390756302521"
"72","0.693590336134","0.778711484594","0.40756302521"
"73","0.693186694678","0.778711484594","0.396358543417"
"74","0.693466106443","0.778711484594","0.40056022409"
"75","0.692916526611","0.778711484594","0.399159663866"
"76","0.69360070028","0.778711484594","0.383753501401"
"77","0.694361904762","0.778711484594","0.410364145658"
"78","0.694337815126","0.778711484594","0.420168067227"
"79","0.693829971989","0.778711484594","0.364145658263"
"80","0.694605882353","0.778711484594","0.394957983193"
"81","0.693536554622","0.778711484594","0.396358543417"
"82","0.694072689076","0.778711484594","0.344537815126"
"83","0.694449719888","0.778711484594","0.350140056022"
"84","0.694462184874","0.778711484594","0.40756302521"
"85","0.695548179272","0.778711484594","0.406162464986"
"86","0.696621848739","0.780112044818","0.404761904762"
"87","0.697183753501","0.780112044818","0.396358543417"
"88","0.697093417367","0.780112044818","0.413165266106"
"89","0.697294117647","0.780112044818","0.366946778711"
"90","0.698289215686","0.780112044818","0.397759103641"
"91","0.697073529412","0.780112044818","0.40056022409"
"92","0.697849719888","0.780112044818","0.410364145658"
"93","0.696904061625","0.780112044818","0.390756302521"
"94","0.697032913165","0.780112044818","0.403361344538"
"95","0.697609663866","0.780112044818","0.371148459384"
"96","0.698033613445","0.780112044818","0.36974789916"
"97","0.698162184874","0.780112044818","0.368347338936"
"98","0.697739495798","0.780112044818","0.40756302521"
"99","0.698223529412","0.780112044818","0.387955182073"
"100","0.699438235294","0.780112044818","0.418767507003"
"101","0.699116246499","0.780112044818","0.387955182073"
"102","0.69941232493","0.780112044818","0.393557422969"
"103","0.700169467787","0.780112044818","0.410364145658"
"104","0.700036694678","0.780112044818","0.410364145658"
"105","0.699027030812","0.780112044818","0.397759103641"
"106","0.699040896359","0.780112044818","0.421568627451"
"107","0.700292717087","0.780112044818","0.414565826331"
"108","0.70062394958","0.780112044818","0.368347338936"
"109","0.70026302521","0.780112044818","0.394957983193"
"110","0.700639495798","0.780112044818","0.414565826331"
"111","0.701054481793","0.780112044818","0.435574229692"
"112","0.701021568627","0.780112044818","0.387955182073"
"113","0.700749159664","0.780112044818","0.413165266106"
"114","0.700177871148","0.780112044818","0.401960784314"
"115","0.699926610644","0.780112044818","0.401960784314"
"116","0.700701680672","0.780112044818","0.380952380952"
"117","0.700790056022","0.780112044818","0.410364145658"
"118","0.701089215686","0.780112044818","0.389355742297"
"119","0.701689355742","0.780112044818","0.399159663866"
"120","0.700781932773","0.780112044818","0.36974789916"
"121","0.701553221289","0.780112044818","0.385154061625"
"122","0.701177030812","0.780112044818","0.408963585434"
"123","0.701208963585","0.780112044818","0.387955182073"
"124","0.702463585434","0.782913165266","0.421568627451"
"125","0.70232394958","0.782913165266","0.434173669468"
"126","0.702287254902","0.782913165266","0.397759103641"
"127","0.702737394958","0.782913165266","0.40056022409"
"128","0.702975490196","0.782913165266","0.413165266106"
"129","0.70290140056","0.782913165266","0.401960784314"
"130","0.702966386555","0.782913165266","0.392156862745"
"131","0.702406722689","0.782913165266","0.380952380952"
"132","0.703178571429","0.782913165266","0.410364145658"
"133","0.702870168067","0.782913165266","0.392156862745"
"134","0.702923669468","0.782913165266","0.403361344538"
"135","0.703683753501","0.782913165266","0.421568627451"
"136","0.70353557423","0.782913165266","0.36974789916"
"137","0.703460084034","0.782913165266","0.43137254902"
"138","0.703916246499","0.782913165266","0.410364145658"
"139","0.70457745098","0.782913165266","0.413165266106"
"140","0.704270308123","0.782913165266","0.408963585434"
"141","0.70401302521","0.782913165266","0.401960784314"
"142","0.704380672269","0.782913165266","0.418767507003"
"143","0.704740896359","0.782913165266","0.422969187675"
"144","0.703976610644","0.782913165266","0.403361344538"
"145","0.70422535014","0.782913165266","0.424369747899"
"146","0.704854061625","0.782913165266","0.417366946779"
"147","0.704930812325","0.782913165266","0.408963585434"
"148","0.704302380952","0.782913165266","0.387955182073"
"149","0.704773389356","0.782913165266","0.417366946779"
"150","0.705010084034","0.782913165266","0.404761904762"
"151","0.705630532213","0.782913165266","0.427170868347"
"152","0.704714005602","0.782913165266","0.36974789916"
"153","0.705063445378","0.782913165266","0.413165266106"
"154","0.705637114846","0.782913165266","0.37675070028"
"155","0.704900560224","0.782913165266","0.415966386555"
"156","0.705394677871","0.782913165266","0.415966386555"
"157","0.705871428571","0.782913165266","0.428571428571"
"158","0.706234593838","0.782913165266","0.379551820728"
"159","0.705468067227","0.782913165266","0.429971988796"
"160","0.706275910364","0.782913165266","0.411764705882"
"161","0.705819747899","0.782913165266","0.386554621849"
"162","0.706515406162","0.782913165266","0.401960784314"
"163","0.706573109244","0.782913165266","0.413165266106"
"164","0.705857983193","0.782913165266","0.406162464986"
"165","0.705944117647","0.782913165266","0.40056022409"
"166","0.706155882353","0.782913165266","0.403361344538"
"167","0.705984033613","0.782913165266","0.37675070028"
"168","0.705905042017","0.782913165266","0.397759103641"
"169","0.706248319328","0.782913165266","0.422969187675"
"170","0.706446078431","0.782913165266","0.40056022409"
"171","0.706868627451","0.782913165266","0.406162464986"
"172","0.706454341737","0.782913165266","0.413165266106"
"173","0.707264005602","0.782913165266","0.43837535014"
"174","0.707762044818","0.782913165266","0.436974789916"
"175","0.708448179272","0.782913165266","0.403361344538"
"176","0.707846498599","0.782913165266","0.406162464986"
"177","0.70750952381","0.782913165266","0.387955182073"
"178","0.707846358543","0.782913165266","0.406162464986"
"179","0.707520588235","0.782913165266","0.429971988796"
"180","0.707257983193","0.782913165266","0.424369747899"
"181","0.707657703081","0.782913165266","0.422969187675"
"182","0.706412885154","0.782913165266","0.393557422969"
"183","0.708122689076","0.782913165266","0.425770308123"
"184","0.708170728291","0.782913165266","0.408963585434"
"185","0.708793557423","0.782913165266","0.434173669468"
"186","0.709117366947","0.782913165266","0.415966386555"
"187","0.708974089636","0.782913165266","0.432773109244"
"188","0.708445798319","0.782913165266","0.432773109244"
"189","0.708292577031","0.782913165266","0.411764705882"
"190","0.708845938375","0.782913165266","0.408963585434"
"191","0.709007843137","0.782913165266","0.429971988796"
"192","0.709311484594","0.782913165266","0.357142857143"
"193","0.708794257703","0.782913165266","0.401960784314"
"194","0.709853641457","0.782913165266","0.413165266106"
"195","0.709323389356","0.782913165266","0.421568627451"
"196","0.709465266106","0.782913165266","0.425770308123"
"197","0.710062184874","0.782913165266","0.40056022409"
"198","0.710170868347","0.782913165266","0.43137254902"
"199","0.709931232493","0.782913165266","0.408963585434"
"200","0.709265966387","0.782913165266","0.410364145658"
"201","0.708826890756","0.782913165266","0.417366946779"
"202","0.709161204482","0.782913165266","0.429971988796"
"203","0.709116246499","0.782913165266","0.408963585434"
"204","0.70953487395","0.782913165266","0.424369747899"
"205","0.709622969188","0.782913165266","0.425770308123"
"206","0.709748179272","0.782913165266","0.414565826331"
"207","0.710156582633","0.782913165266","0.404761904762"
"208","0.710310644258","0.782913165266","0.422969187675"
"209","0.71108977591","0.782913165266","0.415966386555"
"210","0.710817787115","0.782913165266","0.435574229692"
"211","0.711033473389","0.782913165266","0.43137254902"
"212","0.711200420168","0.782913165266","0.40756302521"
"213","0.709742016807","0.782913165266","0.435574229692"
"214","0.710715826331","0.782913165266","0.43137254902"
"215","0.710808543417","0.782913165266","0.410364145658"
"216","0.711252661064","0.782913165266","0.417366946779"
"217","0.711506862745","0.782913165266","0.43137254902"
"218","0.71073977591","0.782913165266","0.404761904762"
"219","0.711005182073","0.782913165266","0.445378151261"
"220","0.711165826331","0.782913165266","0.397759103641"
"221","0.710369887955","0.782913165266","0.414565826331"
"222","0.710562605042","0.782913165266","0.436974789916"
"223","0.710274369748","0.782913165266","0.429971988796"
"224","0.710529971989","0.782913165266","0.415966386555"
"225","0.711058123249","0.782913165266","0.37675070028"
"226","0.711175490196","0.782913165266","0.424369747899"
"227","0.710649719888","0.782913165266","0.40756302521"
"228","0.710968347339","0.782913165266","0.404761904762"
"229","0.711429971989","0.782913165266","0.40756302521"
"230","0.710907843137","0.782913165266","0.372549019608"
"231","0.712062885154","0.782913165266","0.408963585434"
"232","0.712569327731","0.782913165266","0.411764705882"
"233","0.711979411765","0.782913165266","0.40756302521"
"234","0.711856582633","0.782913165266","0.429971988796"
"235","0.712340756303","0.782913165266","0.415966386555"
"236","0.711506862745","0.782913165266","0.401960784314"
"237","0.712143137255","0.782913165266","0.406162464986"
"238","0.711971568627","0.782913165266","0.40056022409"
"239","0.712217226891","0.782913165266","0.420168067227"
"240","0.711221148459","0.782913165266","0.435574229692"
"241","0.711959943978","0.782913165266","0.420168067227"
"242","0.712459943978","0.78431372549","0.429971988796"
"243","0.712886134454","0.78431372549","0.40056022409"
"244","0.713336414566","0.78431372549","0.429971988796"
"245","0.712851820728","0.78431372549","0.420168067227"
"246","0.713061204482","0.78431372549","0.40056022409"
"247","0.712739495798","0.78431372549","0.429971988796"
"248","0.71270280112","0.78431372549","0.410364145658"
"249","0.712421848739","0.78431372549","0.40756302521"
"250","0.713277731092","0.78431372549","0.417366946779"
"251","0.712938515406","0.78431372549","0.424369747899"
"252","0.71218697479","0.78431372549","0.413165266106"
"253","0.712975070028","0.78431372549","0.432773109244"
"254","0.713463165266","0.78431372549","0.432773109244"
"255","0.713235854342","0.78431372549","0.422969187675"
"256","0.713672128852","0.78431372549","0.443977591036"
"257","0.713052661064","0.78431372549","0.422969187675"
"258","0.71356442577","0.78431372549","0.43837535014"
"259","0.713690756303","0.78431372549","0.410364145658"
"260","0.713535014006","0.78431372549","0.43837535014"
"261","0.713329831933","0.78431372549","0.420168067227"
"262","0.713575770308","0.78431372549","0.410364145658"
"263","0.714334313725","0.78431372549","0.40756302521"
"264","0.715607422969","0.78431372549","0.413165266106"
"265","0.714435294118","0.78431372549","0.428571428571"
"266","0.714119047619","0.78431372549","0.421568627451"
"267","0.714064145658","0.78431372549","0.414565826331"
"268","0.714015546218","0.78431372549","0.43137254902"
"269","0.713757983193","0.78431372549","0.417366946779"
"270","0.714334313725","0.78431372549","0.415966386555"
"271","0.715288235294","0.78431372549","0.428571428571"
"272","0.714385014006","0.78431372549","0.428571428571"
"273","0.713392577031","0.78431372549","0.421568627451"
"274","0.713903921569","0.78431372549","0.432773109244"
"275","0.713868067227","0.78431372549","0.428571428571"
"276","0.713283053221","0.78431372549","0.441176470588"
"277","0.714070868347","0.78431372549","0.394957983193"
"278","0.714917647059","0.78431372549","0.424369747899"
"279","0.714807983193","0.78431372549","0.43137254902"
"280","0.71515210084","0.78431372549","0.390756302521"
"281","0.714739635854","0.78431372549","0.411764705882"
"282","0.715529271709","0.78431372549","0.449579831933"
"283","0.715426190476","0.78431372549","0.435574229692"
"284","0.715553921569","0.78431372549","0.429971988796"
"285","0.715842156863","0.78431372549","0.411764705882"
"286","0.715176610644","0.78431372549","0.439775910364"
"287","0.71512605042","0.78431372549","0.422969187675"
"288","0.71486162465","0.78431372549","0.422969187675"
"289","0.715389495798","0.78431372549","0.410364145658"
"290","0.715125770308","0.78431372549","0.432773109244"
"291","0.713780392157","0.78431372549","0.432773109244"
"292","0.71470280112","0.78431372549","0.417366946779"
"293","0.715557563025","0.78431372549","0.428571428571"
"294","0.715528711485","0.78431372549","0.417366946779"
"295","0.715798039216","0.78431372549","0.413165266106"
"296","0.715851680672","0.78431372549","0.429971988796"
"297","0.715753081232","0.78431372549","0.411764705882"
"298","0.71602535014","0.78431372549","0.436974789916"
"299","0.714907002801","0.78431372549","0.43137254902"
"300","0.715396638655","0.78431372549","0.439775910364"
"301","0.715517366947","0.78431372549","0.417366946779"
"302","0.715470448179","0.78431372549","0.415966386555"
"303","0.715788655462","0.78431372549","0.415966386555"
"304","0.714833753501","0.785714285714","0.411764705882"
"305","0.716189495798","0.785714285714","0.418767507003"
"306","0.716708823529","0.785714285714","0.387955182073"
"307","0.716667226891","0.785714285714","0.432773109244"
"308","0.715303081232","0.785714285714","0.432773109244"
"309","0.715802380952","0.785714285714","0.397759103641"
"310","0.71553977591","0.785714285714","0.421568627451"
"311","0.715587535014","0.785714285714","0.414565826331"
"312","0.715791176471","0.785714285714","0.404761904762"
"313","0.715356862745","0.785714285714","0.418767507003"
"314","0.716096078431","0.785714285714","0.420168067227"
"315","0.716603781513","0.785714285714","0.428571428571"
"316","0.717104621849","0.785714285714","0.432773109244"
"317","0.716899159664","0.785714285714","0.417366946779"
"318","0.716474089636","0.785714285714","0.396358543417"
"319","0.716903921569","0.785714285714","0.414565826331"
"320","0.717165546218","0.785714285714","0.420168067227"
"321","0.716225630252","0.785714285714","0.415966386555"
"322","0.716329411765","0.785714285714","0.434173669468"
"323","0.716441036415","0.785714285714","0.425770308123"
"324","0.717124229692","0.785714285714","0.425770308123"
"325","0.717644537815","0.785714285714","0.425770308123"
"326","0.717001120448","0.785714285714","0.411764705882"
"327","0.716770308123","0.785714285714","0.43837535014"
"328","0.716669047619","0.785714285714","0.435574229692"
"329","0.716494957983","0.785714285714","0.425770308123"
"330","0.716778151261","0.785714285714","0.434173669468"
"331","0.717221008403","0.785714285714","0.435574229692"
"332","0.717593557423","0.785714285714","0.429971988796"
"333","0.71755140056","0.785714285714","0.441176470588"
"334","0.717818627451","0.785714285714","0.413165266106"
"335","0.717444397759","0.785714285714","0.422969187675"
"336","0.717673669468","0.785714285714","0.434173669468"
"337","0.717154061625","0.785714285714","0.422969187675"
"338","0.717027030812","0.785714285714","0.390756302521"
"339","0.716861344538","0.785714285714","0.436974789916"
"340","0.717878711485","0.785714285714","0.404761904762"
"341","0.717367226891","0.785714285714","0.43137254902"
"342","0.717011204482","0.785714285714","0.420168067227"
"343","0.716940616246","0.785714285714","0.435574229692"
"344","0.717111764706","0.785714285714","0.43837535014"
"345","0.717817226891","0.785714285714","0.441176470588"
"346","0.718209383754","0.785714285714","0.435574229692"
"347","0.716408403361","0.785714285714","0.441176470588"
"348","0.717368907563","0.785714285714","0.410364145658"
"349","0.717981512605","0.785714285714","0.425770308123"
"350","0.717943137255","0.785714285714","0.43137254902"
"351","0.718417787115","0.785714285714","0.417366946779"
"352","0.718628291317","0.785714285714","0.445378151261"
"353","0.718821708683","0.785714285714","0.408963585434"
"354","0.717883893557","0.785714285714","0.414565826331"
"355","0.717680252101","0.785714285714","0.442577030812"
"356","0.719020588235","0.785714285714","0.435574229692"
"357","0.718215406162","0.785714285714","0.435574229692"
"358","0.71803487395","0.785714285714","0.425770308123"
"359","0.718408683473","0.785714285714","0.446778711485"
"360","0.718982072829","0.785714285714","0.420168067227"
"361","0.718892717087","0.785714285714","0.436974789916"
"362","0.718821988796","0.785714285714","0.418767507003"
"363","0.717999859944","0.785714285714","0.410364145658"
"364","0.717896498599","0.785714285714","0.427170868347"
"365","0.717894817927","0.785714285714","0.43137254902"
"366","0.717699159664","0.785714285714","0.415966386555"
"367","0.718099019608","0.785714285714","0.418767507003"
"368","0.718591736695","0.785714285714","0.452380952381"
"369","0.718793837535","0.785714285714","0.428571428571"
"370","0.718803081232","0.785714285714","0.397759103641"
"371","0.718976890756","0.785714285714","0.43137254902"
"372","0.718859803922","0.785714285714","0.403361344538"
"373","0.718207422969","0.785714285714","0.436974789916"
"374","0.719186554622","0.785714285714","0.432773109244"
"375","0.718383053221","0.785714285714","0.410364145658"
"376","0.719169467787","0.785714285714","0.410364145658"
"377","0.719567086835","0.785714285714","0.420168067227"
"378","0.719720728291","0.785714285714","0.442577030812"
"379","0.718810784314","0.785714285714","0.436974789916"
"380","0.719170588235","0.785714285714","0.420168067227"
"381","0.719457282913","0.785714285714","0.432773109244"
"382","0.719169327731","0.785714285714","0.425770308123"
"383","0.720178851541","0.785714285714","0.418767507003"
"384","0.719205462185","0.785714285714","0.415966386555"
"385","0.719102661064","0.785714285714","0.441176470588"
"386","0.718799439776","0.785714285714","0.428571428571"
"387","0.719069187675","0.785714285714","0.424369747899"
"388","0.718762464986","0.785714285714","0.445378151261"
"389","0.719316246499","0.785714285714","0.418767507003"
"390","0.72028697479","0.785714285714","0.442577030812"
"391","0.719800560224","0.785714285714","0.442577030812"
"392","0.719280532213","0.785714285714","0.422969187675"
"393","0.719520588235","0.785714285714","0.427170868347"
"394","0.719815406162","0.785714285714","0.420168067227"
"395","0.719620588235","0.785714285714","0.443977591036"
"396","0.7189232493","0.785714285714","0.425770308123"
"397","0.719822128852","0.785714285714","0.446778711485"
"398","0.719508683473","0.785714285714","0.446778711485"
"399","0.718667226891","0.785714285714","0.439775910364"
"400","0.719104901961","0.785714285714","0.432773109244"
"401","0.718554481793","0.785714285714","0.432773109244"
"402","0.719918487395","0.785714285714","0.424369747899"
"403","0.720446078431","0.785714285714","0.435574229692"
"404","0.719886554622","0.785714285714","0.421568627451"
"405","0.720385294118","0.785714285714","0.443977591036"
"406","0.720303081232","0.785714285714","0.386554621849"
"407","0.720045798319","0.785714285714","0.421568627451"
"408","0.720287535014","0.785714285714","0.413165266106"
"409","0.720011904762","0.785714285714","0.427170868347"
"410","0.719658263305","0.785714285714","0.375350140056"
"411","0.719850980392","0.785714285714","0.40756302521"
"412","0.720891456583","0.785714285714","0.445378151261"
"413","0.720055322129","0.785714285714","0.429971988796"
"414","0.720281932773","0.785714285714","0.43837535014"
"415","0.720380812325","0.785714285714","0.434173669468"
"416","0.720685714286","0.785714285714","0.427170868347"
"417","0.720300280112","0.785714285714","0.43137254902"
"418","0.720418627451","0.785714285714","0.434173669468"
"419","0.720210644258","0.785714285714","0.424369747899"
"420","0.720726190476","0.785714285714","0.432773109244"
"421","0.720467647059","0.785714285714","0.455182072829"
"422","0.720928291317","0.785714285714","0.449579831933"
"423","0.72058627451","0.785714285714","0.414565826331"
"424","0.7196232493","0.785714285714","0.425770308123"
"425","0.721104901961","0.785714285714","0.457983193277"
"426","0.721023809524","0.785714285714","0.450980392157"
"427","0.720921848739","0.785714285714","0.441176470588"
"428","0.720476190476","0.785714285714","0.432773109244"
"429","0.721478991597","0.785714285714","0.427170868347"
"430","0.721357843137","0.785714285714","0.436974789916"
"431","0.720378851541","0.785714285714","0.422969187675"
"432","0.720875490196","0.785714285714","0.415966386555"
"433","0.719983753501","0.785714285714","0.449579831933"
"434","0.71942535014","0.785714285714","0.424369747899"
"435","0.72006092437","0.785714285714","0.43837535014"
"436","0.720097338936","0.785714285714","0.443977591036"
"437","0.720799159664","0.785714285714","0.448179271709"
"438","0.721050140056","0.785714285714","0.404761904762"
"439","0.720685714286","0.785714285714","0.436974789916"
"440","0.721179271709","0.785714285714","0.434173669468"
"441","0.720935294118","0.785714285714","0.43137254902"
"442","0.721149439776","0.785714285714","0.434173669468"
"443","0.720916386555","0.785714285714","0.422969187675"
"444","0.720217927171","0.785714285714","0.421568627451"
"445","0.720996358543","0.785714285714","0.424369747899"
"446","0.721041176471","0.785714285714","0.435574229692"
"447","0.72184719888","0.785714285714","0.442577030812"
"448","0.721006442577","0.785714285714","0.424369747899"
"449","0.721129411765","0.785714285714","0.408963585434"
"450","0.721106862745","0.785714285714","0.457983193277"
"451","0.721183893557","0.785714285714","0.445378151261"
"452","0.721896078431","0.785714285714","0.432773109244"
"453","0.722025910364","0.785714285714","0.432773109244"
"454","0.721542436975","0.785714285714","0.424369747899"
"455","0.721557142857","0.785714285714","0.436974789916"
"456","0.721394677871","0.785714285714","0.435574229692"
"457","0.721161344538","0.785714285714","0.435574229692"
"458","0.721016386555","0.785714285714","0.399159663866"
"459","0.72148907563","0.785714285714","0.434173669468"
"460","0.721481232493","0.785714285714","0.420168067227"
"461","0.721929551821","0.785714285714","0.443977591036"
"462","0.721379971989","0.785714285714","0.453781512605"
"463","0.722121708683","0.785714285714","0.436974789916"
"464","0.721790336134","0.785714285714","0.417366946779"
"465","0.721435714286","0.785714285714","0.429971988796"
"466","0.721190756303","0.785714285714","0.455182072829"
"467","0.72172745098","0.785714285714","0.459383753501"
"468","0.721735294118","0.785714285714","0.449579831933"
"469","0.72129719888","0.785714285714","0.417366946779"
"470","0.721644957983","0.785714285714","0.427170868347"
"471","0.72269047619","0.785714285714","0.394957983193"
"472","0.722280812325","0.785714285714","0.436974789916"
"473","0.721371428571","0.785714285714","0.439775910364"
"474","0.721567366947","0.785714285714","0.425770308123"
"475","0.722129551821","0.785714285714","0.435574229692"
"476","0.72128977591","0.785714285714","0.43837535014"
"477","0.721607983193","0.785714285714","0.443977591036"
"478","0.722287815126","0.785714285714","0.441176470588"
"479","0.721812745098","0.785714285714","0.434173669468"
"480","0.721971988796","0.785714285714","0.434173669468"
"481","0.722828151261","0.785714285714","0.40056022409"
"482","0.72238977591","0.785714285714","0.446778711485"
"483","0.722357983193","0.785714285714","0.436974789916"
"484","0.722833333333","0.785714285714","0.455182072829"
"485","0.722906022409","0.785714285714","0.450980392157"
"486","0.72244047619","0.785714285714","0.445378151261"
"487","0.721545938375","0.785714285714","0.418767507003"
"488","0.722392997199","0.785714285714","0.432773109244"
"489","0.721667507003","0.785714285714","0.436974789916"
"490","0.721591736695","0.785714285714","0.390756302521"
"491","0.722407002801","0.785714285714","0.446778711485"
"492","0.7221","0.785714285714","0.424369747899"
"493","0.722138795518","0.785714285714","0.424369747899"
"494","0.722223389356","0.785714285714","0.411764705882"
"495","0.722616246499","0.785714285714","0.413165266106"
"496","0.721654761905","0.785714285714","0.457983193277"
"497","0.722466386555","0.785714285714","0.435574229692"
"498","0.722108683473","0.785714285714","0.432773109244"
"499","0.722440616246","0.785714285714","0.428571428571"
"500","0.722509803922","0.785714285714","0.425770308123"
"501","0.722686694678","0.785714285714","0.428571428571"
"502","0.722316806723","0.785714285714","0.449579831933"
"503","0.722596918768","0.785714285714","0.445378151261"
"504","0.72268557423","0.785714285714","0.443977591036"
"505","0.722640896359","0.785714285714","0.413165266106"
"506","0.721769607843","0.785714285714","0.429971988796"
"507","0.721546778711","0.785714285714","0.450980392157"
"508","0.722652240896","0.785714285714","0.456582633053"
"509","0.722592436975","0.785714285714","0.448179271709"
"510","0.722595238095","0.785714285714","0.432773109244"
"511","0.722734313725","0.785714285714","0.457983193277"
"512","0.723078011204","0.785714285714","0.424369747899"
"513","0.723465266106","0.785714285714","0.436974789916"
"514","0.723275210084","0.785714285714","0.43137254902"
"515","0.723346078431","0.785714285714","0.410364145658"
"516","0.723932913165","0.785714285714","0.424369747899"
"517","0.723313305322","0.785714285714","0.449579831933"
"518","0.723190616246","0.785714285714","0.434173669468"
"519","0.723212605042","0.785714285714","0.420168067227"
"520","0.723524509804","0.785714285714","0.436974789916"
"521","0.722884033613","0.785714285714","0.420168067227"
"522","0.723400980392","0.785714285714","0.428571428571"
"523","0.724132352941","0.785714285714","0.439775910364"
"524","0.722938795518","0.785714285714","0.429971988796"
"525","0.723301820728","0.785714285714","0.448179271709"
"526","0.723867086835","0.785714285714","0.424369747899"
"527","0.723226610644","0.785714285714","0.434173669468"
"528","0.723269887955","0.785714285714","0.413165266106"
"529","0.723101820728","0.785714285714","0.449579831933"
"530","0.723284033613","0.785714285714","0.436974789916"
"531","0.722933193277","0.785714285714","0.443977591036"
"532","0.723036134454","0.785714285714","0.439775910364"
"533","0.722751540616","0.785714285714","0.422969187675"
"534","0.723066666667","0.785714285714","0.406162464986"
"535","0.723824929972","0.785714285714","0.428571428571"
"536","0.723223529412","0.785714285714","0.411764705882"
"537","0.723427591036","0.785714285714","0.435574229692"
"538","0.723175070028","0.785714285714","0.422969187675"
"539","0.723720868347","0.785714285714","0.432773109244"
"540","0.724311064426","0.785714285714","0.457983193277"
"541","0.724491176471","0.785714285714","0.457983193277"
"542","0.723646358543","0.785714285714","0.397759103641"
"543","0.723607563025","0.785714285714","0.452380952381"
"544","0.723018487395","0.785714285714","0.441176470588"
"545","0.723460504202","0.785714285714","0.439775910364"
"546","0.724218347339","0.785714285714","0.43837535014"
"547","0.724197058824","0.785714285714","0.434173669468"
"548","0.723705882353","0.785714285714","0.420168067227"
"549","0.724707843137","0.785714285714","0.425770308123"
"550","0.72392745098","0.785714285714","0.396358543417"
"551","0.724112464986","0.785714285714","0.441176470588"
"552","0.723744677871","0.785714285714","0.43137254902"
"553","0.724219747899","0.785714285714","0.406162464986"
"554","0.723265406162","0.785714285714","0.441176470588"
"555","0.723046918768","0.785714285714","0.446778711485"
"556","0.723885014006","0.785714285714","0.434173669468"
"557","0.725078991597","0.785714285714","0.448179271709"
"558","0.724861764706","0.785714285714","0.446778711485"
"559","0.724735854342","0.785714285714","0.424369747899"
"560","0.723903221289","0.785714285714","0.425770308123"
"561","0.724125770308","0.785714285714","0.439775910364"
"562","0.723988235294","0.785714285714","0.446778711485"
"563","0.723723109244","0.785714285714","0.432773109244"
"564","0.723557282913","0.785714285714","0.435574229692"
"565","0.724208683473","0.785714285714","0.408963585434"
"566","0.723819747899","0.785714285714","0.422969187675"
"567","0.724833193277","0.785714285714","0.453781512605"
"568","0.724841736695","0.785714285714","0.43837535014"
"569","0.724228851541","0.785714285714","0.443977591036"
"570","0.72448487395","0.785714285714","0.432773109244"
"571","0.725432492997","0.785714285714","0.450980392157"
"572","0.725319467787","0.785714285714","0.434173669468"
"573","0.724803781513","0.785714285714","0.452380952381"
"574","0.724928291317","0.785714285714","0.456582633053"
"575","0.724871568627","0.785714285714","0.441176470588"
"576","0.723867787115","0.785714285714","0.445378151261"
"577","0.724755602241","0.785714285714","0.449579831933"
"578","0.72426022409","0.785714285714","0.413165266106"
"579","0.724350840336","0.785714285714","0.460784313725"
"580","0.725008543417","0.785714285714","0.414565826331"
"581","0.724035154062","0.785714285714","0.448179271709"
"582","0.724438095238","0.785714285714","0.427170868347"
"583","0.724331092437","0.785714285714","0.420168067227"
"584","0.724886834734","0.785714285714","0.449579831933"
"585","0.724102661064","0.785714285714","0.424369747899"
"586","0.724415686275","0.785714285714","0.456582633053"
"587","0.724308123249","0.785714285714","0.422969187675"
"588","0.723604761905","0.785714285714","0.43837535014"
"589","0.723734313725","0.785714285714","0.463585434174"
"590","0.724202240896","0.785714285714","0.457983193277"
"591","0.724580672269","0.785714285714","0.457983193277"
"592","0.725588515406","0.785714285714","0.422969187675"
"593","0.725043837535","0.785714285714","0.441176470588"
"594","0.724956862745","0.785714285714","0.455182072829"
"595","0.725167366947","0.785714285714","0.434173669468"
"596","0.723962184874","0.785714285714","0.445378151261"
"597","0.724812464986","0.785714285714","0.432773109244"
"598","0.724366106443","0.785714285714","0.441176470588"
"599","0.724577170868","0.785714285714","0.455182072829"
"600","0.725076190476","0.785714285714","0.434173669468"
"601","0.724943137255","0.785714285714","0.460784313725"
"602","0.724874509804","0.785714285714","0.429971988796"
"603","0.725287955182","0.785714285714","0.459383753501"
"604","0.724686834734","0.785714285714","0.446778711485"
"605","0.724779831933","0.785714285714","0.442577030812"
"606","0.724744537815","0.785714285714","0.429971988796"
"607","0.724648319328","0.785714285714","0.425770308123"
"608","0.724633613445","0.785714285714","0.448179271709"
"609","0.724881792717","0.785714285714","0.429971988796"
"610","0.72435280112","0.785714285714","0.456582633053"
"611","0.72478837535","0.785714285714","0.43837535014"
"612","0.72461302521","0.785714285714","0.436974789916"
"613","0.724935854342","0.785714285714","0.449579831933"
"614","0.72511232493","0.785714285714","0.448179271709"
"615","0.725638795518","0.785714285714","0.446778711485"
"616","0.725642997199","0.785714285714","0.442577030812"
"617","0.72473487395","0.785714285714","0.460784313725"
"618","0.725076470588","0.785714285714","0.435574229692"
"619","0.725692717087","0.785714285714","0.441176470588"
"620","0.725026470588","0.785714285714","0.446778711485"
"621","0.724553501401","0.785714285714","0.452380952381"
"622","0.725140616246","0.785714285714","0.449579831933"
"623","0.724638095238","0.785714285714","0.434173669468"
"624","0.724553501401","0.785714285714","0.439775910364"
"625","0.725117927171","0.785714285714","0.448179271709"
"626","0.725611064426","0.785714285714","0.449579831933"
"627","0.725392577031","0.785714285714","0.456582633053"
"628","0.725037254902","0.785714285714","0.422969187675"
"629","0.725046778711","0.785714285714","0.417366946779"
"630","0.725444537815","0.785714285714","0.43837535014"
"631","0.725138235294","0.785714285714","0.422969187675"
"632","0.725277310924","0.785714285714","0.43837535014"
"633","0.725486834734","0.785714285714","0.421568627451"
"634","0.726008543417","0.785714285714","0.450980392157"
"635","0.724179271709","0.785714285714","0.435574229692"
"636","0.725489915966","0.785714285714","0.40756302521"
"637","0.72507535014","0.785714285714","0.448179271709"
"638","0.725566246499","0.785714285714","0.448179271709"
"639","0.724958263305","0.785714285714","0.443977591036"
"640","0.725185014006","0.785714285714","0.427170868347"
"641","0.724700980392","0.785714285714","0.436974789916"
"642","0.725754341737","0.785714285714","0.429971988796"
"643","0.725206582633","0.785714285714","0.424369747899"
"644","0.725823389356","0.785714285714","0.436974789916"
"645","0.725277591036","0.785714285714","0.450980392157"
"646","0.725085854342","0.785714285714","0.411764705882"
"647","0.724548739496","0.785714285714","0.442577030812"
"648","0.724831652661","0.785714285714","0.429971988796"
"649","0.724961064426","0.785714285714","0.422969187675"
"650","0.725996918768","0.785714285714","0.427170868347"
"651","0.725866526611","0.785714285714","0.413165266106"
"652","0.726426890756","0.785714285714","0.432773109244"
"653","0.725658683473","0.785714285714","0.425770308123"
"654","0.72607464986","0.785714285714","0.459383753501"
"655","0.725693837535","0.785714285714","0.432773109244"
"656","0.725831652661","0.785714285714","0.434173669468"
"657","0.726437254902","0.785714285714","0.415966386555"
"658","0.726287955182","0.785714285714","0.452380952381"
"659","0.725968207283","0.785714285714","0.415966386555"
"660","0.726517366947","0.785714285714","0.43837535014"
"661","0.726354901961","0.785714285714","0.43137254902"
"662","0.726032633053","0.785714285714","0.424369747899"
"663","0.725405322129","0.785714285714","0.434173669468"
"664","0.725729131653","0.785714285714","0.425770308123"
"665","0.724985294118","0.785714285714","0.441176470588"
"666","0.72605140056","0.785714285714","0.448179271709"
"667","0.72647394958","0.785714285714","0.456582633053"
"668","0.726689915966","0.785714285714","0.443977591036"
"669","0.726996498599","0.785714285714","0.435574229692"
"670","0.726593837535","0.785714285714","0.441176470588"
"671","0.72641022409","0.785714285714","0.428571428571"
"672","0.72690070028","0.785714285714","0.427170868347"
"673","0.726075630252","0.785714285714","0.432773109244"
"674","0.725862044818","0.785714285714","0.449579831933"
"675","0.726606302521","0.785714285714","0.436974789916"
"676","0.726895378151","0.785714285714","0.459383753501"
"677","0.726687254902","0.785714285714","0.448179271709"
"678","0.727059943978","0.785714285714","0.449579831933"
"679","0.726112605042","0.785714285714","0.446778711485"
"680","0.726356862745","0.785714285714","0.453781512605"
"681","0.726651120448","0.785714285714","0.425770308123"
"682","0.72635952381","0.785714285714","0.432773109244"
"683","0.72565952381","0.785714285714","0.429971988796"
"684","0.72664789916","0.785714285714","0.441176470588"
"685","0.726521988796","0.785714285714","0.449579831933"
"686","0.726357142857","0.785714285714","0.424369747899"
"687","0.726277591036","0.785714285714","0.449579831933"
"688","0.726697619048","0.785714285714","0.449579831933"
"689","0.726337394958","0.785714285714","0.40756302521"
"690","0.726386134454","0.785714285714","0.435574229692"
"691","0.726225210084","0.785714285714","0.424369747899"
"692","0.726980952381","0.785714285714","0.422969187675"
"693","0.726399579832","0.785714285714","0.446778711485"
"694","0.726441316527","0.785714285714","0.43837535014"
"695","0.726871008403","0.785714285714","0.448179271709"
"696","0.726833333333","0.785714285714","0.455182072829"
"697","0.727571848739","0.785714285714","0.459383753501"
"698","0.726247759104","0.785714285714","0.43837535014"
"699","0.72603557423","0.785714285714","0.445378151261"
"700","0.725780532213","0.785714285714","0.453781512605"
"701","0.72536162465","0.785714285714","0.43137254902"
"702","0.726056862745","0.785714285714","0.450980392157"
"703","0.725982633053","0.785714285714","0.442577030812"
"704","0.726847478992","0.785714285714","0.460784313725"
"705","0.726689915966","0.785714285714","0.435574229692"
"706","0.726581232493","0.785714285714","0.449579831933"
"707","0.72639789916","0.785714285714","0.445378151261"
"708","0.726910644258","0.785714285714","0.441176470588"
"709","0.726946918768","0.785714285714","0.408963585434"
"710","0.726506022409","0.785714285714","0.404761904762"
"711","0.726518907563","0.785714285714","0.439775910364"
"712","0.726606862745","0.785714285714","0.450980392157"
"713","0.726519467787","0.785714285714","0.415966386555"
"714","0.726620028011","0.785714285714","0.456582633053"
"715","0.727714845938","0.785714285714","0.410364145658"
"716","0.72727254902","0.785714285714","0.399159663866"
"717","0.72732394958","0.785714285714","0.415966386555"
"718","0.727365686275","0.785714285714","0.425770308123"
"719","0.726663165266","0.785714285714","0.429971988796"
"720","0.726652521008","0.785714285714","0.415966386555"
"721","0.727717507003","0.785714285714","0.43837535014"
"722","0.727069327731","0.785714285714","0.434173669468"
"723","0.72698557423","0.785714285714","0.460784313725"
"724","0.72694859944","0.785714285714","0.459383753501"
"725","0.726267787115","0.785714285714","0.459383753501"
"726","0.726692436975","0.785714285714","0.432773109244"
"727","0.726644817927","0.785714285714","0.436974789916"
"728","0.726820308123","0.785714285714","0.453781512605"
"729","0.726604201681","0.785714285714","0.436974789916"
"730","0.726547058824","0.785714285714","0.450980392157"
"731","0.726452941176","0.785714285714","0.417366946779"
"732","0.726538095238","0.785714285714","0.441176470588"
"733","0.727853921569","0.785714285714","0.432773109244"
"734","0.727706302521","0.785714285714","0.359943977591"
"735","0.727407983193","0.785714285714","0.427170868347"
"736","0.726881372549","0.785714285714","0.448179271709"
"737","0.727182072829","0.785714285714","0.448179271709"
"738","0.727756022409","0.785714285714","0.439775910364"
"739","0.726991876751","0.785714285714","0.443977591036"
"740","0.727363865546","0.785714285714","0.428571428571"
"741","0.727668067227","0.785714285714","0.43137254902"
"742","0.72792605042","0.785714285714","0.441176470588"
"743","0.727477030812","0.785714285714","0.443977591036"
"744","0.727532352941","0.785714285714","0.456582633053"
"745","0.727702240896","0.785714285714","0.403361344538"
"746","0.72804859944","0.785714285714","0.429971988796"
"747","0.727409243697","0.785714285714","0.432773109244"
"748","0.727057703081","0.785714285714","0.442577030812"
"749","0.727378291317","0.785714285714","0.453781512605"
"750","0.727205322129","0.785714285714","0.47619047619"
"751","0.727606442577","0.785714285714","0.43837535014"
"752","0.727470728291","0.785714285714","0.442577030812"
"753","0.726580672269","0.785714285714","0.450980392157"
"754","0.727436834734","0.785714285714","0.401960784314"
"755","0.727504761905","0.785714285714","0.424369747899"
"756","0.727092717087","0.785714285714","0.427170868347"
"757","0.727935434174","0.785714285714","0.432773109244"
"758","0.727938795518","0.785714285714","0.43137254902"
"759","0.727749579832","0.785714285714","0.442577030812"
"760","0.727238935574","0.785714285714","0.427170868347"
"761","0.72776092437","0.785714285714","0.446778711485"
"762","0.727610084034","0.785714285714","0.427170868347"
"763","0.727296638655","0.785714285714","0.424369747899"
"764","0.727427170868","0.785714285714","0.439775910364"
"765","0.727428011204","0.785714285714","0.439775910364"
"766","0.727692436975","0.785714285714","0.452380952381"
"767","0.727960364146","0.785714285714","0.43837535014"
"768","0.727726470588","0.785714285714","0.43137254902"
"769","0.727246078431","0.785714285714","0.448179271709"
"770","0.727354341737","0.785714285714","0.435574229692"
"771","0.727336694678","0.785714285714","0.43137254902"
"772","0.726443417367","0.785714285714","0.429971988796"
"773","0.726302661064","0.785714285714","0.448179271709"
"774","0.72733557423","0.785714285714","0.408963585434"
"775","0.727735014006","0.785714285714","0.450980392157"
"776","0.727118067227","0.785714285714","0.450980392157"
"777","0.727501820728","0.785714285714","0.466386554622"
"778","0.72730210084","0.785714285714","0.449579831933"
"779","0.72756232493","0.785714285714","0.434173669468"
"780","0.727816806723","0.785714285714","0.43837535014"
"781","0.727323669468","0.785714285714","0.410364145658"
"782","0.727888655462","0.785714285714","0.432773109244"
"783","0.728341876751","0.785714285714","0.422969187675"
"784","0.727671428571","0.785714285714","0.427170868347"
"785","0.727688235294","0.785714285714","0.455182072829"
"786","0.7273","0.785714285714","0.432773109244"
"787","0.727278711485","0.785714285714","0.464985994398"
"788","0.726831372549","0.785714285714","0.439775910364"
"789","0.726504341737","0.785714285714","0.43137254902"
"790","0.727882913165","0.785714285714","0.449579831933"
"791","0.727139495798","0.785714285714","0.435574229692"
"792","0.727688235294","0.785714285714","0.449579831933"
"793","0.72753977591","0.785714285714","0.474789915966"
"794","0.727775210084","0.785714285714","0.445378151261"
"795","0.728767927171","0.785714285714","0.467787114846"
"796","0.728608403361","0.785714285714","0.425770308123"
"797","0.72838557423","0.785714285714","0.443977591036"
"798","0.728625770308","0.785714285714","0.435574229692"
"799","0.728048879552","0.785714285714","0.442577030812"
"800","0.728368067227","0.785714285714","0.453781512605"
"801","0.727981652661","0.785714285714","0.427170868347"
"802","0.728591596639","0.785714285714","0.43837535014"
"803","0.727791316527","0.785714285714","0.427170868347"
"804","0.728276890756","0.785714285714","0.456582633053"
"805","0.728495518207","0.785714285714","0.420168067227"
"806","0.728073669468","0.785714285714","0.424369747899"
"807","0.728666806723","0.785714285714","0.457983193277"
"808","0.728462464986","0.785714285714","0.448179271709"
"809","0.727913865546","0.785714285714","0.429971988796"
"810","0.727548459384","0.785714285714","0.436974789916"
"811","0.728635854342","0.785714285714","0.457983193277"
"812","0.728573669468","0.785714285714","0.413165266106"
"813","0.727959103641","0.785714285714","0.43837535014"
"814","0.72741232493","0.785714285714","0.425770308123"
"815","0.727336694678","0.785714285714","0.435574229692"
"816","0.727355882353","0.785714285714","0.404761904762"
"817","0.727512464986","0.785714285714","0.439775910364"
"818","0.727696638655","0.785714285714","0.450980392157"
"819","0.727956582633","0.785714285714","0.443977591036"
"820","0.727813165266","0.785714285714","0.457983193277"
"821","0.727713305322","0.785714285714","0.464985994398"
"822","0.727787254902","0.785714285714","0.441176470588"
"823","0.727973389356","0.785714285714","0.457983193277"
"824","0.727740196078","0.785714285714","0.439775910364"
"825","0.728329551821","0.785714285714","0.441176470588"
"826","0.728645098039","0.785714285714","0.466386554622"
"827","0.728956722689","0.785714285714","0.435574229692"
"828","0.728868907563","0.785714285714","0.445378151261"
"829","0.728658963585","0.785714285714","0.463585434174"
"830","0.727242156863","0.785714285714","0.428571428571"
"831","0.72775140056","0.785714285714","0.46218487395"
"832","0.72741092437","0.785714285714","0.372549019608"
"833","0.727084593838","0.785714285714","0.441176470588"
"834","0.727045658263","0.785714285714","0.446778711485"
"835","0.72778627451","0.785714285714","0.455182072829"
"836","0.727118627451","0.785714285714","0.43837535014"
"837","0.727713165266","0.785714285714","0.452380952381"
"838","0.727937254902","0.785714285714","0.428571428571"
"839","0.727908263305","0.785714285714","0.456582633053"
"840","0.728020728291","0.785714285714","0.442577030812"
"841","0.728014985994","0.785714285714","0.450980392157"
"842","0.728412464986","0.785714285714","0.448179271709"
"843","0.729162605042","0.785714285714","0.452380952381"
"844","0.728624509804","0.785714285714","0.457983193277"
"845","0.729242717087","0.785714285714","0.46218487395"
"846","0.728333333333","0.785714285714","0.450980392157"
"847","0.729271848739","0.785714285714","0.466386554622"
"848","0.728947058824","0.785714285714","0.441176470588"
"849","0.729329831933","0.785714285714","0.457983193277"
"850","0.728502380952","0.785714285714","0.43137254902"
"851","0.728025490196","0.785714285714","0.429971988796"
"852","0.728185714286","0.785714285714","0.415966386555"
"853","0.728595238095","0.785714285714","0.448179271709"
"854","0.728820308123","0.785714285714","0.442577030812"
"855","0.729018767507","0.785714285714","0.432773109244"
"856","0.728327591036","0.785714285714","0.422969187675"
"857","0.728650980392","0.785714285714","0.436974789916"
"858","0.728404761905","0.785714285714","0.443977591036"
"859","0.728593697479","0.785714285714","0.442577030812"
"860","0.72889789916","0.785714285714","0.414565826331"
"861","0.728777731092","0.785714285714","0.428571428571"
"862","0.728686834734","0.785714285714","0.443977591036"
"863","0.728985854342","0.785714285714","0.443977591036"
"864","0.72883557423","0.785714285714","0.457983193277"
"865","0.728358403361","0.785714285714","0.464985994398"
"866","0.728842436975","0.785714285714","0.424369747899"
"867","0.729296918768","0.785714285714","0.446778711485"
"868","0.728936414566","0.785714285714","0.436974789916"
"869","0.729586834734","0.785714285714","0.434173669468"
"870","0.729101960784","0.785714285714","0.425770308123"
"871","0.728576890756","0.785714285714","0.435574229692"
"872","0.727662184874","0.785714285714","0.449579831933"
"873","0.728378991597","0.785714285714","0.43137254902"
"874","0.728435014006","0.785714285714","0.432773109244"
"875","0.728557703081","0.785714285714","0.432773109244"
"876","0.727958123249","0.785714285714","0.428571428571"
"877","0.727958823529","0.785714285714","0.446778711485"
"878","0.729003781513","0.785714285714","0.408963585434"
"879","0.72872535014","0.785714285714","0.439775910364"
"880","0.729280112045","0.785714285714","0.442577030812"
"881","0.729166526611","0.785714285714","0.425770308123"
"882","0.728616946779","0.785714285714","0.429971988796"
"883","0.72945210084","0.785714285714","0.453781512605"
"884","0.728530392157","0.785714285714","0.413165266106"
"885","0.728922969188","0.785714285714","0.439775910364"
"886","0.728461484594","0.785714285714","0.449579831933"
"887","0.728085294118","0.785714285714","0.443977591036"
"888","0.728828291317","0.785714285714","0.449579831933"
"889","0.729239215686","0.785714285714","0.457983193277"
"890","0.728546638655","0.785714285714","0.448179271709"
"891","0.728776470588","0.785714285714","0.446778711485"
"892","0.728726610644","0.785714285714","0.428571428571"
"893","0.729142857143","0.785714285714","0.439775910364"
"894","0.728576190476","0.785714285714","0.450980392157"
"895","0.728419887955","0.785714285714","0.445378151261"
"896","0.729244117647","0.785714285714","0.456582633053"
"897","0.729625770308","0.785714285714","0.442577030812"
"898","0.72911302521","0.785714285714","0.445378151261"
"899","0.728396358543","0.785714285714","0.436974789916"
"900","0.72794789916","0.785714285714","0.422969187675"
"901","0.728656302521","0.785714285714","0.459383753501"
"902","0.728741596639","0.785714285714","0.457983193277"
"903","0.728860784314","0.785714285714","0.445378151261"
"904","0.728802941176","0.785714285714","0.446778711485"
"905","0.729407002801","0.785714285714","0.446778711485"
"906","0.729632492997","0.785714285714","0.445378151261"
"907","0.729841736695","0.785714285714","0.455182072829"
"908","0.729631092437","0.785714285714","0.445378151261"
"909","0.728979831933","0.785714285714","0.453781512605"
"910","0.728136694678","0.785714285714","0.439775910364"
"911","0.728636694678","0.785714285714","0.46918767507"
"912","0.729594117647","0.785714285714","0.463585434174"
"913","0.728912464986","0.785714285714","0.463585434174"
"914","0.728731792717","0.785714285714","0.428571428571"
"915","0.728850980392","0.785714285714","0.43837535014"
"916","0.729442016807","0.785714285714","0.436974789916"
"917","0.729414705882","0.785714285714","0.46218487395"
"918","0.729303221289","0.785714285714","0.464985994398"
"919","0.729478711485","0.785714285714","0.448179271709"
"920","0.729084733894","0.785714285714","0.460784313725"
"921","0.728966106443","0.785714285714","0.467787114846"
"922","0.730298739496","0.785714285714","0.452380952381"
"923","0.729763165266","0.785714285714","0.448179271709"
"924","0.729257282913","0.785714285714","0.445378151261"
"925","0.728887254902","0.785714285714","0.411764705882"
"926","0.729504901961","0.785714285714","0.417366946779"
"927","0.729031512605","0.785714285714","0.434173669468"
"928","0.728679691877","0.785714285714","0.456582633053"
"929","0.729030812325","0.785714285714","0.457983193277"
"930","0.72885070028","0.785714285714","0.449579831933"
"931","0.729712184874","0.785714285714","0.43137254902"
"932","0.73031022409","0.785714285714","0.435574229692"
"933","0.730145938375","0.785714285714","0.392156862745"
"934","0.729998319328","0.785714285714","0.417366946779"
"935","0.729591316527","0.785714285714","0.446778711485"
"936","0.728807983193","0.785714285714","0.445378151261"
"937","0.72915070028","0.785714285714","0.434173669468"
"938","0.729317366947","0.785714285714","0.420168067227"
"939","0.729350420168","0.785714285714","0.456582633053"
"940","0.729202240896","0.785714285714","0.439775910364"
"941","0.729763445378","0.785714285714","0.453781512605"
"942","0.730269047619","0.785714285714","0.446778711485"
"943","0.729641596639","0.785714285714","0.442577030812"
"944","0.729864005602","0.785714285714","0.394957983193"
"945","0.729792717087","0.785714285714","0.436974789916"
"946","0.729855322129","0.785714285714","0.457983193277"
"947","0.729911064426","0.785714285714","0.459383753501"
"948","0.730328571429","0.785714285714","0.43137254902"
"949","0.730389495798","0.785714285714","0.450980392157"
"950","0.730687394958","0.785714285714","0.432773109244"
"951","0.730017647059","0.785714285714","0.434173669468"
"952","0.729168347339","0.785714285714","0.446778711485"
"953","0.730139635854","0.785714285714","0.415966386555"
"954","0.730017086835","0.785714285714","0.460784313725"
"955","0.729758123249","0.785714285714","0.424369747899"
"956","0.730064985994","0.785714285714","0.456582633053"
"957","0.729940336134","0.785714285714","0.421568627451"
"958","0.729779551821","0.785714285714","0.427170868347"
"959","0.729801260504","0.785714285714","0.424369747899"
"960","0.730132352941","0.785714285714","0.453781512605"
"961","0.729976190476","0.785714285714","0.457983193277"
"962","0.729699439776","0.785714285714","0.443977591036"
"963","0.729869467787","0.785714285714","0.439775910364"
"964","0.729682352941","0.785714285714","0.443977591036"
"965","0.729807563025","0.785714285714","0.413165266106"
"966","0.72912605042","0.785714285714","0.466386554622"
"967","0.729637254902","0.785714285714","0.401960784314"
"968","0.730412184874","0.785714285714","0.432773109244"
"969","0.729893417367","0.785714285714","0.449579831933"
"970","0.730378991597","0.785714285714","0.445378151261"
"971","0.729611904762","0.785714285714","0.46218487395"
"972","0.729988095238","0.785714285714","0.434173669468"
"973","0.729894397759","0.785714285714","0.46218487395"
"974","0.729388515406","0.785714285714","0.443977591036"
"975","0.729507142857","0.785714285714","0.467787114846"
"976","0.730066386555","0.785714285714","0.434173669468"
"977","0.72990280112","0.785714285714","0.429971988796"
"978","0.72998697479","0.785714285714","0.404761904762"
"979","0.730089915966","0.785714285714","0.452380952381"
"980","0.729857703081","0.785714285714","0.445378151261"
"981","0.730262184874","0.785714285714","0.452380952381"
"982","0.729739915966","0.785714285714","0.432773109244"
"983","0.729243977591","0.785714285714","0.422969187675"
"984","0.728943557423","0.785714285714","0.432773109244"
"985","0.730392857143","0.785714285714","0.452380952381"
"986","0.730121148459","0.785714285714","0.449579831933"
"987","0.729092857143","0.785714285714","0.436974789916"
"988","0.729719747899","0.785714285714","0.393557422969"
"989","0.729608963585","0.785714285714","0.421568627451"
"990","0.729474229692","0.785714285714","0.43837535014"
"991","0.729828851541","0.785714285714","0.445378151261"
"992","0.730748879552","0.785714285714","0.443977591036"
"993","0.730619047619","0.785714285714","0.449579831933"
"994","0.730513165266","0.785714285714","0.43837535014"
"995","0.729107422969","0.785714285714","0.453781512605"
"996","0.729561484594","0.785714285714","0.432773109244"
"997","0.729900420168","0.785714285714","0.452380952381"
"998","0.730979411765","0.785714285714","0.463585434174"
"999","0.731003641457","0.785714285714","0.443977591036"
"1000","0.731027310924","0.785714285714","0.456582633053"
