"Series","Motor Oil 3m 5m"
"Signal","CGO"
"Generations","1000"
"Ending","max generations were reached"
"Best Strategy","0000001001001000100010000000000000000000000000000000000000000000	","Accuracy","0.760308513794"
"Unique Strats","9427"
"0","0.499534351824","0.700682290122","0.29605458321"
"1","0.553103886087","0.719371106497","0.312963512311"
"2","0.591946662711","0.719371106497","0.322456244438"
"3","0.613160664491","0.722337585286","0.344408187481"
"4","0.626060189855","0.723524176802","0.372293088104"
"5","0.634663067339","0.730347078018","0.367546722041"
"6","0.641383328389","0.731237021655","0.375852862652"
"7","0.646265648176","0.731237021655","0.340551765055"
"8","0.649845179472","0.731237021655","0.37347967962"
"9","0.652705547315","0.731237021655","0.373776327499"
"10","0.654547256007","0.733906852566","0.378226045684"
"11","0.656772471077","0.734500148324","0.358350637793"
"12","0.658605132008","0.737169979235","0.388905369327"
"13","0.659658380303","0.737169979235","0.383862355384"
"14","0.660633728864","0.738653218629","0.398101453575"
"15","0.661738653219","0.738949866508","0.387422129932"
"16","0.66214399288","0.738949866508","0.383565707505"
"17","0.662356214773","0.738949866508","0.39365173539"
"18","0.663438682883","0.738949866508","0.402551171759"
"19","0.664833906853","0.738949866508","0.386828834174"
"20","0.665757520024","0.738949866508","0.391278552358"
"21","0.666562058736","0.740433105903","0.402551171759"
"22","0.666772441412","0.742806288935","0.399881340848"
"23","0.667564164936","0.743992880451","0.3906852566"
"24","0.667954049244","0.743992880451","0.418570157223"
"25","0.668150044497","0.746366063483","0.382379115989"
"26","0.668899822011","0.748442598635","0.384455651142"
"27","0.668841590033","0.748442598635","0.412637199644"
"28","0.669401601899","0.748442598635","0.391575200237"
"29","0.669399110056","0.748442598635","0.389202017206"
"30","0.67045309997","0.748442598635","0.36487689113"
"31","0.670887807772","0.748442598635","0.394541679027"
"32","0.67219299911","0.748442598635","0.399881340848"
"33","0.672213675467","0.748442598635","0.381785820231"
"34","0.672114832394","0.748442598635","0.384455651142"
"35","0.673007505191","0.748442598635","0.417680213586"
"36","0.673211005636","0.748442598635","0.42806288935"
"37","0.673133995847","0.748442598635","0.409967368733"
"38","0.673166389795","0.752595668941","0.415010382676"
"39","0.673209314743","0.752595668941","0.371699792346"
"40","0.674391456541","0.752595668941","0.394541679027"
"41","0.674311302284","0.752595668941","0.407000889944"
"42","0.675218629487","0.752595668941","0.422129931771"
"43","0.675521032335","0.752595668941","0.418866805102"
"44","0.675435864729","0.752595668941","0.409967368733"
"45","0.676015069712","0.752595668941","0.407594185702"
"46","0.675521892613","0.752595668941","0.404331059033"
"47","0.676263274993","0.752595668941","0.414417086918"
"48","0.676532126965","0.752595668941","0.423316523287"
"49","0.677153188965","0.752595668941","0.419163452981"
"50","0.677320290715","0.752595668941","0.423316523287"
"51","0.676939988134","0.752595668941","0.409967368733"
"52","0.677901779887","0.752595668941","0.411747256007"
"53","0.678180302581","0.752595668941","0.423316523287"
"54","0.677677603085","0.752595668941","0.434292494809"
"55","0.677730614061","0.752595668941","0.411747256007"
"56","0.678017887867","0.752595668941","0.412043903886"
"57","0.678484159003","0.752595668941","0.43666567784"
"58","0.678428418867","0.752595668941","0.415010382676"
"59","0.6791489469","0.752595668941","0.40225452388"
"60","0.678792761792","0.752595668941","0.417680213586"
"61","0.679147226342","0.752595668941","0.404627706912"
"62","0.679105102344","0.752595668941","0.414713734797"
"63","0.679645861762","0.752595668941","0.409967368733"
"64","0.67988389202","0.752595668941","0.430732720261"
"65","0.680863363987","0.752595668941","0.426876297834"
"66","0.6811342035","0.752595668941","0.447345001483"
"67","0.680704123406","0.752595668941","0.409670720854"
"68","0.680376920795","0.752595668941","0.394541679027"
"69","0.681109819045","0.752595668941","0.42806288935"
"70","0.681244230199","0.753485612578","0.426283002077"
"71","0.681146455058","0.753485612578","0.428656185108"
"72","0.681962800356","0.753485612578","0.408484129338"
"73","0.682310738653","0.753485612578","0.432809255414"
"74","0.683014802729","0.753485612578","0.420646692376"
"75","0.682723375853","0.753485612578","0.401661228122"
"76","0.682845832097","0.753485612578","0.440522100267"
"77","0.682470216553","0.753485612578","0.428656185108"
"78","0.682283061406","0.753485612578","0.377929397805"
"79","0.68238742213","0.753485612578","0.388312073569"
"80","0.682619549095","0.753485612578","0.438445565114"
"81","0.683047552655","0.753485612578","0.388312073569"
"82","0.682751290418","0.753485612578","0.399584692969"
"83","0.68389015129","0.753485612578","0.40522100267"
"84","0.683364342925","0.753485612578","0.419163452981"
"85","0.684172916049","0.753485612578","0.424206466924"
"86","0.683727024622","0.753485612578","0.402551171759"
"87","0.684292702462","0.753485612578","0.416493622071"
"88","0.68401195491","0.753485612578","0.420646692376"
"89","0.684856808069","0.753485612578","0.382379115989"
"90","0.684331948977","0.753485612578","0.429546128745"
"91","0.6842","0.753485612578","0.430436072382"
"92","0.683621091664","0.753485612578","0.43102936814"
"93","0.684321714625","0.753485612578","0.416493622071"
"94","0.684891604865","0.753485612578","0.417086917829"
"95","0.685019282112","0.753485612578","0.449124888757"
"96","0.685038564224","0.753485612578","0.413527143281"
"97","0.68530700089","0.753485612578","0.44259863542"
"98","0.685919816078","0.753485612578","0.411153960249"
"99","0.685531859982","0.753485612578","0.385345594779"
"100","0.685977395432","0.753485612578","0.419756748739"
"101","0.685225066746","0.753485612578","0.416493622071"
"102","0.685920439039","0.753485612578","0.435479086325"
"103","0.685639246514","0.753485612578","0.438148917235"
"104","0.686241471373","0.753485612578","0.374072975378"
"105","0.686638445565","0.753485612578","0.428952832987"
"106","0.686213823791","0.753485612578","0.428359537229"
"107","0.685993236428","0.753485612578","0.398101453575"
"108","0.685795639276","0.753485612578","0.450608128152"
"109","0.686104390389","0.753485612578","0.392465143874"
"110","0.686121951943","0.753485612578","0.409967368733"
"111","0.686635330762","0.753485612578","0.416493622071"
"112","0.686650845446","0.753782260457","0.432512607535"
"113","0.687367932364","0.753782260457","0.432512607535"
"114","0.687478107387","0.753782260457","0.434885790567"
"115","0.687720379709","0.754672204094","0.437258973598"
"116","0.687663037674","0.754672204094","0.398101453575"
"117","0.688136161376","0.754672204094","0.394245031148"
"118","0.688033135568","0.754672204094","0.444081874815"
"119","0.687451409077","0.754672204094","0.412043903886"
"120","0.688169000297","0.756155443489","0.43102936814"
"121","0.68805309997","0.756155443489","0.428656185108"
"122","0.688475556215","0.756155443489","0.441412043904"
"123","0.687782853753","0.756155443489","0.417680213586"
"124","0.688329872441","0.756155443489","0.421239988134"
"125","0.688198279442","0.756155443489","0.415603678434"
"126","0.688552536339","0.756155443489","0.417383565708"
"127","0.689150964106","0.756155443489","0.453574606942"
"128","0.688805784634","0.756155443489","0.439038860872"
"129","0.688881548502","0.756155443489","0.408780777217"
"130","0.689897330169","0.756155443489","0.372589735983"
"131","0.689886888164","0.756155443489","0.442895283299"
"132","0.689368377336","0.756155443489","0.415307030555"
"133","0.689630406408","0.756155443489","0.431919311777"
"134","0.689592969445","0.756155443489","0.440522100267"
"135","0.689281340848","0.756155443489","0.3906852566"
"136","0.689490180955","0.756155443489","0.433105903293"
"137","0.690521239988","0.756155443489","0.430436072382"
"138","0.690793028775","0.756155443489","0.407890833581"
"139","0.689900177989","0.756155443489","0.435182438446"
"140","0.690269385939","0.756155443489","0.434292494809"
"141","0.690384900623","0.756155443489","0.448828240878"
"142","0.689952595669","0.756155443489","0.410264016612"
"143","0.690206585583","0.756155443489","0.417086917829"
"144","0.689912281222","0.756155443489","0.414120439039"
"145","0.690566300801","0.756155443489","0.422723227529"
"146","0.690447285672","0.756155443489","0.423909819045"
"147","0.690502135865","0.756155443489","0.436072382082"
"148","0.690707534856","0.756155443489","0.439335508751"
"149","0.6907594779","0.756155443489","0.439928804509"
"150","0.691108454465","0.756155443489","0.425096410561"
"151","0.691072144764","0.756155443489","0.424503114803"
"152","0.691845446455","0.756155443489","0.428359537229"
"153","0.692007119549","0.756155443489","0.430732720261"
"154","0.692175763868","0.756155443489","0.412933847523"
"155","0.692468258677","0.756155443489","0.433402551172"
"156","0.69138036191","0.756155443489","0.437852269356"
"157","0.691601038268","0.756155443489","0.442895283299"
"158","0.69199931771","0.756155443489","0.429842776624"
"159","0.692278137051","0.756155443489","0.426876297834"
"160","0.691969830911","0.756155443489","0.43102936814"
"161","0.691841501038","0.756155443489","0.421536636013"
"162","0.692095490952","0.756155443489","0.454464550578"
"163","0.691960694156","0.756155443489","0.442301987541"
"164","0.691944645506","0.756155443489","0.442895283299"
"165","0.692591011569","0.756155443489","0.409077425096"
"166","0.69265873628","0.757342035004","0.417086917829"
"167","0.692190388609","0.757342035004","0.395728270543"
"168","0.692131681993","0.757342035004","0.426283002077"
"169","0.692850192821","0.757342035004","0.425689706319"
"170","0.692704331059","0.757342035004","0.405517650549"
"171","0.692459537229","0.757342035004","0.41679026995"
"172","0.692770780184","0.757342035004","0.437258973598"
"173","0.692217205577","0.757342035004","0.422129931771"
"174","0.692366775438","0.757342035004","0.420350044497"
"175","0.692426609315","0.757342035004","0.415010382676"
"176","0.692121032335","0.757342035004","0.40818748146"
"177","0.693058320973","0.757342035004","0.453277959063"
"178","0.693465262533","0.757342035004","0.444081874815"
"179","0.693286443192","0.757342035004","0.42539305844"
"180","0.693666122812","0.757342035004","0.433402551172"
"181","0.693661495105","0.757342035004","0.444675170573"
"182","0.693429101157","0.757342035004","0.4598042124"
"183","0.693982497775","0.757342035004","0.43963215663"
"184","0.693343132602","0.757342035004","0.434292494809"
"185","0.694606170276","0.757342035004","0.433699199051"
"186","0.694623702166","0.757342035004","0.449421536636"
"187","0.693892198161","0.757342035004","0.428359537229"
"188","0.693943221596","0.757342035004","0.421239988134"
"189","0.6945573717","0.757342035004","0.442301987541"
"190","0.694141590033","0.757342035004","0.42539305844"
"191","0.694895194304","0.757342035004","0.418866805102"
"192","0.694934055177","0.757342035004","0.43666567784"
"193","0.694999881341","0.757342035004","0.447345001483"
"194","0.694896113913","0.757342035004","0.445565114209"
"195","0.694533639869","0.757342035004","0.458914268763"
"196","0.694729783447","0.757342035004","0.450608128152"
"197","0.695439810145","0.757342035004","0.444971818451"
"198","0.694465262533","0.757342035004","0.442301987541"
"199","0.694801720558","0.757342035004","0.457134381489"
"200","0.694398872738","0.757342035004","0.463660634826"
"201","0.695331770988","0.757342035004","0.444675170573"
"202","0.695277514091","0.757342035004","0.429249480866"
"203","0.695580154257","0.757342035004","0.450311480273"
"204","0.695336458024","0.757342035004","0.429546128745"
"205","0.696210382676","0.757342035004","0.420053396618"
"206","0.695409670721","0.757342035004","0.432215959656"
"207","0.695041530703","0.757342035004","0.426876297834"
"208","0.695185938891","0.757342035004","0.429546128745"
"209","0.696129605458","0.758825274399","0.41382379116"
"210","0.695786235538","0.758825274399","0.436962325719"
"211","0.696361198457","0.758825274399","0.437555621477"
"212","0.695419400771","0.758825274399","0.437258973598"
"213","0.695050074162","0.758825274399","0.423019875408"
"214","0.695270364877","0.758825274399","0.450904776031"
"215","0.695992346485","0.758825274399","0.43963215663"
"216","0.695888282409","0.758825274399","0.448828240878"
"217","0.696170424206","0.758825274399","0.430139424503"
"218","0.695915870662","0.758825274399","0.442005339662"
"219","0.695841768021","0.758825274399","0.444675170573"
"220","0.696179916939","0.758825274399","0.424206466924"
"221","0.696694541679","0.758825274399","0.464550578463"
"222","0.695767190745","0.758825274399","0.446751705725"
"223","0.695541560368","0.758825274399","0.450904776031"
"224","0.695568377336","0.758825274399","0.444675170573"
"225","0.695976653812","0.758825274399","0.441115396025"
"226","0.695463452981","0.758825274399","0.450311480273"
"227","0.695721328982","0.758825274399","0.447048353604"
"228","0.69632230792","0.758825274399","0.425096410561"
"229","0.696288727381","0.758825274399","0.418570157223"
"230","0.696736902996","0.758825274399","0.44526846633"
"231","0.696550904776","0.758825274399","0.436072382082"
"232","0.695852892317","0.758825274399","0.44259863542"
"233","0.697125066746","0.758825274399","0.426876297834"
"234","0.697081400178","0.758825274399","0.438445565114"
"235","0.697021328982","0.758825274399","0.447641649362"
"236","0.696640106793","0.758825274399","0.430139424503"
"237","0.697137466627","0.758825274399","0.418570157223"
"238","0.696609374073","0.758825274399","0.451498071789"
"239","0.696137852269","0.758825274399","0.441115396025"
"240","0.696777128449","0.758825274399","0.433402551172"
"241","0.696898516761","0.758825274399","0.454167902699"
"242","0.696572471077","0.758825274399","0.428656185108"
"243","0.696722485909","0.758825274399","0.44823494512"
"244","0.696969741916","0.758825274399","0.448531592999"
"245","0.696280747553","0.758825274399","0.440225452388"
"246","0.696846989024","0.758825274399","0.46277069119"
"247","0.696698902403","0.758825274399","0.4598042124"
"248","0.69631326016","0.758825274399","0.452684663305"
"249","0.696777514091","0.758825274399","0.42242657965"
"250","0.697533194898","0.758825274399","0.41679026995"
"251","0.697666538119","0.758825274399","0.441708691783"
"252","0.697730999703","0.758825274399","0.43666567784"
"253","0.697939928805","0.758825274399","0.465737169979"
"254","0.698071788787","0.758825274399","0.427172945713"
"255","0.697680243251","0.758825274399","0.442005339662"
"256","0.697835034115","0.758825274399","0.451794719668"
"257","0.697863393652","0.758825274399","0.420646692376"
"258","0.697619133788","0.758825274399","0.41679026995"
"259","0.697949777514","0.758825274399","0.457727677247"
"260","0.697998961732","0.758825274399","0.463660634826"
"261","0.698057015722","0.758825274399","0.438445565114"
"262","0.69787689113","0.758825274399","0.4598042124"
"263","0.69776778404","0.758825274399","0.429546128745"
"264","0.698080035598","0.758825274399","0.412340551765"
"265","0.697991070899","0.758825274399","0.458617620884"
"266","0.697920528033","0.758825274399","0.452981311184"
"267","0.698352447345","0.758825274399","0.462474043311"
"268","0.698229902106","0.758825274399","0.443488579057"
"269","0.697607890834","0.758825274399","0.457134381489"
"270","0.697969237615","0.758825274399","0.446455057846"
"271","0.698000355977","0.758825274399","0.460990803916"
"272","0.698640166123","0.758825274399","0.397804805696"
"273","0.698208039158","0.758825274399","0.448531592999"
"274","0.698152773658","0.758825274399","0.444378522694"
"275","0.697902966479","0.758825274399","0.425689706319"
"276","0.697754761198","0.758825274399","0.424799762682"
"277","0.698138445565","0.758825274399","0.427172945713"
"278","0.698203886087","0.758825274399","0.451794719668"
"279","0.698788638386","0.758825274399","0.444378522694"
"280","0.698780213586","0.758825274399","0.447938297241"
"281","0.698806081282","0.758825274399","0.450014832394"
"282","0.698882112133","0.758825274399","0.439038860872"
"283","0.698620350044","0.758825274399","0.441115396025"
"284","0.699256511421","0.758825274399","0.439928804509"
"285","0.698873242361","0.758825274399","0.429546128745"
"286","0.698353277959","0.758825274399","0.45683773361"
"287","0.698887184812","0.758825274399","0.444971818451"
"288","0.698949213883","0.758825274399","0.449421536636"
"289","0.699178048057","0.758825274399","0.447938297241"
"290","0.698840166123","0.758825274399","0.446455057846"
"291","0.698625304064","0.758825274399","0.429249480866"
"292","0.698929160487","0.758825274399","0.443785226936"
"293","0.698681251854","0.758825274399","0.421239988134"
"294","0.698186354198","0.758825274399","0.451794719668"
"295","0.699545090478","0.758825274399","0.420350044497"
"296","0.700196351231","0.758825274399","0.457431029368"
"297","0.698927528923","0.758825274399","0.433699199051"
"298","0.699455591813","0.758825274399","0.427469593592"
"299","0.699531948977","0.758825274399","0.458024325126"
"300","0.699671343815","0.758825274399","0.442005339662"
"301","0.699277603085","0.758825274399","0.421536636013"
"302","0.70011326016","0.758825274399","0.464550578463"
"303","0.700068288342","0.758825274399","0.462474043311"
"304","0.700497567487","0.758825274399","0.461287451795"
"305","0.699556096114","0.758825274399","0.39928804509"
"306","0.699813349155","0.758825274399","0.437258973598"
"307","0.699888074755","0.758825274399","0.420350044497"
"308","0.700224087808","0.758825274399","0.451498071789"
"309","0.700057905666","0.758825274399","0.450608128152"
"310","0.699937585286","0.758825274399","0.449718184515"
"311","0.699737852269","0.758825274399","0.457727677247"
"312","0.699535746069","0.758825274399","0.429249480866"
"313","0.699384692969","0.758825274399","0.423316523287"
"314","0.69904615841","0.758825274399","0.422723227529"
"315","0.700299851676","0.758825274399","0.460397508158"
"316","0.700005487986","0.758825274399","0.468110353011"
"317","0.700169118956","0.758825274399","0.44526846633"
"318","0.70021115396","0.758825274399","0.427172945713"
"319","0.699326194008","0.758825274399","0.428359537229"
"320","0.700011598932","0.758825274399","0.452981311184"
"321","0.699772827054","0.759121922278","0.436962325719"
"322","0.699458469297","0.759121922278","0.450904776031"
"323","0.699884129338","0.759121922278","0.458320973005"
"324","0.699886502522","0.759121922278","0.444675170573"
"325","0.700031177692","0.759121922278","0.392761791753"
"326","0.699276564818","0.759121922278","0.454761198457"
"327","0.699697775141","0.759121922278","0.431622663898"
"328","0.699750548799","0.759121922278","0.460100860279"
"329","0.700166449125","0.759121922278","0.458914268763"
"330","0.700646751706","0.759121922278","0.433105903293"
"331","0.700303826758","0.759121922278","0.406407594186"
"332","0.699770275883","0.759121922278","0.424503114803"
"333","0.70003562741","0.759121922278","0.446158409967"
"334","0.700296914862","0.759121922278","0.432215959656"
"335","0.700780124592","0.759121922278","0.42242657965"
"336","0.700504538713","0.759121922278","0.451498071789"
"337","0.700512221893","0.759121922278","0.446158409967"
"338","0.700506555918","0.759121922278","0.452684663305"
"339","0.700924799763","0.759121922278","0.463957282705"
"340","0.700770453871","0.759121922278","0.447938297241"
"341","0.700948501928","0.759121922278","0.446455057846"
"342","0.700854642539","0.759121922278","0.448531592999"
"343","0.700505191338","0.759121922278","0.463363986947"
"344","0.700594956986","0.759121922278","0.426876297834"
"345","0.700412192228","0.759121922278","0.424503114803"
"346","0.700929753782","0.759121922278","0.454761198457"
"347","0.70119584693","0.759121922278","0.436369029961"
"348","0.700900563631","0.759121922278","0.453277959063"
"349","0.700504449718","0.759121922278","0.438742212993"
"350","0.701075259567","0.759121922278","0.436072382082"
"351","0.701191041234","0.759121922278","0.411153960249"
"352","0.701420439039","0.759121922278","0.439038860872"
"353","0.701730673391","0.759121922278","0.423909819045"
"354","0.701317057253","0.759121922278","0.46840700089"
"355","0.701941352714","0.759121922278","0.433105903293"
"356","0.701709225749","0.759121922278","0.455651142094"
"357","0.701875793533","0.759121922278","0.450014832394"
"358","0.702161851083","0.759121922278","0.460397508158"
"359","0.702192732127","0.759418570157","0.443488579057"
"360","0.700862533373","0.759418570157","0.449421536636"
"361","0.700690240285","0.759418570157","0.454167902699"
"362","0.700533906853","0.759418570157","0.458617620884"
"363","0.701071759122","0.759418570157","0.460100860279"
"364","0.701196113913","0.759418570157","0.457727677247"
"365","0.701454761198","0.759418570157","0.425689706319"
"366","0.701720231385","0.759418570157","0.466627113616"
"367","0.70147478493","0.759418570157","0.456541085731"
"368","0.701585968555","0.759418570157","0.442301987541"
"369","0.701763452981","0.759418570157","0.463067339069"
"370","0.701944348858","0.759418570157","0.456541085731"
"371","0.70249299911","0.759418570157","0.4654405221"
"372","0.701677336102","0.759418570157","0.468110353011"
"373","0.701738504895","0.759418570157","0.409374072975"
"374","0.701494274696","0.759418570157","0.459507564521"
"375","0.701791901513","0.759418570157","0.438445565114"
"376","0.701640136458","0.759418570157","0.44259863542"
"377","0.702231948977","0.759418570157","0.444378522694"
"378","0.701989795313","0.759418570157","0.468110353011"
"379","0.701809522397","0.759418570157","0.455057846336"
"380","0.702090981904","0.759418570157","0.420350044497"
"381","0.701734707802","0.759418570157","0.435479086325"
"382","0.702180955206","0.759418570157","0.4654405221"
"383","0.700896647879","0.759418570157","0.422723227529"
"384","0.701479204984","0.759418570157","0.450311480273"
"385","0.702645031148","0.759418570157","0.448531592999"
"386","0.702301839217","0.759418570157","0.460990803916"
"387","0.702211628597","0.759418570157","0.437258973598"
"388","0.701876060516","0.759418570157","0.421536636013"
"389","0.702246010086","0.759418570157","0.451794719668"
"390","0.702508780777","0.759418570157","0.450014832394"
"391","0.702245861762","0.759418570157","0.451794719668"
"392","0.702116226639","0.759418570157","0.460990803916"
"393","0.70251604865","0.759418570157","0.44259863542"
"394","0.702393266093","0.759418570157","0.43963215663"
"395","0.702611776921","0.759418570157","0.469296944527"
"396","0.702156363097","0.759418570157","0.448531592999"
"397","0.70241183625","0.759418570157","0.454167902699"
"398","0.702397092851","0.759418570157","0.465143874221"
"399","0.702582052803","0.759418570157","0.463660634826"
"400","0.702910738653","0.759418570157","0.466627113616"
"401","0.702848917235","0.759418570157","0.446751705725"
"402","0.703487689113","0.759418570157","0.460990803916"
"403","0.703322515574","0.759418570157","0.4654405221"
"404","0.702778493029","0.759418570157","0.43963215663"
"405","0.703421477306","0.759418570157","0.446455057846"
"406","0.703351349748","0.759418570157","0.480569563928"
"407","0.703388193414","0.759418570157","0.452091367547"
"408","0.702439394838","0.759715218036","0.407594185702"
"409","0.702311361614","0.759715218036","0.436369029961"
"410","0.702551676061","0.759715218036","0.46840700089"
"411","0.703241412044","0.759715218036","0.456541085731"
"412","0.703325363394","0.759715218036","0.452388015426"
"413","0.702873301691","0.759715218036","0.431622663898"
"414","0.703294571344","0.759715218036","0.470186888164"
"415","0.702999792346","0.759715218036","0.449421536636"
"416","0.703081518837","0.759715218036","0.447048353604"
"417","0.702672352418","0.759715218036","0.443488579057"
"418","0.702623702166","0.759715218036","0.453277959063"
"419","0.702173628004","0.759715218036","0.458617620884"
"420","0.702670542866","0.759715218036","0.455057846336"
"421","0.702856481756","0.759715218036","0.446455057846"
"422","0.702864847226","0.759715218036","0.471966775438"
"423","0.702831948977","0.759715218036","0.441708691783"
"424","0.703446692376","0.759715218036","0.459507564521"
"425","0.703357490359","0.759715218036","0.433402551172"
"426","0.703429991101","0.759715218036","0.450311480273"
"427","0.703640700089","0.759715218036","0.450904776031"
"428","0.703359833877","0.759715218036","0.429249480866"
"429","0.703821150994","0.759715218036","0.441412043904"
"430","0.703613171166","0.759715218036","0.468110353011"
"431","0.703191456541","0.759715218036","0.420350044497"
"432","0.703560516167","0.759715218036","0.427172945713"
"433","0.703854879858","0.759715218036","0.426876297834"
"434","0.703684010679","0.759715218036","0.443488579057"
"435","0.703853040641","0.759715218036","0.397508157817"
"436","0.703148650252","0.759715218036","0.476713141501"
"437","0.70308952833","0.759715218036","0.414713734797"
"438","0.702973509344","0.759715218036","0.444081874815"
"439","0.702947315337","0.759715218036","0.43963215663"
"440","0.704062058736","0.759715218036","0.458024325126"
"441","0.703531800653","0.759715218036","0.468703648769"
"442","0.703708484129","0.759715218036","0.449421536636"
"443","0.7029615841","0.759715218036","0.426579649956"
"444","0.70321542569","0.759715218036","0.457727677247"
"445","0.703780925541","0.759715218036","0.472560071195"
"446","0.704111480273","0.759715218036","0.466923761495"
"447","0.703361643429","0.759715218036","0.451794719668"
"448","0.703496736873","0.759715218036","0.433402551172"
"449","0.704141174726","0.759715218036","0.419163452981"
"450","0.703785404924","0.759715218036","0.453277959063"
"451","0.703695134975","0.759715218036","0.447641649362"
"452","0.703402907149","0.759715218036","0.457727677247"
"453","0.703568288342","0.759715218036","0.458320973005"
"454","0.703809136755","0.759715218036","0.449421536636"
"455","0.704584989617","0.759715218036","0.454167902699"
"456","0.704420379709","0.759715218036","0.431622663898"
"457","0.704421506971","0.759715218036","0.459210916642"
"458","0.704226075349","0.759715218036","0.437852269356"
"459","0.704114446752","0.759715218036","0.447345001483"
"460","0.70358531593","0.759715218036","0.415010382676"
"461","0.703746039751","0.759715218036","0.457727677247"
"462","0.704085849896","0.759715218036","0.453574606942"
"463","0.703974369623","0.759715218036","0.460100860279"
"464","0.703491159893","0.759715218036","0.445861762088"
"465","0.70347626817","0.759715218036","0.455651142094"
"466","0.704342064669","0.759715218036","0.423909819045"
"467","0.704396024918","0.759715218036","0.458024325126"
"468","0.704817591219","0.759715218036","0.470483536043"
"469","0.704971699792","0.759715218036","0.450608128152"
"470","0.704461880748","0.759715218036","0.437852269356"
"471","0.704866953426","0.759715218036","0.447938297241"
"472","0.704368318007","0.759715218036","0.463660634826"
"473","0.704774339958","0.759715218036","0.455651142094"
"474","0.704633461881","0.759715218036","0.435775734204"
"475","0.704773687333","0.759715218036","0.46277069119"
"476","0.703912815188","0.759715218036","0.468703648769"
"477","0.704664698902","0.759715218036","0.439335508751"
"478","0.705195253634","0.759715218036","0.446455057846"
"479","0.705197241175","0.759715218036","0.469000296648"
"480","0.704226994957","0.759715218036","0.42806288935"
"481","0.704994867992","0.759715218036","0.44823494512"
"482","0.704595490952","0.759715218036","0.460100860279"
"483","0.704330703055","0.759715218036","0.460100860279"
"484","0.704223346188","0.759715218036","0.449124888757"
"485","0.704410204687","0.759715218036","0.450608128152"
"486","0.705007831504","0.759715218036","0.459507564521"
"487","0.704942479976","0.759715218036","0.464847226342"
"488","0.705049896173","0.759715218036","0.468110353011"
"489","0.705553070306","0.759715218036","0.439335508751"
"490","0.705989884307","0.759715218036","0.426283002077"
"491","0.705317057253","0.759715218036","0.439038860872"
"492","0.705110026698","0.759715218036","0.426283002077"
"493","0.704353218629","0.759715218036","0.463067339069"
"494","0.704824621774","0.759715218036","0.4654405221"
"495","0.705500296648","0.759715218036","0.452091367547"
"496","0.70523636903","0.759715218036","0.448531592999"
"497","0.704907653515","0.759715218036","0.464550578463"
"498","0.704704657372","0.759715218036","0.446158409967"
"499","0.705354612875","0.759715218036","0.450904776031"
"500","0.704105665974","0.759715218036","0.431326016019"
"501","0.704962681697","0.759715218036","0.451794719668"
"502","0.705237881934","0.759715218036","0.429546128745"
"503","0.705089409671","0.759715218036","0.435479086325"
"504","0.70540284782","0.759715218036","0.455947789973"
"505","0.704950815782","0.759715218036","0.448531592999"
"506","0.705232067636","0.759715218036","0.447938297241"
"507","0.705259744883","0.759715218036","0.461584099674"
"508","0.704727706912","0.759715218036","0.469593592406"
"509","0.705081370513","0.759715218036","0.450608128152"
"510","0.704760130525","0.759715218036","0.458024325126"
"511","0.704968436666","0.759715218036","0.452388015426"
"512","0.704837140314","0.759715218036","0.429842776624"
"513","0.7042831504","0.759715218036","0.464253930584"
"514","0.704750904776","0.759715218036","0.401957876001"
"515","0.70575805399","0.759715218036","0.475526549985"
"516","0.705309344408","0.759715218036","0.4654405221"
"517","0.70496437259","0.759715218036","0.446751705725"
"518","0.704653752596","0.759715218036","0.466330465737"
"519","0.704932512608","0.759715218036","0.452091367547"
"520","0.70515452388","0.759715218036","0.453871254821"
"521","0.706369474933","0.759715218036","0.465143874221"
"522","0.706277988727","0.760011865915","0.461880747553"
"523","0.705997686147","0.760011865915","0.47137347968"
"524","0.705262236725","0.760011865915","0.450311480273"
"525","0.704533313557","0.760011865915","0.428952832987"
"526","0.705625126075","0.760011865915","0.472560071195"
"527","0.705432453278","0.760011865915","0.43963215663"
"528","0.705727469594","0.760011865915","0.429842776624"
"529","0.705126490656","0.760011865915","0.437555621477"
"530","0.706110204687","0.760011865915","0.44259863542"
"531","0.706405398991","0.760011865915","0.461584099674"
"532","0.70615458321","0.760011865915","0.472560071195"
"533","0.70600557698","0.760011865915","0.461287451795"
"534","0.705735330762","0.760011865915","0.461287451795"
"535","0.706005487986","0.760011865915","0.452388015426"
"536","0.705426312667","0.760011865915","0.464253930584"
"537","0.705613675467","0.760011865915","0.449124888757"
"538","0.705520913675","0.760011865915","0.431919311777"
"539","0.706748056956","0.760011865915","0.453871254821"
"540","0.705889083358","0.760011865915","0.437258973598"
"541","0.705592465144","0.760011865915","0.42242657965"
"542","0.70557057253","0.760011865915","0.464847226342"
"543","0.705727914565","0.760011865915","0.422723227529"
"544","0.705958825274","0.760011865915","0.476713141501"
"545","0.705244556511","0.760011865915","0.465143874221"
"546","0.705188341738","0.760011865915","0.461287451795"
"547","0.706112993177","0.760011865915","0.42242657965"
"548","0.705651231089","0.760011865915","0.434292494809"
"549","0.705595075645","0.760011865915","0.458320973005"
"550","0.705896558885","0.760011865915","0.441708691783"
"551","0.705980599229","0.760011865915","0.46840700089"
"552","0.705580302581","0.760011865915","0.467813705132"
"553","0.705830436072","0.760011865915","0.439335508751"
"554","0.706135953723","0.760011865915","0.445861762088"
"555","0.706942064669","0.760011865915","0.440225452388"
"556","0.706323642836","0.760011865915","0.453574606942"
"557","0.706293948383","0.760011865915","0.466923761495"
"558","0.706453604272","0.760011865915","0.467220409374"
"559","0.706955235835","0.760011865915","0.447641649362"
"560","0.706498071789","0.760011865915","0.454167902699"
"561","0.706151705725","0.760011865915","0.453871254821"
"562","0.706073894987","0.760011865915","0.439928804509"
"563","0.705789053693","0.760011865915","0.463660634826"
"564","0.705944853159","0.760011865915","0.447641649362"
"565","0.706085078612","0.760011865915","0.441412043904"
"566","0.706037881934","0.760011865915","0.438742212993"
"567","0.705818243845","0.760011865915","0.463363986947"
"568","0.705574606942","0.760011865915","0.443191931178"
"569","0.705569830911","0.760011865915","0.438742212993"
"570","0.705505695639","0.760011865915","0.458024325126"
"571","0.70567069119","0.760011865915","0.456244437852"
"572","0.705507386532","0.760011865915","0.436072382082"
"573","0.70579857609","0.760011865915","0.461584099674"
"574","0.705852595669","0.760011865915","0.453277959063"
"575","0.70605390092","0.760011865915","0.436962325719"
"576","0.706696173242","0.760011865915","0.47700978938"
"577","0.706098487096","0.760011865915","0.429842776624"
"578","0.706159744883","0.760011865915","0.448828240878"
"579","0.706392702462","0.760011865915","0.446751705725"
"580","0.707148383269","0.760011865915","0.464847226342"
"581","0.707518955799","0.760011865915","0.461880747553"
"582","0.706619727084","0.760011865915","0.458914268763"
"583","0.706206615248","0.760011865915","0.463660634826"
"584","0.706878048057","0.760011865915","0.431622663898"
"585","0.706999762682","0.760011865915","0.461584099674"
"586","0.70727689113","0.760011865915","0.455651142094"
"587","0.707312904183","0.760011865915","0.474933254227"
"588","0.706525511718","0.760011865915","0.460100860279"
"589","0.706367695046","0.760308513794","0.466627113616"
"590","0.706040255117","0.760308513794","0.444081874815"
"591","0.705984218333","0.760308513794","0.452684663305"
"592","0.706495757935","0.760308513794","0.454761198457"
"593","0.706364698902","0.760308513794","0.447048353604"
"594","0.706707772174","0.760308513794","0.45683773361"
"595","0.706399614358","0.760308513794","0.460397508158"
"596","0.706316760605","0.760308513794","0.451498071789"
"597","0.706618273509","0.760308513794","0.479086324533"
"598","0.706878493029","0.760308513794","0.44823494512"
"599","0.706629724117","0.760308513794","0.44526846633"
"600","0.706536843667","0.760308513794","0.451794719668"
"601","0.707054761198","0.760308513794","0.449718184515"
"602","0.707440640759","0.760308513794","0.465737169979"
"603","0.707658765945","0.760308513794","0.48264609908"
"604","0.706714239098","0.760308513794","0.469000296648"
"605","0.706424117473","0.760308513794","0.439335508751"
"606","0.707067250074","0.760308513794","0.487392465144"
"607","0.706672589736","0.760308513794","0.455057846336"
"608","0.706962118066","0.760308513794","0.452091367547"
"609","0.706799851676","0.760308513794","0.43102936814"
"610","0.706641738357","0.760308513794","0.468703648769"
"611","0.706417828538","0.760308513794","0.480866211807"
"612","0.70584690003","0.760308513794","0.453574606942"
"613","0.706174250964","0.760308513794","0.450311480273"
"614","0.70674820528","0.760308513794","0.452388015426"
"615","0.707110145357","0.760308513794","0.467517057253"
"616","0.706443429249","0.760308513794","0.460397508158"
"617","0.706525511718","0.760308513794","0.458024325126"
"618","0.706843696233","0.760308513794","0.458914268763"
"619","0.706833550875","0.760308513794","0.467813705132"
"620","0.70672242658","0.760308513794","0.451794719668"
"621","0.707669148621","0.760308513794","0.457134381489"
"622","0.707651409077","0.760308513794","0.455651142094"
"623","0.707846455058","0.760308513794","0.466033817858"
"624","0.708061554435","0.760308513794","0.458320973005"
"625","0.707488015426","0.760308513794","0.43666567784"
"626","0.706645802433","0.760308513794","0.451794719668"
"627","0.707180717888","0.760308513794","0.468110353011"
"628","0.706239602492","0.760308513794","0.459507564521"
"629","0.706815277366","0.760308513794","0.464847226342"
"630","0.707914090774","0.760308513794","0.44259863542"
"631","0.707159893207","0.760308513794","0.464253930584"
"632","0.706873657668","0.760308513794","0.466033817858"
"633","0.707594156037","0.760308513794","0.477603085138"
"634","0.707935835064","0.760308513794","0.464253930584"
"635","0.707925185405","0.760308513794","0.472560071195"
"636","0.707378908336","0.760308513794","0.431622663898"
"637","0.70755452388","0.760308513794","0.44526846633"
"638","0.70749715218","0.760308513794","0.447938297241"
"639","0.707159685553","0.760308513794","0.446751705725"
"640","0.707364639573","0.760308513794","0.461880747553"
"641","0.707598813408","0.760308513794","0.46840700089"
"642","0.708011658262","0.760308513794","0.467517057253"
"643","0.707911598932","0.760308513794","0.450311480273"
"644","0.707873242361","0.760308513794","0.468703648769"
"645","0.707523939484","0.760308513794","0.470483536043"
"646","0.707251498072","0.760308513794","0.487985760902"
"647","0.706762800356","0.760308513794","0.456541085731"
"648","0.707365885494","0.760308513794","0.458024325126"
"649","0.708138920202","0.760308513794","0.457431029368"
"650","0.707911005636","0.760308513794","0.453574606942"
"651","0.708077840403","0.760308513794","0.460694156037"
"652","0.707767072085","0.760308513794","0.449124888757"
"653","0.708280213586","0.760308513794","0.450904776031"
"654","0.708033550875","0.760308513794","0.463660634826"
"655","0.707502610501","0.760308513794","0.444675170573"
"656","0.707441501038","0.760308513794","0.473746662711"
"657","0.707635983388","0.760308513794","0.467517057253"
"658","0.708163215663","0.760308513794","0.450014832394"
"659","0.707446692376","0.760308513794","0.467220409374"
"660","0.707920142391","0.760308513794","0.438742212993"
"661","0.708055028182","0.760308513794","0.469890240285"
"662","0.708191842183","0.760308513794","0.458320973005"
"663","0.707567754376","0.760308513794","0.454464550578"
"664","0.70788048057","0.760308513794","0.470780183922"
"665","0.708135449422","0.760308513794","0.458320973005"
"666","0.707835508751","0.760308513794","0.444971818451"
"667","0.707644348858","0.760308513794","0.478493028775"
"668","0.707376713142","0.760308513794","0.429842776624"
"669","0.707757905666","0.760308513794","0.469593592406"
"670","0.707786532186","0.760308513794","0.46277069119"
"671","0.707878493029","0.760308513794","0.451498071789"
"672","0.70762652032","0.760308513794","0.457431029368"
"673","0.707542183328","0.760308513794","0.453871254821"
"674","0.70782230792","0.760308513794","0.453871254821"
"675","0.707531978641","0.760308513794","0.467517057253"
"676","0.707566449125","0.760308513794","0.430732720261"
"677","0.708143191931","0.760308513794","0.457431029368"
"678","0.708210382676","0.760308513794","0.463957282705"
"679","0.708220172056","0.760308513794","0.474339958469"
"680","0.70809715218","0.760308513794","0.481756155443"
"681","0.707844764165","0.760308513794","0.466627113616"
"682","0.70801331949","0.760308513794","0.468703648769"
"683","0.708019489766","0.760308513794","0.464847226342"
"684","0.707976001187","0.760308513794","0.456244437852"
"685","0.707066864432","0.760308513794","0.42806288935"
"686","0.707860041531","0.760308513794","0.47137347968"
"687","0.707614090774","0.760308513794","0.436369029961"
"688","0.707679560961","0.760308513794","0.438742212993"
"689","0.707778641353","0.760308513794","0.46840700089"
"690","0.707935330762","0.760308513794","0.464550578463"
"691","0.708071551468","0.760308513794","0.467517057253"
"692","0.708077781074","0.760308513794","0.443785226936"
"693","0.708927736577","0.760308513794","0.475823197864"
"694","0.708813556808","0.760308513794","0.446158409967"
"695","0.70802862652","0.760308513794","0.438148917235"
"696","0.70756784337","0.760308513794","0.470780183922"
"697","0.707547789973","0.760308513794","0.468703648769"
"698","0.708427736577","0.760308513794","0.478789676654"
"699","0.70842521507","0.760308513794","0.442301987541"
"700","0.708461050133","0.760308513794","0.469296944527"
"701","0.708615336695","0.760308513794","0.451794719668"
"702","0.707827232275","0.760308513794","0.43963215663"
"703","0.708681192524","0.760308513794","0.444675170573"
"704","0.708453366953","0.760308513794","0.469890240285"
"705","0.707848561258","0.760308513794","0.461880747553"
"706","0.707590002966","0.760308513794","0.462474043311"
"707","0.707888668051","0.760308513794","0.445565114209"
"708","0.708491337882","0.760308513794","0.461880747553"
"709","0.708313675467","0.760308513794","0.468110353011"
"710","0.708415574014","0.760308513794","0.407297537823"
"711","0.707681133195","0.760308513794","0.443785226936"
"712","0.708349925838","0.760308513794","0.447938297241"
"713","0.708268792643","0.760308513794","0.471076831801"
"714","0.70835179472","0.760308513794","0.468110353011"
"715","0.708242895283","0.760308513794","0.461880747553"
"716","0.709136339365","0.760308513794","0.46277069119"
"717","0.708112043904","0.760308513794","0.450904776031"
"718","0.708129664788","0.760308513794","0.428952832987"
"719","0.708940640759","0.760308513794","0.446158409967"
"720","0.708392613468","0.760308513794","0.386828834174"
"721","0.708319222783","0.760308513794","0.460990803916"
"722","0.708294007713","0.760308513794","0.441412043904"
"723","0.708023880154","0.760308513794","0.448828240878"
"724","0.708250934441","0.760308513794","0.447345001483"
"725","0.708604746366","0.760308513794","0.460100860279"
"726","0.708473094037","0.760308513794","0.456541085731"
"727","0.708817680214","0.760308513794","0.470186888164"
"728","0.708849777514","0.760308513794","0.47404331059"
"729","0.708411776921","0.760308513794","0.479679620291"
"730","0.708812607535","0.760308513794","0.439038860872"
"731","0.708358439632","0.760308513794","0.452091367547"
"732","0.708762503708","0.760308513794","0.443785226936"
"733","0.708695223969","0.760308513794","0.458320973005"
"734","0.707792643133","0.760308513794","0.407000889944"
"735","0.707815129042","0.760308513794","0.462177395432"
"736","0.707938237912","0.760308513794","0.466627113616"
"737","0.707748828241","0.760308513794","0.446158409967"
"738","0.708168851973","0.760308513794","0.446455057846"
"739","0.708010056363","0.760308513794","0.446751705725"
"740","0.70819374073","0.760308513794","0.438148917235"
"741","0.708081192524","0.760308513794","0.455057846336"
"742","0.708524918422","0.760308513794","0.452388015426"
"743","0.708600207654","0.760308513794","0.440522100267"
"744","0.709124028478","0.760308513794","0.469000296648"
"745","0.70867689113","0.760308513794","0.473746662711"
"746","0.708093651735","0.760308513794","0.441708691783"
"747","0.708241412044","0.760308513794","0.45683773361"
"748","0.708522545239","0.760308513794","0.426579649956"
"749","0.709089320676","0.760308513794","0.472263423317"
"750","0.709022782557","0.760308513794","0.453277959063"
"751","0.709644704835","0.760308513794","0.450904776031"
"752","0.709023969149","0.760308513794","0.435479086325"
"753","0.708063986947","0.760308513794","0.446158409967"
"754","0.707815840997","0.760308513794","0.466330465737"
"755","0.708865173539","0.760308513794","0.454167902699"
"756","0.709189231682","0.760308513794","0.463957282705"
"757","0.709239661821","0.760308513794","0.458617620884"
"758","0.709124948087","0.760308513794","0.463067339069"
"759","0.70913705132","0.760308513794","0.463660634826"
"760","0.70836641946","0.760308513794","0.460694156037"
"761","0.708073628004","0.760308513794","0.452388015426"
"762","0.708292049837","0.760308513794","0.471076831801"
"763","0.708836042717","0.760308513794","0.44526846633"
"764","0.708515099377","0.760308513794","0.461584099674"
"765","0.708486116879","0.760308513794","0.445861762088"
"766","0.708776357164","0.760308513794","0.449124888757"
"767","0.709168021359","0.760308513794","0.447938297241"
"768","0.709217086918","0.760308513794","0.445565114209"
"769","0.709242539306","0.760308513794","0.456244437852"
"770","0.708638178582","0.760308513794","0.451498071789"
"771","0.708904865025","0.760308513794","0.460397508158"
"772","0.70927069119","0.760308513794","0.458024325126"
"773","0.708567398398","0.760308513794","0.463363986947"
"774","0.70904888757","0.760308513794","0.440225452388"
"775","0.708514120439","0.760308513794","0.450311480273"
"776","0.709363067339","0.760308513794","0.455057846336"
"777","0.709051557401","0.760308513794","0.43963215663"
"778","0.709002996144","0.760308513794","0.45683773361"
"779","0.708730465737","0.760308513794","0.472263423317"
"780","0.708751082765","0.760308513794","0.459507564521"
"781","0.708653485613","0.760308513794","0.479382972412"
"782","0.709046722041","0.760308513794","0.47404331059"
"783","0.708998932068","0.760308513794","0.484425986354"
"784","0.709370038564","0.760308513794","0.440225452388"
"785","0.709076386829","0.760308513794","0.458914268763"
"786","0.708979857609","0.760308513794","0.459210916642"
"787","0.709235330762","0.760308513794","0.435182438446"
"788","0.708820083061","0.760308513794","0.462177395432"
"789","0.708999881341","0.760308513794","0.491842183328"
"790","0.70876573717","0.760308513794","0.449718184515"
"791","0.709045654109","0.760308513794","0.476713141501"
"792","0.709785642243","0.760308513794","0.475526549985"
"793","0.709602402848","0.760308513794","0.461880747553"
"794","0.709360249184","0.760308513794","0.445861762088"
"795","0.709159181252","0.760308513794","0.433105903293"
"796","0.709121150994","0.760308513794","0.48264609908"
"797","0.70932447345","0.760308513794","0.442005339662"
"798","0.708564669238","0.760308513794","0.463957282705"
"799","0.710063245328","0.760308513794","0.458914268763"
"800","0.709420676357","0.760308513794","0.475526549985"
"801","0.70932930881","0.760308513794","0.476713141501"
"802","0.708511806586","0.760308513794","0.460990803916"
"803","0.708937703945","0.760308513794","0.479086324533"
"804","0.709088193414","0.760308513794","0.475823197864"
"805","0.709162414714","0.760308513794","0.47404331059"
"806","0.708926727974","0.760308513794","0.469593592406"
"807","0.708940314447","0.760308513794","0.468703648769"
"808","0.708918421833","0.760308513794","0.460694156037"
"809","0.708202818155","0.760308513794","0.483832690596"
"810","0.708822545239","0.760308513794","0.463363986947"
"811","0.708685701572","0.760308513794","0.478789676654"
"812","0.709408810442","0.760308513794","0.452981311184"
"813","0.709789676654","0.760308513794","0.460694156037"
"814","0.708800563631","0.760308513794","0.475526549985"
"815","0.708767190745","0.760308513794","0.439928804509"
"816","0.708951201424","0.760308513794","0.484722634233"
"817","0.709026787303","0.760308513794","0.42539305844"
"818","0.709489409671","0.760308513794","0.415900326313"
"819","0.709219549095","0.760308513794","0.443785226936"
"820","0.709326134678","0.760308513794","0.465143874221"
"821","0.709705932958","0.760308513794","0.444378522694"
"822","0.709101305251","0.760308513794","0.472856719074"
"823","0.709759715218","0.760308513794","0.450904776031"
"824","0.709307386532","0.760308513794","0.467813705132"
"825","0.709149925838","0.760308513794","0.463067339069"
"826","0.709283832691","0.760308513794","0.455651142094"
"827","0.709092168496","0.760308513794","0.430436072382"
"828","0.710138297241","0.760308513794","0.463067339069"
"829","0.709203767428","0.760308513794","0.472560071195"
"830","0.709214179769","0.760308513794","0.458024325126"
"831","0.709155740136","0.760308513794","0.453871254821"
"832","0.709419104123","0.760308513794","0.452981311184"
"833","0.709478166716","0.760308513794","0.478493028775"
"834","0.709756719074","0.760308513794","0.451498071789"
"835","0.710635716405","0.760308513794","0.454464550578"
"836","0.710328211213","0.760308513794","0.478196380896"
"837","0.710310412341","0.760308513794","0.456244437852"
"838","0.709338920202","0.760308513794","0.454761198457"
"839","0.709363185998","0.760308513794","0.434589142688"
"840","0.709082438446","0.760308513794","0.479382972412"
"841","0.709479382972","0.760308513794","0.466627113616"
"842","0.709787748443","0.760308513794","0.458320973005"
"843","0.708965351528","0.760308513794","0.474636606348"
"844","0.709115663008","0.760308513794","0.46840700089"
"845","0.709094512014","0.760308513794","0.429249480866"
"846","0.710093384752","0.760308513794","0.452684663305"
"847","0.709150341145","0.760308513794","0.441412043904"
"848","0.71042862652","0.760308513794","0.459210916642"
"849","0.710170661525","0.760308513794","0.436962325719"
"850","0.709359299911","0.760308513794","0.444378522694"
"851","0.709258617621","0.760308513794","0.437852269356"
"852","0.709640967072","0.760308513794","0.435775734204"
"853","0.709873301691","0.760308513794","0.478196380896"
"854","0.709687273806","0.760308513794","0.45683773361"
"855","0.710135330762","0.760308513794","0.467813705132"
"856","0.709934707802","0.760308513794","0.46277069119"
"857","0.710018036191","0.760308513794","0.458320973005"
"858","0.710444319193","0.760308513794","0.469593592406"
"859","0.70980005933","0.760308513794","0.452684663305"
"860","0.710705132008","0.760308513794","0.4598042124"
"861","0.70951747256","0.760308513794","0.461287451795"
"862","0.709235390092","0.760308513794","0.463957282705"
"863","0.710041174726","0.760308513794","0.472560071195"
"864","0.710052210027","0.760308513794","0.442895283299"
"865","0.709676772471","0.760308513794","0.439928804509"
"866","0.710257045387","0.760308513794","0.474933254227"
"867","0.709609403738","0.760308513794","0.466330465737"
"868","0.710207772174","0.760308513794","0.455057846336"
"869","0.710460545832","0.760308513794","0.475229902106"
"870","0.710523939484","0.760308513794","0.457134381489"
"871","0.710062503708","0.760308513794","0.462177395432"
"872","0.710350815782","0.760308513794","0.454761198457"
"873","0.710770453871","0.760308513794","0.447938297241"
"874","0.710883684367","0.760308513794","0.46277069119"
"875","0.710311480273","0.760308513794","0.476416493622"
"876","0.710070987837","0.760308513794","0.468110353011"
"877","0.710607534856","0.760308513794","0.421833283892"
"878","0.710687956096","0.760308513794","0.464847226342"
"879","0.710510886977","0.760308513794","0.463660634826"
"880","0.71047410264","0.760308513794","0.464253930584"
"881","0.710082942747","0.760308513794","0.474636606348"
"882","0.710308276476","0.760308513794","0.42242657965"
"883","0.71014336992","0.760308513794","0.473450014832"
"884","0.711124117473","0.760308513794","0.434589142688"
"885","0.709935775734","0.760308513794","0.445565114209"
"886","0.710163304657","0.760308513794","0.479679620291"
"887","0.71008810442","0.760308513794","0.440522100267"
"888","0.710212192228","0.760308513794","0.437852269356"
"889","0.710793592406","0.760308513794","0.437258973598"
"890","0.710020795016","0.760308513794","0.469593592406"
"891","0.710348412934","0.760308513794","0.467517057253"
"892","0.710081044201","0.760308513794","0.469000296648"
"893","0.709520557698","0.760308513794","0.439928804509"
"894","0.709811242955","0.760308513794","0.436962325719"
"895","0.70954621774","0.760308513794","0.43963215663"
"896","0.710269504598","0.760308513794","0.475526549985"
"897","0.709603648769","0.760308513794","0.454761198457"
"898","0.710193592406","0.760308513794","0.457431029368"
"899","0.711097508158","0.760308513794","0.470483536043"
"900","0.710667695046","0.760308513794","0.452388015426"
"901","0.710416374963","0.760308513794","0.458320973005"
"902","0.710500118659","0.760308513794","0.453574606942"
"903","0.71076431326","0.760308513794","0.457727677247"
"904","0.710508513794","0.760308513794","0.466627113616"
"905","0.710414595076","0.760308513794","0.449124888757"
"906","0.710258350638","0.760308513794","0.474339958469"
"907","0.710707979828","0.760308513794","0.466330465737"
"908","0.7100063186","0.760308513794","0.467517057253"
"909","0.7111936814","0.760308513794","0.461584099674"
"910","0.710772975378","0.760308513794","0.477899733017"
"911","0.710015218036","0.760308513794","0.4654405221"
"912","0.710505191338","0.760308513794","0.464847226342"
"913","0.710344319193","0.760308513794","0.466627113616"
"914","0.710467428063","0.760308513794","0.470483536043"
"915","0.710147671314","0.760308513794","0.467517057253"
"916","0.71055099377","0.760308513794","0.466033817858"
"917","0.710784959953","0.760308513794","0.473153366953"
"918","0.709586888164","0.760308513794","0.472263423317"
"919","0.710209077425","0.760308513794","0.468703648769"
"920","0.710559032928","0.760308513794","0.421833283892"
"921","0.710306229605","0.760308513794","0.455947789973"
"922","0.711015188371","0.760308513794","0.468703648769"
"923","0.710764758232","0.760308513794","0.44526846633"
"924","0.7101978938","0.760308513794","0.467517057253"
"925","0.710271551468","0.760308513794","0.472560071195"
"926","0.710458973598","0.760308513794","0.423909819045"
"927","0.710673509344","0.760308513794","0.456244437852"
"928","0.710551883714","0.760308513794","0.469296944527"
"929","0.710301097597","0.760308513794","0.463660634826"
"930","0.711010590329","0.760308513794","0.466033817858"
"931","0.710292138831","0.760308513794","0.47700978938"
"932","0.710181340848","0.760308513794","0.472560071195"
"933","0.710232660931","0.760308513794","0.467813705132"
"934","0.710770424206","0.760308513794","0.466923761495"
"935","0.71058042124","0.760308513794","0.452684663305"
"936","0.710402017206","0.760308513794","0.470483536043"
"937","0.710555146841","0.760308513794","0.469890240285"
"938","0.710200504301","0.760308513794","0.460990803916"
"939","0.710574577277","0.760308513794","0.448828240878"
"940","0.710606170276","0.760308513794","0.453871254821"
"941","0.709931296351","0.760308513794","0.475823197864"
"942","0.710602521507","0.760308513794","0.482942746959"
"943","0.710580450905","0.760308513794","0.490655591813"
"944","0.710860486503","0.760308513794","0.461584099674"
"945","0.710932868585","0.760308513794","0.464847226342"
"946","0.7104594779","0.760308513794","0.474933254227"
"947","0.710792761792","0.760308513794","0.473153366953"
"948","0.710482112133","0.760308513794","0.473746662711"
"949","0.71091400178","0.760308513794","0.453277959063"
"950","0.711015307031","0.760308513794","0.457431029368"
"951","0.710777128449","0.760308513794","0.461287451795"
"952","0.711040166123","0.760308513794","0.477306437259"
"953","0.71055879561","0.760308513794","0.469890240285"
"954","0.711153604272","0.760308513794","0.477603085138"
"955","0.711159388905","0.760308513794","0.474636606348"
"956","0.710753693266","0.760308513794","0.474933254227"
"957","0.711398694749","0.760308513794","0.475229902106"
"958","0.710715455354","0.760308513794","0.472856719074"
"959","0.710778433699","0.760308513794","0.468703648769"
"960","0.711581667161","0.760308513794","0.454464550578"
"961","0.711132186295","0.760308513794","0.469593592406"
"962","0.710737199644","0.760308513794","0.471076831801"
"963","0.710715129042","0.760308513794","0.453574606942"
"964","0.710635568081","0.760308513794","0.465143874221"
"965","0.710165826164","0.760308513794","0.488282408781"
"966","0.710136873331","0.760308513794","0.449718184515"
"967","0.71060347078","0.760308513794","0.489469000297"
"968","0.710795461287","0.760308513794","0.462177395432"
"969","0.710859982201","0.760308513794","0.441115396025"
"970","0.710425600712","0.760308513794","0.465143874221"
"971","0.710641708692","0.760308513794","0.458617620884"
"972","0.71070142391","0.760308513794","0.473153366953"
"973","0.711048917235","0.760308513794","0.390981904479"
"974","0.710698160783","0.760308513794","0.474933254227"
"975","0.710675734204","0.760308513794","0.434885790567"
"976","0.711044081875","0.760308513794","0.477899733017"
"977","0.710770513201","0.760308513794","0.467813705132"
"978","0.710324621774","0.760308513794","0.458024325126"
"979","0.710702491842","0.760308513794","0.440522100267"
"980","0.710330910709","0.760308513794","0.470483536043"
"981","0.710919341442","0.760308513794","0.464253930584"
"982","0.711209433403","0.760308513794","0.41382379116"
"983","0.711118688816","0.760308513794","0.45683773361"
"984","0.711163779294","0.760308513794","0.474933254227"
"985","0.710911272619","0.760308513794","0.498961732424"
"986","0.711396855532","0.760308513794","0.475526549985"
"987","0.711535063779","0.760308513794","0.41679026995"
"988","0.710744259864","0.760308513794","0.457727677247"
"989","0.711270305547","0.760308513794","0.461880747553"
"990","0.710528537526","0.760308513794","0.476416493622"
"991","0.711538119252","0.760308513794","0.486502521507"
"992","0.711347849303","0.760308513794","0.46840700089"
"993","0.711572263423","0.760308513794","0.477306437259"
"994","0.711253129635","0.760308513794","0.469593592406"
"995","0.711371729457","0.760308513794","0.451794719668"
"996","0.710901186592","0.760308513794","0.457431029368"
"997","0.711057876001","0.760308513794","0.476119845743"
"998","0.711196825868","0.760308513794","0.487689113023"
"999","0.711116434292","0.760308513794","0.470186888164"
"1000","0.710412162563","0.760308513794","0.445861762088"
