"Series","Tesco 3y 1d"
"Signal","CLMI"
"Generations","1000"
"Ending","max generations were reached"
"Best Strategy","1010101001001000001010000010100010001000000010100000101010000000	","Accuracy","0.739361702128"
"Unique Strats","9697"
"0","0.500307579787","0.671542553191","0.31914893617"
"1","0.539555984043","0.676861702128","0.348404255319"
"2","0.567783643617","0.678191489362","0.337765957447"
"3","0.583265558511","0.684840425532","0.398936170213"
"4","0.591178058511","0.692819148936","0.36170212766"
"5","0.597153723404","0.699468085106","0.385638297872"
"6","0.60163125","0.699468085106","0.389627659574"
"7","0.604810638298","0.70079787234","0.413563829787"
"8","0.607274867021","0.702127659574","0.380319148936"
"9","0.610188430851","0.702127659574","0.394946808511"
"10","0.612653723404","0.702127659574","0.394946808511"
"11","0.61440412234","0.708776595745","0.406914893617"
"12","0.616369281915","0.714095744681","0.410904255319"
"13","0.618344148936","0.714095744681","0.360372340426"
"14","0.619346941489","0.714095744681","0.406914893617"
"15","0.619889760638","0.714095744681","0.421542553191"
"16","0.6212375","0.714095744681","0.398936170213"
"17","0.621576994681","0.714095744681","0.428191489362"
"18","0.622924468085","0.714095744681","0.404255319149"
"19","0.623916090426","0.714095744681","0.414893617021"
"20","0.62522393617","0.714095744681","0.396276595745"
"21","0.625957047872","0.714095744681","0.409574468085"
"22","0.62700731383","0.714095744681","0.433510638298"
"23","0.62769587766","0.714095744681","0.408244680851"
"24","0.628452659574","0.714095744681","0.390957446809"
"25","0.629426462766","0.714095744681","0.421542553191"
"26","0.630032712766","0.715425531915","0.418882978723"
"27","0.630715026596","0.715425531915","0.418882978723"
"28","0.631673404255","0.715425531915","0.408244680851"
"29","0.631929920213","0.718085106383","0.398936170213"
"30","0.632689893617","0.718085106383","0.43085106383"
"31","0.632997739362","0.718085106383","0.410904255319"
"32","0.633643882979","0.726063829787","0.422872340426"
"33","0.63365518617","0.726063829787","0.392287234043"
"34","0.634394281915","0.726063829787","0.409574468085"
"35","0.635182446809","0.726063829787","0.426861702128"
"36","0.635667553191","0.726063829787","0.432180851064"
"37","0.636173138298","0.726063829787","0.405585106383"
"38","0.635879654255","0.726063829787","0.420212765957"
"39","0.637516755319","0.726063829787","0.412234042553"
"40","0.637946542553","0.726063829787","0.426861702128"
"41","0.638125132979","0.726063829787","0.405585106383"
"42","0.638579920213","0.726063829787","0.418882978723"
"43","0.639746143617","0.726063829787","0.4375"
"44","0.639845478723","0.726063829787","0.420212765957"
"45","0.640058909574","0.726063829787","0.426861702128"
"46","0.640156648936","0.726063829787","0.43085106383"
"47","0.639878723404","0.726063829787","0.425531914894"
"48","0.63990837766","0.726063829787","0.421542553191"
"49","0.640896542553","0.728723404255","0.44414893617"
"50","0.64172287234","0.728723404255","0.436170212766"
"51","0.641648670213","0.728723404255","0.417553191489"
"52","0.642175265957","0.728723404255","0.42420212766"
"53","0.642443218085","0.728723404255","0.438829787234"
"54","0.64275837766","0.728723404255","0.43085106383"
"55","0.642485904255","0.728723404255","0.416223404255"
"56","0.643013164894","0.728723404255","0.432180851064"
"57","0.643606781915","0.728723404255","0.417553191489"
"58","0.644004255319","0.728723404255","0.445478723404"
"59","0.644492287234","0.728723404255","0.414893617021"
"60","0.644565159574","0.728723404255","0.440159574468"
"61","0.644930851064","0.728723404255","0.414893617021"
"62","0.645037367021","0.728723404255","0.404255319149"
"63","0.645245079787","0.728723404255","0.433510638298"
"64","0.64598856383","0.728723404255","0.425531914894"
"65","0.645834042553","0.728723404255","0.446808510638"
"66","0.645868882979","0.728723404255","0.43085106383"
"67","0.646624335106","0.728723404255","0.422872340426"
"68","0.646962898936","0.728723404255","0.410904255319"
"69","0.647294148936","0.728723404255","0.433510638298"
"70","0.647963031915","0.728723404255","0.409574468085"
"71","0.648047340426","0.728723404255","0.442819148936"
"72","0.648158244681","0.728723404255","0.434840425532"
"73","0.647886037234","0.728723404255","0.42420212766"
"74","0.64837087766","0.728723404255","0.417553191489"
"75","0.648623670213","0.728723404255","0.457446808511"
"76","0.649314095745","0.728723404255","0.408244680851"
"77","0.649924069149","0.728723404255","0.442819148936"
"78","0.64938018617","0.728723404255","0.438829787234"
"79","0.649920611702","0.728723404255","0.434840425532"
"80","0.649794547872","0.728723404255","0.418882978723"
"81","0.64966462766","0.728723404255","0.433510638298"
"82","0.649706648936","0.728723404255","0.452127659574"
"83","0.650155585106","0.728723404255","0.442819148936"
"84","0.649819547872","0.732712765957","0.390957446809"
"85","0.65036981383","0.732712765957","0.452127659574"
"86","0.651128856383","0.732712765957","0.442819148936"
"87","0.650360106383","0.732712765957","0.449468085106"
"88","0.651456515957","0.732712765957","0.43085106383"
"89","0.65163962766","0.732712765957","0.452127659574"
"90","0.651663696809","0.732712765957","0.389627659574"
"91","0.652482978723","0.732712765957","0.436170212766"
"92","0.652044946809","0.732712765957","0.441489361702"
"93","0.652066090426","0.732712765957","0.453457446809"
"94","0.653297074468","0.732712765957","0.446808510638"
"95","0.653389361702","0.732712765957","0.452127659574"
"96","0.652557047872","0.732712765957","0.446808510638"
"97","0.653402659574","0.732712765957","0.416223404255"
"98","0.653532180851","0.732712765957","0.434840425532"
"99","0.65351462766","0.732712765957","0.448138297872"
"100","0.653846941489","0.732712765957","0.448138297872"
"101","0.653841090426","0.732712765957","0.418882978723"
"102","0.654483909574","0.732712765957","0.4375"
"103","0.654299069149","0.732712765957","0.445478723404"
"104","0.655247473404","0.732712765957","0.434840425532"
"105","0.654331781915","0.732712765957","0.441489361702"
"106","0.654762765957","0.732712765957","0.434840425532"
"107","0.65482712766","0.732712765957","0.413563829787"
"108","0.655649867021","0.732712765957","0.461436170213"
"109","0.655799601064","0.732712765957","0.392287234043"
"110","0.656324335106","0.732712765957","0.421542553191"
"111","0.656069281915","0.732712765957","0.460106382979"
"112","0.655685771277","0.732712765957","0.4375"
"113","0.655576462766","0.732712765957","0.453457446809"
"114","0.655985106383","0.732712765957","0.456117021277"
"115","0.656201329787","0.732712765957","0.42420212766"
"116","0.655846808511","0.732712765957","0.436170212766"
"117","0.655834308511","0.732712765957","0.42420212766"
"118","0.656518617021","0.732712765957","0.446808510638"
"119","0.656859441489","0.732712765957","0.448138297872"
"120","0.656779787234","0.732712765957","0.449468085106"
"121","0.655902526596","0.732712765957","0.422872340426"
"122","0.657000930851","0.734042553191","0.458776595745"
"123","0.657280984043","0.734042553191","0.417553191489"
"124","0.657144148936","0.734042553191","0.436170212766"
"125","0.6578375","0.734042553191","0.445478723404"
"126","0.65801662234","0.734042553191","0.43085106383"
"127","0.658290159574","0.734042553191","0.449468085106"
"128","0.657889361702","0.734042553191","0.468085106383"
"129","0.658301462766","0.734042553191","0.445478723404"
"130","0.658597207447","0.734042553191","0.472074468085"
"131","0.658093218085","0.734042553191","0.436170212766"
"132","0.657763031915","0.734042553191","0.441489361702"
"133","0.658217553191","0.734042553191","0.454787234043"
"134","0.658696276596","0.734042553191","0.461436170213"
"135","0.658124335106","0.734042553191","0.44414893617"
"136","0.658268351064","0.734042553191","0.440159574468"
"137","0.658954787234","0.734042553191","0.434840425532"
"138","0.658816755319","0.734042553191","0.442819148936"
"139","0.658933111702","0.734042553191","0.433510638298"
"140","0.659453590426","0.734042553191","0.436170212766"
"141","0.658849601064","0.734042553191","0.413563829787"
"142","0.659588962766","0.73670212766","0.429521276596"
"143","0.660151861702","0.73670212766","0.452127659574"
"144","0.660492154255","0.73670212766","0.456117021277"
"145","0.659873537234","0.73670212766","0.433510638298"
"146","0.66018856383","0.73670212766","0.442819148936"
"147","0.660113297872","0.73670212766","0.468085106383"
"148","0.660046143617","0.73670212766","0.434840425532"
"149","0.661043085106","0.73670212766","0.464095744681"
"150","0.660436702128","0.73670212766","0.470744680851"
"151","0.660533909574","0.73670212766","0.448138297872"
"152","0.660710239362","0.73670212766","0.425531914894"
"153","0.660742952128","0.73670212766","0.441489361702"
"154","0.661227925532","0.73670212766","0.436170212766"
"155","0.661528324468","0.73670212766","0.466755319149"
"156","0.660750930851","0.73670212766","0.434840425532"
"157","0.661106914894","0.73670212766","0.442819148936"
"158","0.661650265957","0.73670212766","0.453457446809"
"159","0.661816090426","0.73670212766","0.456117021277"
"160","0.662261968085","0.73670212766","0.418882978723"
"161","0.661961968085","0.73670212766","0.453457446809"
"162","0.661557180851","0.73670212766","0.456117021277"
"163","0.661834175532","0.73670212766","0.468085106383"
"164","0.662430452128","0.73670212766","0.45079787234"
"165","0.662219946809","0.73670212766","0.434840425532"
"166","0.662171143617","0.73670212766","0.465425531915"
"167","0.662156382979","0.73670212766","0.44414893617"
"168","0.662182180851","0.73670212766","0.456117021277"
"169","0.662895478723","0.73670212766","0.460106382979"
"170","0.663335106383","0.73670212766","0.466755319149"
"171","0.662890691489","0.73670212766","0.446808510638"
"172","0.662644946809","0.73670212766","0.457446808511"
"173","0.663306382979","0.73670212766","0.474734042553"
"174","0.663336037234","0.73670212766","0.429521276596"
"175","0.662754787234","0.73670212766","0.453457446809"
"176","0.66318231383","0.73670212766","0.4375"
"177","0.663197340426","0.73670212766","0.441489361702"
"178","0.663513696809","0.73670212766","0.434840425532"
"179","0.663504521277","0.73670212766","0.445478723404"
"180","0.663292819149","0.73670212766","0.428191489362"
"181","0.663526462766","0.73670212766","0.417553191489"
"182","0.663198537234","0.73670212766","0.457446808511"
"183","0.663749601064","0.73670212766","0.472074468085"
"184","0.664180319149","0.73670212766","0.453457446809"
"185","0.663984308511","0.73670212766","0.445478723404"
"186","0.663991888298","0.73670212766","0.454787234043"
"187","0.664577393617","0.73670212766","0.441489361702"
"188","0.664261835106","0.73670212766","0.452127659574"
"189","0.664885505319","0.73670212766","0.457446808511"
"190","0.664952659574","0.73670212766","0.466755319149"
"191","0.664309308511","0.73670212766","0.44414893617"
"192","0.664549734043","0.73670212766","0.438829787234"
"193","0.664267819149","0.73670212766","0.456117021277"
"194","0.664933776596","0.73670212766","0.453457446809"
"195","0.664042154255","0.73670212766","0.436170212766"
"196","0.664063164894","0.73670212766","0.432180851064"
"197","0.664644946809","0.73670212766","0.449468085106"
"198","0.664752260638","0.73670212766","0.452127659574"
"199","0.664961170213","0.73670212766","0.445478723404"
"200","0.665149867021","0.73670212766","0.466755319149"
"201","0.665037367021","0.73670212766","0.441489361702"
"202","0.665278590426","0.73670212766","0.45079787234"
"203","0.665630984043","0.73670212766","0.440159574468"
"204","0.665923537234","0.73670212766","0.466755319149"
"205","0.665362234043","0.73670212766","0.460106382979"
"206","0.666111037234","0.73670212766","0.466755319149"
"207","0.665395079787","0.73670212766","0.462765957447"
"208","0.66540518617","0.73670212766","0.473404255319"
"209","0.666200398936","0.73670212766","0.466755319149"
"210","0.665724202128","0.73670212766","0.449468085106"
"211","0.666140026596","0.73670212766","0.445478723404"
"212","0.666678324468","0.738031914894","0.458776595745"
"213","0.666433111702","0.738031914894","0.453457446809"
"214","0.666798670213","0.738031914894","0.453457446809"
"215","0.666818882979","0.738031914894","0.452127659574"
"216","0.666868218085","0.738031914894","0.473404255319"
"217","0.667001595745","0.738031914894","0.452127659574"
"218","0.6671","0.738031914894","0.44414893617"
"219","0.666564361702","0.738031914894","0.464095744681"
"220","0.666554654255","0.738031914894","0.453457446809"
"221","0.666400132979","0.738031914894","0.461436170213"
"222","0.666776994681","0.738031914894","0.414893617021"
"223","0.666519414894","0.738031914894","0.461436170213"
"224","0.666636037234","0.738031914894","0.434840425532"
"225","0.666887765957","0.738031914894","0.461436170213"
"226","0.666543617021","0.738031914894","0.436170212766"
"227","0.666903856383","0.738031914894","0.445478723404"
"228","0.667524867021","0.738031914894","0.449468085106"
"229","0.667283244681","0.738031914894","0.454787234043"
"230","0.666778457447","0.738031914894","0.454787234043"
"231","0.667281515957","0.738031914894","0.453457446809"
"232","0.668108111702","0.738031914894","0.460106382979"
"233","0.668450398936","0.738031914894","0.441489361702"
"234","0.667753324468","0.738031914894","0.472074468085"
"235","0.668163696809","0.738031914894","0.464095744681"
"236","0.668214760638","0.738031914894","0.476063829787"
"237","0.668341489362","0.738031914894","0.452127659574"
"238","0.668119414894","0.738031914894","0.470744680851"
"239","0.66783537234","0.738031914894","0.445478723404"
"240","0.667996542553","0.738031914894","0.461436170213"
"241","0.668648537234","0.738031914894","0.466755319149"
"242","0.668606648936","0.738031914894","0.418882978723"
"243","0.667777659574","0.738031914894","0.45079787234"
"244","0.667875265957","0.738031914894","0.470744680851"
"245","0.668224069149","0.738031914894","0.464095744681"
"246","0.668322606383","0.738031914894","0.442819148936"
"247","0.668169547872","0.738031914894","0.449468085106"
"248","0.668837101064","0.738031914894","0.469414893617"
"249","0.668104654255","0.738031914894","0.45079787234"
"250","0.669023537234","0.738031914894","0.433510638298"
"251","0.669006117021","0.738031914894","0.460106382979"
"252","0.668638164894","0.738031914894","0.457446808511"
"253","0.668602792553","0.738031914894","0.42420212766"
"254","0.669249867021","0.738031914894","0.458776595745"
"255","0.668528723404","0.738031914894","0.456117021277"
"256","0.668825531915","0.738031914894","0.453457446809"
"257","0.669205984043","0.738031914894","0.462765957447"
"258","0.669010505319","0.738031914894","0.426861702128"
"259","0.668669015957","0.738031914894","0.464095744681"
"260","0.668852792553","0.738031914894","0.457446808511"
"261","0.668313164894","0.738031914894","0.428191489362"
"262","0.669380718085","0.738031914894","0.45079787234"
"263","0.669111968085","0.738031914894","0.449468085106"
"264","0.669181648936","0.738031914894","0.464095744681"
"265","0.669124867021","0.738031914894","0.45079787234"
"266","0.668579920213","0.738031914894","0.470744680851"
"267","0.668924468085","0.738031914894","0.457446808511"
"268","0.670524867021","0.738031914894","0.454787234043"
"269","0.670794414894","0.738031914894","0.456117021277"
"270","0.669931648936","0.738031914894","0.464095744681"
"271","0.670076994681","0.738031914894","0.448138297872"
"272","0.669918617021","0.738031914894","0.464095744681"
"273","0.670698803191","0.738031914894","0.48670212766"
"274","0.670648138298","0.738031914894","0.476063829787"
"275","0.670867021277","0.738031914894","0.464095744681"
"276","0.670778058511","0.738031914894","0.457446808511"
"277","0.670507845745","0.738031914894","0.453457446809"
"278","0.670651329787","0.738031914894","0.468085106383"
"279","0.671133111702","0.738031914894","0.440159574468"
"280","0.670691223404","0.738031914894","0.465425531915"
"281","0.670458776596","0.738031914894","0.462765957447"
"282","0.670871542553","0.738031914894","0.473404255319"
"283","0.670774734043","0.738031914894","0.478723404255"
"284","0.670951994681","0.738031914894","0.449468085106"
"285","0.670744148936","0.738031914894","0.470744680851"
"286","0.670611702128","0.738031914894","0.453457446809"
"287","0.670399867021","0.738031914894","0.456117021277"
"288","0.67036875","0.738031914894","0.428191489362"
"289","0.670659973404","0.738031914894","0.477393617021"
"290","0.671247473404","0.738031914894","0.460106382979"
"291","0.67106875","0.738031914894","0.462765957447"
"292","0.671246941489","0.738031914894","0.454787234043"
"293","0.671086569149","0.738031914894","0.474734042553"
"294","0.670927393617","0.738031914894","0.470744680851"
"295","0.671187234043","0.738031914894","0.445478723404"
"296","0.671371276596","0.738031914894","0.478723404255"
"297","0.67046462766","0.738031914894","0.460106382979"
"298","0.67082393617","0.738031914894","0.480053191489"
"299","0.670374202128","0.738031914894","0.45079787234"
"300","0.67109375","0.738031914894","0.452127659574"
"301","0.671324202128","0.738031914894","0.465425531915"
"302","0.671530718085","0.738031914894","0.482712765957"
"303","0.671990292553","0.738031914894","0.457446808511"
"304","0.672170345745","0.738031914894","0.48670212766"
"305","0.671586702128","0.738031914894","0.452127659574"
"306","0.671680718085","0.738031914894","0.43085106383"
"307","0.671766489362","0.738031914894","0.446808510638"
"308","0.672316755319","0.738031914894","0.472074468085"
"309","0.672712367021","0.738031914894","0.454787234043"
"310","0.671944680851","0.738031914894","0.425531914894"
"311","0.671190957447","0.738031914894","0.481382978723"
"312","0.671447739362","0.738031914894","0.45079787234"
"313","0.671919547872","0.738031914894","0.442819148936"
"314","0.671923803191","0.738031914894","0.453457446809"
"315","0.672253324468","0.738031914894","0.4375"
"316","0.672713962766","0.738031914894","0.460106382979"
"317","0.672475797872","0.738031914894","0.472074468085"
"318","0.672004920213","0.738031914894","0.464095744681"
"319","0.671844015957","0.738031914894","0.470744680851"
"320","0.671725531915","0.738031914894","0.462765957447"
"321","0.671782579787","0.738031914894","0.473404255319"
"322","0.671765425532","0.738031914894","0.454787234043"
"323","0.672186968085","0.738031914894","0.461436170213"
"324","0.671909441489","0.738031914894","0.461436170213"
"325","0.67229375","0.738031914894","0.460106382979"
"326","0.672165824468","0.738031914894","0.448138297872"
"327","0.672627393617","0.738031914894","0.481382978723"
"328","0.673234441489","0.738031914894","0.469414893617"
"329","0.673494414894","0.738031914894","0.474734042553"
"330","0.673428989362","0.738031914894","0.465425531915"
"331","0.672918484043","0.738031914894","0.456117021277"
"332","0.672509707447","0.738031914894","0.457446808511"
"333","0.672735771277","0.738031914894","0.448138297872"
"334","0.672444281915","0.738031914894","0.470744680851"
"335","0.672970744681","0.738031914894","0.485372340426"
"336","0.673085106383","0.738031914894","0.44414893617"
"337","0.673004255319","0.738031914894","0.468085106383"
"338","0.673294281915","0.738031914894","0.454787234043"
"339","0.673079388298","0.738031914894","0.469414893617"
"340","0.672603191489","0.738031914894","0.456117021277"
"341","0.673036702128","0.738031914894","0.484042553191"
"342","0.672765824468","0.738031914894","0.449468085106"
"343","0.673299069149","0.738031914894","0.468085106383"
"344","0.673384042553","0.738031914894","0.453457446809"
"345","0.672972473404","0.738031914894","0.464095744681"
"346","0.673209441489","0.738031914894","0.461436170213"
"347","0.673262898936","0.738031914894","0.476063829787"
"348","0.673504787234","0.738031914894","0.464095744681"
"349","0.673365159574","0.738031914894","0.466755319149"
"350","0.673551462766","0.738031914894","0.469414893617"
"351","0.67398018617","0.738031914894","0.478723404255"
"352","0.673161835106","0.738031914894","0.469414893617"
"353","0.673271941489","0.738031914894","0.470744680851"
"354","0.673080319149","0.738031914894","0.485372340426"
"355","0.673664494681","0.738031914894","0.473404255319"
"356","0.674051728723","0.738031914894","0.466755319149"
"357","0.674304388298","0.738031914894","0.465425531915"
"358","0.674757047872","0.738031914894","0.476063829787"
"359","0.674259175532","0.738031914894","0.476063829787"
"360","0.674724867021","0.738031914894","0.44414893617"
"361","0.674437234043","0.738031914894","0.470744680851"
"362","0.674046941489","0.738031914894","0.458776595745"
"363","0.67473643617","0.738031914894","0.474734042553"
"364","0.674242952128","0.738031914894","0.470744680851"
"365","0.674239494681","0.738031914894","0.473404255319"
"366","0.67450412234","0.738031914894","0.457446808511"
"367","0.674132446809","0.738031914894","0.452127659574"
"368","0.674720345745","0.738031914894","0.460106382979"
"369","0.675066356383","0.738031914894","0.470744680851"
"370","0.674923271277","0.738031914894","0.458776595745"
"371","0.675000265957","0.738031914894","0.484042553191"
"372","0.674612367021","0.738031914894","0.485372340426"
"373","0.67515731383","0.738031914894","0.434840425532"
"374","0.674705851064","0.738031914894","0.434840425532"
"375","0.67503856383","0.738031914894","0.472074468085"
"376","0.674820345745","0.738031914894","0.469414893617"
"377","0.674384042553","0.739361702128","0.45079787234"
"378","0.674818617021","0.739361702128","0.478723404255"
"379","0.675172473404","0.739361702128","0.465425531915"
"380","0.67483962766","0.739361702128","0.466755319149"
"381","0.675160106383","0.739361702128","0.472074468085"
"382","0.675204654255","0.739361702128","0.462765957447"
"383","0.67527087766","0.739361702128","0.460106382979"
"384","0.675180984043","0.739361702128","0.465425531915"
"385","0.675476329787","0.739361702128","0.472074468085"
"386","0.676028324468","0.739361702128","0.481382978723"
"387","0.676417021277","0.739361702128","0.484042553191"
"388","0.675540824468","0.739361702128","0.472074468085"
"389","0.675704388298","0.739361702128","0.480053191489"
"390","0.676055851064","0.739361702128","0.474734042553"
"391","0.675763696809","0.739361702128","0.488031914894"
"392","0.67588856383","0.739361702128","0.4375"
"393","0.67576981383","0.739361702128","0.446808510638"
"394","0.675422606383","0.739361702128","0.469414893617"
"395","0.675488829787","0.739361702128","0.464095744681"
"396","0.676096409574","0.739361702128","0.472074468085"
"397","0.67540837766","0.739361702128","0.482712765957"
"398","0.67528537234","0.739361702128","0.477393617021"
"399","0.675231781915","0.739361702128","0.469414893617"
"400","0.675717154255","0.739361702128","0.477393617021"
"401","0.675818218085","0.739361702128","0.454787234043"
"402","0.675855319149","0.739361702128","0.49335106383"
"403","0.675301861702","0.739361702128","0.466755319149"
"404","0.675809441489","0.739361702128","0.485372340426"
"405","0.675547473404","0.739361702128","0.454787234043"
"406","0.676332047872","0.739361702128","0.476063829787"
"407","0.675849867021","0.739361702128","0.462765957447"
"408","0.675868218085","0.739361702128","0.468085106383"
"409","0.677095212766","0.739361702128","0.465425531915"
"410","0.677057978723","0.739361702128","0.478723404255"
"411","0.676642021277","0.739361702128","0.469414893617"
"412","0.675957047872","0.739361702128","0.473404255319"
"413","0.676198138298","0.739361702128","0.477393617021"
"414","0.676272340426","0.739361702128","0.460106382979"
"415","0.675956515957","0.739361702128","0.469414893617"
"416","0.676330452128","0.739361702128","0.460106382979"
"417","0.676076196809","0.739361702128","0.445478723404"
"418","0.676207579787","0.739361702128","0.469414893617"
"419","0.676738829787","0.739361702128","0.482712765957"
"420","0.676734840426","0.739361702128","0.482712765957"
"421","0.676615691489","0.739361702128","0.476063829787"
"422","0.676735904255","0.739361702128","0.472074468085"
"423","0.676824069149","0.739361702128","0.461436170213"
"424","0.676826462766","0.739361702128","0.473404255319"
"425","0.676489760638","0.739361702128","0.456117021277"
"426","0.676480984043","0.739361702128","0.453457446809"
"427","0.676306515957","0.739361702128","0.449468085106"
"428","0.676425398936","0.739361702128","0.474734042553"
"429","0.676787101064","0.739361702128","0.442819148936"
"430","0.676751728723","0.739361702128","0.458776595745"
"431","0.676382845745","0.739361702128","0.45079787234"
"432","0.676351994681","0.739361702128","0.473404255319"
"433","0.67619268617","0.739361702128","0.460106382979"
"434","0.676565957447","0.739361702128","0.466755319149"
"435","0.67698856383","0.739361702128","0.464095744681"
"436","0.677037765957","0.739361702128","0.480053191489"
"437","0.67641768617","0.739361702128","0.461436170213"
"438","0.676539893617","0.739361702128","0.490691489362"
"439","0.676196143617","0.739361702128","0.461436170213"
"440","0.677088829787","0.739361702128","0.441489361702"
"441","0.677033909574","0.739361702128","0.462765957447"
"442","0.677284042553","0.739361702128","0.472074468085"
"443","0.676790159574","0.739361702128","0.480053191489"
"444","0.677124601064","0.739361702128","0.480053191489"
"445","0.677306382979","0.739361702128","0.469414893617"
"446","0.677626462766","0.739361702128","0.445478723404"
"447","0.677774202128","0.739361702128","0.460106382979"
"448","0.677566356383","0.739361702128","0.464095744681"
"449","0.677378191489","0.739361702128","0.456117021277"
"450","0.677306382979","0.739361702128","0.472074468085"
"451","0.676339893617","0.739361702128","0.420212765957"
"452","0.676739361702","0.739361702128","0.456117021277"
"453","0.676975398936","0.739361702128","0.477393617021"
"454","0.676871542553","0.739361702128","0.449468085106"
"455","0.677493085106","0.739361702128","0.468085106383"
"456","0.677422207447","0.739361702128","0.464095744681"
"457","0.677717952128","0.739361702128","0.5"
"458","0.677102393617","0.739361702128","0.485372340426"
"459","0.676766489362","0.739361702128","0.460106382979"
"460","0.677606781915","0.739361702128","0.476063829787"
"461","0.676970611702","0.739361702128","0.476063829787"
"462","0.676819148936","0.739361702128","0.477393617021"
"463","0.677337234043","0.739361702128","0.478723404255"
"464","0.677746276596","0.739361702128","0.482712765957"
"465","0.67715731383","0.739361702128","0.458776595745"
"466","0.676801329787","0.739361702128","0.490691489362"
"467","0.677508244681","0.739361702128","0.470744680851"
"468","0.677819946809","0.739361702128","0.470744680851"
"469","0.677675797872","0.739361702128","0.453457446809"
"470","0.677439893617","0.739361702128","0.465425531915"
"471","0.67730731383","0.739361702128","0.429521276596"
"472","0.677682579787","0.739361702128","0.469414893617"
"473","0.67799268617","0.739361702128","0.469414893617"
"474","0.678157047872","0.739361702128","0.482712765957"
"475","0.677750664894","0.739361702128","0.464095744681"
"476","0.677788829787","0.739361702128","0.481382978723"
"477","0.677919148936","0.739361702128","0.449468085106"
"478","0.677531648936","0.739361702128","0.482712765957"
"479","0.677252792553","0.739361702128","0.445478723404"
"480","0.677135239362","0.739361702128","0.470744680851"
"481","0.67762393617","0.739361702128","0.473404255319"
"482","0.677720611702","0.739361702128","0.472074468085"
"483","0.677975531915","0.739361702128","0.454787234043"
"484","0.678498670213","0.739361702128","0.465425531915"
"485","0.678547340426","0.739361702128","0.476063829787"
"486","0.678705319149","0.739361702128","0.458776595745"
"487","0.678737898936","0.739361702128","0.476063829787"
"488","0.679013164894","0.739361702128","0.466755319149"
"489","0.678374069149","0.739361702128","0.470744680851"
"490","0.678587101064","0.739361702128","0.474734042553"
"491","0.678773670213","0.739361702128","0.470744680851"
"492","0.677785505319","0.739361702128","0.484042553191"
"493","0.678064760638","0.739361702128","0.496010638298"
"494","0.678174601064","0.739361702128","0.477393617021"
"495","0.678258244681","0.739361702128","0.465425531915"
"496","0.678760771277","0.739361702128","0.445478723404"
"497","0.677993351064","0.739361702128","0.456117021277"
"498","0.678424202128","0.739361702128","0.489361702128"
"499","0.678465558511","0.739361702128","0.465425531915"
"500","0.678200930851","0.739361702128","0.494680851064"
"501","0.678712898936","0.739361702128","0.473404255319"
"502","0.678487367021","0.739361702128","0.476063829787"
"503","0.678671675532","0.739361702128","0.466755319149"
"504","0.67816875","0.739361702128","0.461436170213"
"505","0.678446143617","0.739361702128","0.478723404255"
"506","0.678601595745","0.739361702128","0.465425531915"
"507","0.678784441489","0.739361702128","0.473404255319"
"508","0.678318085106","0.739361702128","0.448138297872"
"509","0.679091489362","0.739361702128","0.477393617021"
"510","0.679100930851","0.739361702128","0.470744680851"
"511","0.678455452128","0.739361702128","0.446808510638"
"512","0.678121808511","0.739361702128","0.489361702128"
"513","0.678450132979","0.739361702128","0.472074468085"
"514","0.678453989362","0.739361702128","0.466755319149"
"515","0.677906382979","0.739361702128","0.465425531915"
"516","0.677852393617","0.739361702128","0.472074468085"
"517","0.678576462766","0.739361702128","0.489361702128"
"518","0.678892021277","0.739361702128","0.476063829787"
"519","0.67883337766","0.739361702128","0.468085106383"
"520","0.679482579787","0.739361702128","0.480053191489"
"521","0.67879787234","0.739361702128","0.465425531915"
"522","0.679135638298","0.739361702128","0.464095744681"
"523","0.679653590426","0.739361702128","0.473404255319"
"524","0.679699069149","0.739361702128","0.481382978723"
"525","0.679290824468","0.739361702128","0.468085106383"
"526","0.679507180851","0.739361702128","0.468085106383"
"527","0.679795478723","0.739361702128","0.485372340426"
"528","0.679554521277","0.739361702128","0.480053191489"
"529","0.679835505319","0.739361702128","0.477393617021"
"530","0.679466888298","0.739361702128","0.466755319149"
"531","0.679393882979","0.739361702128","0.478723404255"
"532","0.679515558511","0.739361702128","0.492021276596"
"533","0.678947340426","0.739361702128","0.488031914894"
"534","0.679163430851","0.739361702128","0.489361702128"
"535","0.679219680851","0.739361702128","0.461436170213"
"536","0.679375930851","0.739361702128","0.472074468085"
"537","0.679148138298","0.739361702128","0.480053191489"
"538","0.67965106383","0.739361702128","0.473404255319"
"539","0.679051196809","0.739361702128","0.454787234043"
"540","0.67948537234","0.739361702128","0.460106382979"
"541","0.679450265957","0.739361702128","0.480053191489"
"542","0.679892819149","0.739361702128","0.466755319149"
"543","0.679836303191","0.739361702128","0.492021276596"
"544","0.679711037234","0.739361702128","0.45079787234"
"545","0.680041090426","0.739361702128","0.48670212766"
"546","0.679903989362","0.739361702128","0.478723404255"
"547","0.679197739362","0.739361702128","0.489361702128"
"548","0.679008111702","0.739361702128","0.476063829787"
"549","0.679309042553","0.739361702128","0.453457446809"
"550","0.679874468085","0.739361702128","0.485372340426"
"551","0.67995518617","0.739361702128","0.478723404255"
"552","0.680030585106","0.739361702128","0.489361702128"
"553","0.679779654255","0.739361702128","0.474734042553"
"554","0.679790558511","0.739361702128","0.484042553191"
"555","0.680582579787","0.739361702128","0.441489361702"
"556","0.680358909574","0.739361702128","0.48670212766"
"557","0.679996941489","0.739361702128","0.474734042553"
"558","0.68013337766","0.739361702128","0.485372340426"
"559","0.680155851064","0.739361702128","0.481382978723"
"560","0.679549734043","0.739361702128","0.473404255319"
"561","0.680021542553","0.739361702128","0.45079787234"
"562","0.679942154255","0.739361702128","0.488031914894"
"563","0.679867420213","0.739361702128","0.466755319149"
"564","0.679790425532","0.739361702128","0.485372340426"
"565","0.679457180851","0.739361702128","0.489361702128"
"566","0.680147340426","0.739361702128","0.489361702128"
"567","0.680534175532","0.739361702128","0.476063829787"
"568","0.680036569149","0.739361702128","0.476063829787"
"569","0.679737101064","0.739361702128","0.480053191489"
"570","0.679895079787","0.739361702128","0.489361702128"
"571","0.67998856383","0.739361702128","0.474734042553"
"572","0.680341223404","0.739361702128","0.460106382979"
"573","0.680279388298","0.739361702128","0.460106382979"
"574","0.679904521277","0.739361702128","0.462765957447"
"575","0.680157180851","0.739361702128","0.477393617021"
"576","0.68065731383","0.739361702128","0.44414893617"
"577","0.680563430851","0.739361702128","0.498670212766"
"578","0.680580984043","0.739361702128","0.481382978723"
"579","0.680760239362","0.739361702128","0.465425531915"
"580","0.68018643617","0.739361702128","0.466755319149"
"581","0.680762898936","0.739361702128","0.462765957447"
"582","0.680312367021","0.739361702128","0.453457446809"
"583","0.680443484043","0.739361702128","0.472074468085"
"584","0.680283510638","0.739361702128","0.445478723404"
"585","0.680589760638","0.739361702128","0.468085106383"
"586","0.680368617021","0.739361702128","0.454787234043"
"587","0.680667021277","0.739361702128","0.482712765957"
"588","0.680300132979","0.739361702128","0.465425531915"
"589","0.680302659574","0.739361702128","0.441489361702"
"590","0.680781648936","0.739361702128","0.480053191489"
"591","0.680023005319","0.739361702128","0.482712765957"
"592","0.680068218085","0.739361702128","0.470744680851"
"593","0.679871409574","0.739361702128","0.468085106383"
"594","0.680884707447","0.739361702128","0.465425531915"
"595","0.680585638298","0.739361702128","0.469414893617"
"596","0.679936303191","0.739361702128","0.465425531915"
"597","0.68058337766","0.739361702128","0.468085106383"
"598","0.68042912234","0.739361702128","0.465425531915"
"599","0.680840558511","0.739361702128","0.482712765957"
"600","0.681454388298","0.739361702128","0.488031914894"
"601","0.681108776596","0.739361702128","0.480053191489"
"602","0.680830718085","0.739361702128","0.466755319149"
"603","0.680716755319","0.739361702128","0.488031914894"
"604","0.681240691489","0.739361702128","0.460106382979"
"605","0.680933776596","0.739361702128","0.477393617021"
"606","0.681073138298","0.739361702128","0.448138297872"
"607","0.680617553191","0.739361702128","0.461436170213"
"608","0.680812101064","0.739361702128","0.476063829787"
"609","0.680835904255","0.739361702128","0.477393617021"
"610","0.681290425532","0.739361702128","0.489361702128"
"611","0.680975265957","0.739361702128","0.492021276596"
"612","0.68072606383","0.739361702128","0.472074468085"
"613","0.680781382979","0.739361702128","0.482712765957"
"614","0.680861968085","0.739361702128","0.48670212766"
"615","0.680195478723","0.739361702128","0.481382978723"
"616","0.680111303191","0.739361702128","0.473404255319"
"617","0.680756914894","0.739361702128","0.496010638298"
"618","0.68105412234","0.739361702128","0.492021276596"
"619","0.681567819149","0.739361702128","0.468085106383"
"620","0.681285505319","0.739361702128","0.476063829787"
"621","0.681479255319","0.739361702128","0.488031914894"
"622","0.681772074468","0.739361702128","0.473404255319"
"623","0.681285106383","0.739361702128","0.480053191489"
"624","0.680860505319","0.739361702128","0.466755319149"
"625","0.681293882979","0.739361702128","0.490691489362"
"626","0.680476462766","0.739361702128","0.473404255319"
"627","0.681185904255","0.739361702128","0.453457446809"
"628","0.681661835106","0.739361702128","0.472074468085"
"629","0.681588297872","0.739361702128","0.494680851064"
"630","0.681444547872","0.739361702128","0.480053191489"
"631","0.681393085106","0.739361702128","0.490691489362"
"632","0.681177792553","0.739361702128","0.460106382979"
"633","0.681254787234","0.739361702128","0.488031914894"
"634","0.681198005319","0.739361702128","0.453457446809"
"635","0.681825","0.739361702128","0.473404255319"
"636","0.682309973404","0.739361702128","0.482712765957"
"637","0.682197340426","0.739361702128","0.476063829787"
"638","0.681526595745","0.739361702128","0.492021276596"
"639","0.682302526596","0.739361702128","0.478723404255"
"640","0.682616755319","0.739361702128","0.482712765957"
"641","0.682046675532","0.739361702128","0.481382978723"
"642","0.6817875","0.739361702128","0.485372340426"
"643","0.681967154255","0.739361702128","0.482712765957"
"644","0.681930585106","0.739361702128","0.470744680851"
"645","0.682028457447","0.739361702128","0.470744680851"
"646","0.681647207447","0.739361702128","0.485372340426"
"647","0.681696675532","0.739361702128","0.489361702128"
"648","0.68168018617","0.739361702128","0.485372340426"
"649","0.681660106383","0.739361702128","0.48670212766"
"650","0.681874335106","0.739361702128","0.462765957447"
"651","0.681784574468","0.739361702128","0.461436170213"
"652","0.681604654255","0.739361702128","0.481382978723"
"653","0.681157446809","0.739361702128","0.466755319149"
"654","0.681709042553","0.739361702128","0.498670212766"
"655","0.682180053191","0.739361702128","0.497340425532"
"656","0.681971276596","0.739361702128","0.452127659574"
"657","0.682017819149","0.739361702128","0.48670212766"
"658","0.682127925532","0.739361702128","0.489361702128"
"659","0.682023005319","0.739361702128","0.485372340426"
"660","0.681933244681","0.739361702128","0.477393617021"
"661","0.681734042553","0.739361702128","0.492021276596"
"662","0.681998138298","0.739361702128","0.461436170213"
"663","0.682236702128","0.739361702128","0.492021276596"
"664","0.682023138298","0.739361702128","0.492021276596"
"665","0.683038829787","0.739361702128","0.480053191489"
"666","0.682340026596","0.739361702128","0.478723404255"
"667","0.681978058511","0.739361702128","0.474734042553"
"668","0.681968085106","0.739361702128","0.484042553191"
"669","0.68237287234","0.739361702128","0.482712765957"
"670","0.682358909574","0.739361702128","0.502659574468"
"671","0.682347340426","0.739361702128","0.482712765957"
"672","0.682235106383","0.739361702128","0.466755319149"
"673","0.682415558511","0.739361702128","0.481382978723"
"674","0.682094148936","0.739361702128","0.477393617021"
"675","0.682512367021","0.739361702128","0.476063829787"
"676","0.681974202128","0.739361702128","0.502659574468"
"677","0.682092154255","0.739361702128","0.490691489362"
"678","0.681951994681","0.739361702128","0.468085106383"
"679","0.68206037234","0.739361702128","0.481382978723"
"680","0.681902393617","0.739361702128","0.464095744681"
"681","0.6819625","0.739361702128","0.473404255319"
"682","0.681947739362","0.739361702128","0.454787234043"
"683","0.682473138298","0.739361702128","0.460106382979"
"684","0.682535638298","0.739361702128","0.458776595745"
"685","0.682762367021","0.739361702128","0.489361702128"
"686","0.682571276596","0.739361702128","0.480053191489"
"687","0.683050531915","0.739361702128","0.488031914894"
"688","0.682772606383","0.739361702128","0.485372340426"
"689","0.682608244681","0.739361702128","0.484042553191"
"690","0.682870079787","0.739361702128","0.468085106383"
"691","0.682710638298","0.739361702128","0.489361702128"
"692","0.682021941489","0.739361702128","0.476063829787"
"693","0.682228989362","0.739361702128","0.494680851064"
"694","0.682459973404","0.739361702128","0.458776595745"
"695","0.682613962766","0.739361702128","0.482712765957"
"696","0.682388031915","0.739361702128","0.48670212766"
"697","0.681896143617","0.739361702128","0.485372340426"
"698","0.682070744681","0.739361702128","0.481382978723"
"699","0.682763164894","0.739361702128","0.477393617021"
"700","0.682374069149","0.739361702128","0.482712765957"
"701","0.682690292553","0.739361702128","0.480053191489"
"702","0.68262712766","0.739361702128","0.477393617021"
"703","0.682427526596","0.739361702128","0.465425531915"
"704","0.682426595745","0.739361702128","0.496010638298"
"705","0.682220478723","0.739361702128","0.476063829787"
"706","0.682602260638","0.739361702128","0.461436170213"
"707","0.683085106383","0.739361702128","0.498670212766"
"708","0.682487632979","0.739361702128","0.49335106383"
"709","0.682008111702","0.739361702128","0.466755319149"
"710","0.681987367021","0.739361702128","0.497340425532"
"711","0.682345478723","0.739361702128","0.454787234043"
"712","0.68243018617","0.739361702128","0.482712765957"
"713","0.68214268617","0.739361702128","0.474734042553"
"714","0.68247712766","0.739361702128","0.48670212766"
"715","0.682934973404","0.739361702128","0.466755319149"
"716","0.682748670213","0.739361702128","0.472074468085"
"717","0.682473005319","0.739361702128","0.480053191489"
"718","0.682664494681","0.739361702128","0.490691489362"
"719","0.682362101064","0.739361702128","0.477393617021"
"720","0.682850132979","0.739361702128","0.468085106383"
"721","0.682749069149","0.739361702128","0.472074468085"
"722","0.682469281915","0.739361702128","0.480053191489"
"723","0.682495212766","0.739361702128","0.482712765957"
"724","0.68282087766","0.739361702128","0.473404255319"
"725","0.683186569149","0.739361702128","0.458776595745"
"726","0.683216356383","0.739361702128","0.465425531915"
"727","0.683238696809","0.739361702128","0.484042553191"
"728","0.683363829787","0.739361702128","0.481382978723"
"729","0.683275398936","0.739361702128","0.48670212766"
"730","0.683947340426","0.739361702128","0.474734042553"
"731","0.682818617021","0.739361702128","0.474734042553"
"732","0.683442021277","0.739361702128","0.478723404255"
"733","0.683544547872","0.739361702128","0.468085106383"
"734","0.683723670213","0.739361702128","0.490691489362"
"735","0.683517287234","0.739361702128","0.492021276596"
"736","0.683285638298","0.739361702128","0.49335106383"
"737","0.682920345745","0.739361702128","0.482712765957"
"738","0.683289760638","0.739361702128","0.478723404255"
"739","0.683483510638","0.739361702128","0.485372340426"
"740","0.683685239362","0.739361702128","0.484042553191"
"741","0.683888962766","0.739361702128","0.497340425532"
"742","0.683919148936","0.739361702128","0.460106382979"
"743","0.683379920213","0.739361702128","0.48670212766"
"744","0.683120212766","0.739361702128","0.476063829787"
"745","0.683277526596","0.739361702128","0.476063829787"
"746","0.683332845745","0.739361702128","0.476063829787"
"747","0.683303989362","0.739361702128","0.490691489362"
"748","0.683038696809","0.739361702128","0.476063829787"
"749","0.682899069149","0.739361702128","0.489361702128"
"750","0.683393617021","0.739361702128","0.472074468085"
"751","0.68328856383","0.739361702128","0.482712765957"
"752","0.683231781915","0.739361702128","0.48670212766"
"753","0.683289361702","0.739361702128","0.478723404255"
"754","0.683253457447","0.739361702128","0.472074468085"
"755","0.683673271277","0.739361702128","0.466755319149"
"756","0.68375106383","0.739361702128","0.484042553191"
"757","0.683555452128","0.739361702128","0.476063829787"
"758","0.683706781915","0.739361702128","0.461436170213"
"759","0.684046675532","0.739361702128","0.480053191489"
"760","0.683758776596","0.739361702128","0.472074468085"
"761","0.683652260638","0.739361702128","0.49335106383"
"762","0.68355412234","0.739361702128","0.461436170213"
"763","0.684238829787","0.739361702128","0.490691489362"
"764","0.684144680851","0.739361702128","0.490691489362"
"765","0.68398537234","0.739361702128","0.496010638298"
"766","0.684219414894","0.739361702128","0.485372340426"
"767","0.683959441489","0.739361702128","0.476063829787"
"768","0.683324069149","0.739361702128","0.470744680851"
"769","0.683733776596","0.739361702128","0.473404255319"
"770","0.683369015957","0.739361702128","0.461436170213"
"771","0.683433643617","0.739361702128","0.480053191489"
"772","0.683928989362","0.739361702128","0.473404255319"
"773","0.68371462766","0.739361702128","0.481382978723"
"774","0.683836170213","0.739361702128","0.472074468085"
"775","0.683754255319","0.739361702128","0.488031914894"
"776","0.683518484043","0.739361702128","0.473404255319"
"777","0.683560904255","0.739361702128","0.480053191489"
"778","0.683875398936","0.739361702128","0.505319148936"
"779","0.684241888298","0.739361702128","0.490691489362"
"780","0.684249069149","0.739361702128","0.45079787234"
"781","0.683863297872","0.739361702128","0.485372340426"
"782","0.683698404255","0.739361702128","0.490691489362"
"783","0.683719547872","0.739361702128","0.482712765957"
"784","0.683752925532","0.739361702128","0.462765957447"
"785","0.683281781915","0.739361702128","0.462765957447"
"786","0.683311303191","0.739361702128","0.492021276596"
"787","0.682744946809","0.739361702128","0.492021276596"
"788","0.683513962766","0.739361702128","0.480053191489"
"789","0.683785771277","0.739361702128","0.476063829787"
"790","0.683404920213","0.739361702128","0.498670212766"
"791","0.683492154255","0.739361702128","0.414893617021"
"792","0.683587234043","0.739361702128","0.466755319149"
"793","0.683210638298","0.739361702128","0.496010638298"
"794","0.683730053191","0.739361702128","0.492021276596"
"795","0.684152260638","0.739361702128","0.472074468085"
"796","0.683997207447","0.739361702128","0.481382978723"
"797","0.683585904255","0.739361702128","0.462765957447"
"798","0.683159840426","0.739361702128","0.497340425532"
"799","0.683491223404","0.739361702128","0.481382978723"
"800","0.683888962766","0.739361702128","0.497340425532"
"801","0.683578457447","0.739361702128","0.490691489362"
"802","0.683363696809","0.739361702128","0.472074468085"
"803","0.683390159574","0.739361702128","0.449468085106"
"804","0.683446010638","0.739361702128","0.465425531915"
"805","0.683381648936","0.739361702128","0.476063829787"
"806","0.684215691489","0.739361702128","0.480053191489"
"807","0.683929920213","0.739361702128","0.509308510638"
"808","0.683955053191","0.739361702128","0.472074468085"
"809","0.684102260638","0.739361702128","0.484042553191"
"810","0.683532712766","0.739361702128","0.466755319149"
"811","0.683645478723","0.739361702128","0.458776595745"
"812","0.68377912234","0.739361702128","0.461436170213"
"813","0.684250664894","0.739361702128","0.442819148936"
"814","0.684368484043","0.739361702128","0.460106382979"
"815","0.683993351064","0.739361702128","0.49335106383"
"816","0.683590425532","0.739361702128","0.482712765957"
"817","0.684415425532","0.739361702128","0.49335106383"
"818","0.683949069149","0.739361702128","0.489361702128"
"819","0.68380837766","0.739361702128","0.461436170213"
"820","0.68446662234","0.739361702128","0.514627659574"
"821","0.68427606383","0.739361702128","0.496010638298"
"822","0.68365518617","0.739361702128","0.481382978723"
"823","0.683416755319","0.739361702128","0.489361702128"
"824","0.683591223404","0.739361702128","0.458776595745"
"825","0.684490957447","0.739361702128","0.470744680851"
"826","0.684456648936","0.739361702128","0.462765957447"
"827","0.684725265957","0.739361702128","0.473404255319"
"828","0.684542420213","0.739361702128","0.489361702128"
"829","0.684915957447","0.739361702128","0.498670212766"
"830","0.684481914894","0.739361702128","0.476063829787"
"831","0.684453856383","0.739361702128","0.498670212766"
"832","0.684331515957","0.739361702128","0.468085106383"
"833","0.68425625","0.739361702128","0.488031914894"
"834","0.684417154255","0.739361702128","0.442819148936"
"835","0.683788962766","0.739361702128","0.48670212766"
"836","0.684214893617","0.739361702128","0.452127659574"
"837","0.684214361702","0.739361702128","0.469414893617"
"838","0.684400398936","0.739361702128","0.488031914894"
"839","0.684598537234","0.739361702128","0.496010638298"
"840","0.684870079787","0.739361702128","0.502659574468"
"841","0.684739095745","0.739361702128","0.470744680851"
"842","0.684466223404","0.739361702128","0.489361702128"
"843","0.684325","0.739361702128","0.480053191489"
"844","0.684349867021","0.739361702128","0.456117021277"
"845","0.684299335106","0.739361702128","0.461436170213"
"846","0.684219148936","0.739361702128","0.44414893617"
"847","0.68449162234","0.739361702128","0.458776595745"
"848","0.684684308511","0.739361702128","0.489361702128"
"849","0.68447912234","0.739361702128","0.488031914894"
"850","0.684654654255","0.739361702128","0.477393617021"
"851","0.684548138298","0.739361702128","0.501329787234"
"852","0.684276329787","0.739361702128","0.488031914894"
"853","0.684121675532","0.739361702128","0.454787234043"
"854","0.684505053191","0.739361702128","0.49335106383"
"855","0.683804255319","0.739361702128","0.48670212766"
"856","0.684280984043","0.739361702128","0.485372340426"
"857","0.684487898936","0.739361702128","0.476063829787"
"858","0.684739361702","0.739361702128","0.49335106383"
"859","0.685189494681","0.739361702128","0.478723404255"
"860","0.684488962766","0.739361702128","0.507978723404"
"861","0.685426462766","0.739361702128","0.482712765957"
"862","0.68528856383","0.739361702128","0.478723404255"
"863","0.684481914894","0.739361702128","0.470744680851"
"864","0.685195744681","0.739361702128","0.496010638298"
"865","0.685095079787","0.739361702128","0.5"
"866","0.685081781915","0.739361702128","0.489361702128"
"867","0.685174468085","0.739361702128","0.49335106383"
"868","0.684658909574","0.739361702128","0.492021276596"
"869","0.684772074468","0.739361702128","0.469414893617"
"870","0.684012765957","0.739361702128","0.498670212766"
"871","0.684872340426","0.739361702128","0.484042553191"
"872","0.684768218085","0.739361702128","0.480053191489"
"873","0.684532047872","0.739361702128","0.458776595745"
"874","0.68484587766","0.739361702128","0.452127659574"
"875","0.685602526596","0.739361702128","0.489361702128"
"876","0.685232180851","0.739361702128","0.488031914894"
"877","0.684552925532","0.739361702128","0.490691489362"
"878","0.684307579787","0.739361702128","0.470744680851"
"879","0.684924601064","0.739361702128","0.492021276596"
"880","0.684534042553","0.739361702128","0.494680851064"
"881","0.684280718085","0.739361702128","0.501329787234"
"882","0.684483643617","0.739361702128","0.482712765957"
"883","0.684853590426","0.739361702128","0.458776595745"
"884","0.684798670213","0.739361702128","0.489361702128"
"885","0.68519481383","0.739361702128","0.452127659574"
"886","0.685355452128","0.739361702128","0.461436170213"
"887","0.685486303191","0.739361702128","0.488031914894"
"888","0.684733643617","0.739361702128","0.457446808511"
"889","0.684987765957","0.739361702128","0.458776595745"
"890","0.685287632979","0.739361702128","0.49335106383"
"891","0.684830851064","0.739361702128","0.489361702128"
"892","0.685001728723","0.739361702128","0.489361702128"
"893","0.68461143617","0.739361702128","0.492021276596"
"894","0.684623138298","0.739361702128","0.496010638298"
"895","0.684597606383","0.739361702128","0.469414893617"
"896","0.684592553191","0.739361702128","0.469414893617"
"897","0.68540212766","0.739361702128","0.477393617021"
"898","0.684434441489","0.739361702128","0.5"
"899","0.684918085106","0.739361702128","0.484042553191"
"900","0.685142553191","0.739361702128","0.477393617021"
"901","0.685760771277","0.739361702128","0.478723404255"
"902","0.685213164894","0.739361702128","0.478723404255"
"903","0.684812101064","0.739361702128","0.454787234043"
"904","0.685290026596","0.739361702128","0.488031914894"
"905","0.685761569149","0.739361702128","0.477393617021"
"906","0.685185638298","0.739361702128","0.45079787234"
"907","0.685078058511","0.739361702128","0.480053191489"
"908","0.685220478723","0.739361702128","0.482712765957"
"909","0.685324867021","0.739361702128","0.48670212766"
"910","0.685527925532","0.739361702128","0.484042553191"
"911","0.685040957447","0.739361702128","0.460106382979"
"912","0.684611170213","0.739361702128","0.482712765957"
"913","0.684775930851","0.739361702128","0.438829787234"
"914","0.684325398936","0.739361702128","0.472074468085"
"915","0.684717819149","0.739361702128","0.473404255319"
"916","0.684826994681","0.739361702128","0.474734042553"
"917","0.684589893617","0.739361702128","0.489361702128"
"918","0.685089228723","0.739361702128","0.484042553191"
"919","0.684952393617","0.739361702128","0.482712765957"
"920","0.685055585106","0.739361702128","0.461436170213"
"921","0.684772074468","0.739361702128","0.476063829787"
"922","0.685509574468","0.739361702128","0.484042553191"
"923","0.685971409574","0.739361702128","0.465425531915"
"924","0.686208909574","0.739361702128","0.489361702128"
"925","0.685941356383","0.739361702128","0.503989361702"
"926","0.685122473404","0.739361702128","0.494680851064"
"927","0.684768085106","0.739361702128","0.477393617021"
"928","0.685126196809","0.739361702128","0.482712765957"
"929","0.685669680851","0.739361702128","0.478723404255"
"930","0.685583111702","0.739361702128","0.480053191489"
"931","0.685379787234","0.739361702128","0.478723404255"
"932","0.685985505319","0.739361702128","0.464095744681"
"933","0.685624069149","0.739361702128","0.48670212766"
"934","0.685178590426","0.739361702128","0.474734042553"
"935","0.685582180851","0.739361702128","0.49335106383"
"936","0.685660239362","0.739361702128","0.48670212766"
"937","0.685580718085","0.739361702128","0.494680851064"
"938","0.686000398936","0.739361702128","0.465425531915"
"939","0.685636968085","0.739361702128","0.488031914894"
"940","0.685883244681","0.739361702128","0.505319148936"
"941","0.685419281915","0.739361702128","0.490691489362"
"942","0.68497606383","0.739361702128","0.5"
"943","0.685530718085","0.739361702128","0.466755319149"
"944","0.685423537234","0.739361702128","0.494680851064"
"945","0.685206781915","0.739361702128","0.476063829787"
"946","0.684916888298","0.739361702128","0.473404255319"
"947","0.685044946809","0.739361702128","0.478723404255"
"948","0.685065558511","0.739361702128","0.481382978723"
"949","0.6854375","0.739361702128","0.476063829787"
"950","0.685240824468","0.739361702128","0.490691489362"
"951","0.685359973404","0.739361702128","0.454787234043"
"952","0.685878191489","0.739361702128","0.489361702128"
"953","0.685636835106","0.739361702128","0.457446808511"
"954","0.685667952128","0.739361702128","0.446808510638"
"955","0.685582180851","0.739361702128","0.484042553191"
"956","0.685359441489","0.739361702128","0.480053191489"
"957","0.685595212766","0.739361702128","0.501329787234"
"958","0.686238696809","0.739361702128","0.501329787234"
"959","0.685197473404","0.739361702128","0.48670212766"
"960","0.685023803191","0.739361702128","0.482712765957"
"961","0.685008909574","0.739361702128","0.485372340426"
"962","0.685278457447","0.739361702128","0.446808510638"
"963","0.684973537234","0.739361702128","0.497340425532"
"964","0.685449335106","0.739361702128","0.496010638298"
"965","0.685480319149","0.739361702128","0.501329787234"
"966","0.685610638298","0.739361702128","0.462765957447"
"967","0.685507180851","0.739361702128","0.490691489362"
"968","0.685753590426","0.739361702128","0.478723404255"
"969","0.685515691489","0.739361702128","0.469414893617"
"970","0.685634441489","0.739361702128","0.481382978723"
"971","0.685595212766","0.739361702128","0.476063829787"
"972","0.686222739362","0.739361702128","0.492021276596"
"973","0.686105319149","0.739361702128","0.474734042553"
"974","0.685688164894","0.739361702128","0.489361702128"
"975","0.686023537234","0.739361702128","0.470744680851"
"976","0.685440159574","0.739361702128","0.478723404255"
"977","0.685332446809","0.739361702128","0.488031914894"
"978","0.685788829787","0.739361702128","0.468085106383"
"979","0.68610412234","0.739361702128","0.460106382979"
"980","0.686480585106","0.739361702128","0.48670212766"
"981","0.68666462766","0.739361702128","0.482712765957"
"982","0.685969281915","0.739361702128","0.482712765957"
"983","0.686072606383","0.739361702128","0.494680851064"
"984","0.685771675532","0.739361702128","0.49335106383"
"985","0.685313696809","0.739361702128","0.468085106383"
"986","0.68528018617","0.739361702128","0.490691489362"
"987","0.685571808511","0.739361702128","0.436170212766"
"988","0.686328324468","0.739361702128","0.457446808511"
"989","0.685955585106","0.739361702128","0.476063829787"
"990","0.686142819149","0.739361702128","0.473404255319"
"991","0.686015691489","0.739361702128","0.472074468085"
"992","0.686338297872","0.739361702128","0.503989361702"
"993","0.686353191489","0.739361702128","0.48670212766"
"994","0.685345744681","0.739361702128","0.484042553191"
"995","0.685924867021","0.739361702128","0.43085106383"
"996","0.685655053191","0.739361702128","0.481382978723"
"997","0.686288696809","0.739361702128","0.478723404255"
"998","0.685806914894","0.739361702128","0.476063829787"
"999","0.685896010638","0.739361702128","0.452127659574"
"1000","0.686552260638","0.739361702128","0.489361702128"
