"Series","Toyota 3y 1d"
"Signal","OLMI"
"Generations","1000"
"Ending","max generations were reached"
"Best Strategy","0100000000101000100000001010001010100000000000001100000000000000	","Accuracy","0.778846153846"
"Unique Strats","9769"
"0","0.498846978022","0.722527472527","0.271978021978"
"1","0.55355521978","0.728021978022","0.299450549451"
"2","0.594637225275","0.744505494505","0.317307692308"
"3","0.618579395604","0.744505494505","0.321428571429"
"4","0.633870192308","0.744505494505","0.383241758242"
"5","0.643992582418","0.745879120879","0.365384615385"
"6","0.651399862637","0.745879120879","0.377747252747"
"7","0.657443406593","0.752747252747","0.347527472527"
"8","0.661351373626","0.752747252747","0.373626373626"
"9","0.664442307692","0.762362637363","0.357142857143"
"10","0.667393681319","0.762362637363","0.361263736264"
"11","0.66971510989","0.762362637363","0.381868131868"
"12","0.671695467033","0.762362637363","0.368131868132"
"13","0.672971016484","0.762362637363","0.401098901099"
"14","0.674906868132","0.762362637363","0.398351648352"
"15","0.675488461538","0.762362637363","0.383241758242"
"16","0.677134752747","0.762362637363","0.324175824176"
"17","0.677517307692","0.762362637363","0.370879120879"
"18","0.678769230769","0.762362637363","0.379120879121"
"19","0.678975274725","0.762362637363","0.40521978022"
"20","0.679609752747","0.762362637363","0.392857142857"
"21","0.679677472527","0.762362637363","0.407967032967"
"22","0.680714010989","0.762362637363","0.381868131868"
"23","0.681982005495","0.762362637363","0.377747252747"
"24","0.681772802198","0.762362637363","0.387362637363"
"25","0.681808516484","0.763736263736","0.373626373626"
"26","0.682883104396","0.763736263736","0.399725274725"
"27","0.683677335165","0.763736263736","0.362637362637"
"28","0.683940384615","0.76510989011","0.396978021978"
"29","0.684028846154","0.76510989011","0.35989010989"
"30","0.685740247253","0.76510989011","0.392857142857"
"31","0.685796428571","0.76510989011","0.387362637363"
"32","0.685601236264","0.76510989011","0.407967032967"
"33","0.687177335165","0.76510989011","0.388736263736"
"34","0.686217582418","0.76510989011","0.398351648352"
"35","0.686196565934","0.76510989011","0.394230769231"
"36","0.687025824176","0.76510989011","0.372252747253"
"37","0.6879375","0.771978021978","0.388736263736"
"38","0.687839972527","0.771978021978","0.412087912088"
"39","0.688480769231","0.771978021978","0.409340659341"
"40","0.6895125","0.771978021978","0.372252747253"
"41","0.689848076923","0.771978021978","0.383241758242"
"42","0.689025274725","0.771978021978","0.376373626374"
"43","0.689948351648","0.771978021978","0.403846153846"
"44","0.690554120879","0.771978021978","0.412087912088"
"45","0.690577472527","0.771978021978","0.414835164835"
"46","0.690789423077","0.771978021978","0.421703296703"
"47","0.692045879121","0.771978021978","0.427197802198"
"48","0.692197527473","0.771978021978","0.402472527473"
"49","0.691547664835","0.771978021978","0.412087912088"
"50","0.691969917582","0.771978021978","0.412087912088"
"51","0.691832005495","0.771978021978","0.383241758242"
"52","0.691902884615","0.771978021978","0.418956043956"
"53","0.692609065934","0.771978021978","0.362637362637"
"54","0.691194093407","0.771978021978","0.401098901099"
"55","0.691489148352","0.771978021978","0.383241758242"
"56","0.692418406593","0.771978021978","0.395604395604"
"57","0.693714835165","0.771978021978","0.394230769231"
"58","0.694003434066","0.771978021978","0.42032967033"
"59","0.694358516484","0.771978021978","0.428571428571"
"60","0.694306730769","0.771978021978","0.443681318681"
"61","0.694402472527","0.771978021978","0.414835164835"
"62","0.694239835165","0.771978021978","0.407967032967"
"63","0.694284065934","0.771978021978","0.442307692308"
"64","0.693675274725","0.771978021978","0.409340659341"
"65","0.694488186813","0.771978021978","0.429945054945"
"66","0.694002747253","0.771978021978","0.406593406593"
"67","0.695173489011","0.771978021978","0.40521978022"
"68","0.694993818681","0.771978021978","0.377747252747"
"69","0.696204807692","0.771978021978","0.388736263736"
"70","0.69691456044","0.771978021978","0.429945054945"
"71","0.697034478022","0.771978021978","0.407967032967"
"72","0.697180357143","0.771978021978","0.421703296703"
"73","0.697434065934","0.771978021978","0.398351648352"
"74","0.696800412088","0.771978021978","0.369505494505"
"75","0.696821978022","0.771978021978","0.406593406593"
"76","0.696826098901","0.771978021978","0.423076923077"
"77","0.697060576923","0.771978021978","0.403846153846"
"78","0.697404395604","0.771978021978","0.43956043956"
"79","0.697656868132","0.771978021978","0.364010989011"
"80","0.69688228022","0.771978021978","0.423076923077"
"81","0.697835989011","0.774725274725","0.423076923077"
"82","0.697630906593","0.774725274725","0.416208791209"
"83","0.698479945055","0.774725274725","0.403846153846"
"84","0.698601098901","0.774725274725","0.361263736264"
"85","0.6985375","0.774725274725","0.385989010989"
"86","0.698193543956","0.774725274725","0.398351648352"
"87","0.698432554945","0.774725274725","0.416208791209"
"88","0.698250686813","0.774725274725","0.399725274725"
"89","0.697867307692","0.774725274725","0.381868131868"
"90","0.698738049451","0.774725274725","0.413461538462"
"91","0.699478983516","0.774725274725","0.427197802198"
"92","0.699343956044","0.774725274725","0.385989010989"
"93","0.699039010989","0.774725274725","0.412087912088"
"94","0.699273901099","0.774725274725","0.416208791209"
"95","0.700180906593","0.774725274725","0.421703296703"
"96","0.700162912088","0.774725274725","0.427197802198"
"97","0.699596565934","0.776098901099","0.40521978022"
"98","0.700665521978","0.776098901099","0.412087912088"
"99","0.700560027473","0.776098901099","0.388736263736"
"100","0.700402197802","0.776098901099","0.406593406593"
"101","0.700276098901","0.776098901099","0.409340659341"
"102","0.700477197802","0.776098901099","0.407967032967"
"103","0.700943269231","0.776098901099","0.425824175824"
"104","0.700831868132","0.776098901099","0.394230769231"
"105","0.701360302198","0.776098901099","0.429945054945"
"106","0.701475412088","0.776098901099","0.392857142857"
"107","0.701307142857","0.776098901099","0.369505494505"
"108","0.702086401099","0.776098901099","0.418956043956"
"109","0.702800412088","0.776098901099","0.402472527473"
"110","0.702590659341","0.776098901099","0.40521978022"
"111","0.702653983516","0.776098901099","0.436813186813"
"112","0.701240796703","0.776098901099","0.395604395604"
"113","0.702252335165","0.776098901099","0.407967032967"
"114","0.702565934066","0.776098901099","0.425824175824"
"115","0.702309615385","0.776098901099","0.410714285714"
"116","0.702300412088","0.776098901099","0.399725274725"
"117","0.702653708791","0.776098901099","0.43543956044"
"118","0.703155631868","0.776098901099","0.377747252747"
"119","0.703956318681","0.776098901099","0.417582417582"
"120","0.703932417582","0.776098901099","0.410714285714"
"121","0.703268406593","0.776098901099","0.431318681319"
"122","0.704185989011","0.776098901099","0.407967032967"
"123","0.70382032967","0.776098901099","0.431318681319"
"124","0.703232005495","0.776098901099","0.366758241758"
"125","0.703018956044","0.776098901099","0.401098901099"
"126","0.703169505495","0.776098901099","0.427197802198"
"127","0.703763736264","0.776098901099","0.447802197802"
"128","0.703419230769","0.776098901099","0.436813186813"
"129","0.703695192308","0.776098901099","0.436813186813"
"130","0.704106868132","0.776098901099","0.421703296703"
"131","0.703789697802","0.776098901099","0.365384615385"
"132","0.703901510989","0.776098901099","0.416208791209"
"133","0.703327884615","0.776098901099","0.418956043956"
"134","0.704266895604","0.776098901099","0.45467032967"
"135","0.704444505495","0.776098901099","0.449175824176"
"136","0.704387912088","0.776098901099","0.436813186813"
"137","0.70508021978","0.776098901099","0.434065934066"
"138","0.70497239011","0.776098901099","0.421703296703"
"139","0.705110989011","0.776098901099","0.449175824176"
"140","0.705528708791","0.776098901099","0.427197802198"
"141","0.705456043956","0.776098901099","0.399725274725"
"142","0.706752335165","0.776098901099","0.431318681319"
"143","0.706008104396","0.776098901099","0.446428571429"
"144","0.706286813187","0.776098901099","0.42032967033"
"145","0.705782554945","0.776098901099","0.35989010989"
"146","0.705522664835","0.776098901099","0.43956043956"
"147","0.705261675824","0.776098901099","0.450549450549"
"148","0.706017307692","0.776098901099","0.381868131868"
"149","0.706056593407","0.776098901099","0.450549450549"
"150","0.706393818681","0.776098901099","0.403846153846"
"151","0.705942032967","0.776098901099","0.414835164835"
"152","0.706294230769","0.776098901099","0.425824175824"
"153","0.706117994505","0.776098901099","0.446428571429"
"154","0.706630494505","0.776098901099","0.39010989011"
"155","0.706761675824","0.776098901099","0.372252747253"
"156","0.706329120879","0.776098901099","0.432692307692"
"157","0.706568269231","0.776098901099","0.413461538462"
"158","0.706890796703","0.776098901099","0.414835164835"
"159","0.707574725275","0.776098901099","0.45467032967"
"160","0.707844917582","0.776098901099","0.418956043956"
"161","0.707300549451","0.776098901099","0.407967032967"
"162","0.706861401099","0.776098901099","0.446428571429"
"163","0.707252747253","0.776098901099","0.450549450549"
"164","0.707358516484","0.776098901099","0.438186813187"
"165","0.708062774725","0.776098901099","0.412087912088"
"166","0.708115659341","0.776098901099","0.427197802198"
"167","0.707736813187","0.776098901099","0.436813186813"
"168","0.707411401099","0.776098901099","0.446428571429"
"169","0.707180769231","0.776098901099","0.432692307692"
"170","0.707658104396","0.776098901099","0.418956043956"
"171","0.708114697802","0.776098901099","0.406593406593"
"172","0.707931181319","0.776098901099","0.427197802198"
"173","0.707492032967","0.776098901099","0.436813186813"
"174","0.708210851648","0.776098901099","0.402472527473"
"175","0.707496428571","0.776098901099","0.417582417582"
"176","0.708101236264","0.776098901099","0.451923076923"
"177","0.708907967033","0.776098901099","0.462912087912"
"178","0.708529258242","0.776098901099","0.431318681319"
"179","0.70829478022","0.776098901099","0.43543956044"
"180","0.708970192308","0.776098901099","0.456043956044"
"181","0.70866510989","0.776098901099","0.449175824176"
"182","0.708028846154","0.776098901099","0.457417582418"
"183","0.707749313187","0.777472527473","0.440934065934"
"184","0.708488461538","0.777472527473","0.403846153846"
"185","0.708882692308","0.777472527473","0.445054945055"
"186","0.709167445055","0.777472527473","0.451923076923"
"187","0.709631043956","0.777472527473","0.425824175824"
"188","0.709948626374","0.777472527473","0.416208791209"
"189","0.708843543956","0.777472527473","0.445054945055"
"190","0.709545879121","0.777472527473","0.451923076923"
"191","0.709751785714","0.777472527473","0.446428571429"
"192","0.70993489011","0.777472527473","0.440934065934"
"193","0.709538049451","0.777472527473","0.450549450549"
"194","0.709833241758","0.777472527473","0.429945054945"
"195","0.709231868132","0.777472527473","0.436813186813"
"196","0.709211538462","0.777472527473","0.409340659341"
"197","0.709683516484","0.777472527473","0.438186813187"
"198","0.709629258242","0.777472527473","0.46978021978"
"199","0.710050412088","0.777472527473","0.434065934066"
"200","0.709218681319","0.777472527473","0.429945054945"
"201","0.709979532967","0.777472527473","0.427197802198"
"202","0.710255357143","0.777472527473","0.438186813187"
"203","0.70983489011","0.777472527473","0.450549450549"
"204","0.710148214286","0.777472527473","0.45467032967"
"205","0.710384615385","0.777472527473","0.381868131868"
"206","0.710090659341","0.777472527473","0.446428571429"
"207","0.710035302198","0.777472527473","0.428571428571"
"208","0.709832005495","0.777472527473","0.449175824176"
"209","0.709332417582","0.777472527473","0.409340659341"
"210","0.709609065934","0.777472527473","0.447802197802"
"211","0.710489285714","0.777472527473","0.436813186813"
"212","0.710728571429","0.777472527473","0.428571428571"
"213","0.711270467033","0.777472527473","0.421703296703"
"214","0.711178846154","0.777472527473","0.403846153846"
"215","0.710711401099","0.777472527473","0.458791208791"
"216","0.711157005495","0.777472527473","0.445054945055"
"217","0.711780494505","0.777472527473","0.424450549451"
"218","0.711250412088","0.777472527473","0.443681318681"
"219","0.711544642857","0.777472527473","0.465659340659"
"220","0.710585576923","0.777472527473","0.431318681319"
"221","0.711326510989","0.777472527473","0.380494505495"
"222","0.71119478022","0.777472527473","0.449175824176"
"223","0.711025686813","0.777472527473","0.428571428571"
"224","0.711435714286","0.777472527473","0.429945054945"
"225","0.711251923077","0.777472527473","0.421703296703"
"226","0.711415796703","0.777472527473","0.450549450549"
"227","0.712401510989","0.777472527473","0.427197802198"
"228","0.711721153846","0.777472527473","0.440934065934"
"229","0.711580631868","0.777472527473","0.42032967033"
"230","0.711240247253","0.777472527473","0.412087912088"
"231","0.711499038462","0.777472527473","0.395604395604"
"232","0.710886401099","0.777472527473","0.43956043956"
"233","0.711290384615","0.777472527473","0.425824175824"
"234","0.712212637363","0.777472527473","0.410714285714"
"235","0.711568406593","0.777472527473","0.402472527473"
"236","0.712039835165","0.777472527473","0.423076923077"
"237","0.712443131868","0.777472527473","0.432692307692"
"238","0.711830631868","0.777472527473","0.432692307692"
"239","0.713134615385","0.777472527473","0.388736263736"
"240","0.712105906593","0.777472527473","0.443681318681"
"241","0.712176373626","0.777472527473","0.425824175824"
"242","0.712246978022","0.777472527473","0.429945054945"
"243","0.712025824176","0.777472527473","0.407967032967"
"244","0.712032554945","0.777472527473","0.443681318681"
"245","0.712485989011","0.777472527473","0.431318681319"
"246","0.712678296703","0.778846153846","0.424450549451"
"247","0.712210851648","0.778846153846","0.412087912088"
"248","0.711901923077","0.778846153846","0.447802197802"
"249","0.712897252747","0.778846153846","0.438186813187"
"250","0.712847115385","0.778846153846","0.398351648352"
"251","0.71280521978","0.778846153846","0.443681318681"
"252","0.712799450549","0.778846153846","0.436813186813"
"253","0.713412087912","0.778846153846","0.456043956044"
"254","0.712915796703","0.778846153846","0.45467032967"
"255","0.712863873626","0.778846153846","0.443681318681"
"256","0.713241208791","0.778846153846","0.431318681319"
"257","0.712741758242","0.778846153846","0.442307692308"
"258","0.713698626374","0.778846153846","0.45467032967"
"259","0.713081730769","0.778846153846","0.462912087912"
"260","0.713290384615","0.778846153846","0.446428571429"
"261","0.714171291209","0.778846153846","0.46978021978"
"262","0.713252197802","0.778846153846","0.442307692308"
"263","0.713740659341","0.778846153846","0.438186813187"
"264","0.713398626374","0.778846153846","0.445054945055"
"265","0.713305494505","0.778846153846","0.407967032967"
"266","0.713230494505","0.778846153846","0.461538461538"
"267","0.713638598901","0.778846153846","0.447802197802"
"268","0.713496016484","0.778846153846","0.446428571429"
"269","0.713271978022","0.778846153846","0.451923076923"
"270","0.713351510989","0.778846153846","0.446428571429"
"271","0.713306181319","0.778846153846","0.442307692308"
"272","0.713326098901","0.778846153846","0.427197802198"
"273","0.712731730769","0.778846153846","0.438186813187"
"274","0.713463736264","0.778846153846","0.438186813187"
"275","0.713878434066","0.778846153846","0.421703296703"
"276","0.713829258242","0.778846153846","0.468406593407"
"277","0.713954945055","0.778846153846","0.445054945055"
"278","0.714234065934","0.778846153846","0.425824175824"
"279","0.714296978022","0.778846153846","0.431318681319"
"280","0.714159752747","0.778846153846","0.442307692308"
"281","0.714158379121","0.778846153846","0.450549450549"
"282","0.713910164835","0.778846153846","0.446428571429"
"283","0.713951373626","0.778846153846","0.443681318681"
"284","0.714057417582","0.778846153846","0.427197802198"
"285","0.714003708791","0.778846153846","0.425824175824"
"286","0.714316758242","0.778846153846","0.465659340659"
"287","0.714030357143","0.778846153846","0.427197802198"
"288","0.714454532967","0.778846153846","0.425824175824"
"289","0.714323076923","0.778846153846","0.476648351648"
"290","0.715020741758","0.778846153846","0.440934065934"
"291","0.714627472527","0.778846153846","0.42032967033"
"292","0.714692857143","0.778846153846","0.446428571429"
"293","0.714895192308","0.778846153846","0.428571428571"
"294","0.714900824176","0.778846153846","0.432692307692"
"295","0.714880082418","0.778846153846","0.429945054945"
"296","0.714108516484","0.778846153846","0.432692307692"
"297","0.714381456044","0.778846153846","0.428571428571"
"298","0.714310027473","0.778846153846","0.423076923077"
"299","0.714293406593","0.778846153846","0.465659340659"
"300","0.715404532967","0.778846153846","0.457417582418"
"301","0.714647802198","0.778846153846","0.443681318681"
"302","0.71545521978","0.778846153846","0.432692307692"
"303","0.715206868132","0.778846153846","0.377747252747"
"304","0.715266483516","0.778846153846","0.446428571429"
"305","0.715389285714","0.778846153846","0.460164835165"
"306","0.714141071429","0.778846153846","0.438186813187"
"307","0.715584203297","0.778846153846","0.457417582418"
"308","0.715053021978","0.778846153846","0.413461538462"
"309","0.715309203297","0.778846153846","0.442307692308"
"310","0.715390384615","0.778846153846","0.458791208791"
"311","0.715784478022","0.778846153846","0.45467032967"
"312","0.714956593407","0.778846153846","0.423076923077"
"313","0.71450467033","0.778846153846","0.413461538462"
"314","0.715026785714","0.778846153846","0.424450549451"
"315","0.71599739011","0.778846153846","0.450549450549"
"316","0.715409203297","0.778846153846","0.43956043956"
"317","0.716217307692","0.778846153846","0.450549450549"
"318","0.715359752747","0.778846153846","0.445054945055"
"319","0.715059615385","0.778846153846","0.43543956044"
"320","0.715230906593","0.778846153846","0.401098901099"
"321","0.715951923077","0.778846153846","0.418956043956"
"322","0.716150412088","0.778846153846","0.438186813187"
"323","0.716215796703","0.778846153846","0.449175824176"
"324","0.715941620879","0.778846153846","0.427197802198"
"325","0.715574038462","0.778846153846","0.43956043956"
"326","0.716003434066","0.778846153846","0.447802197802"
"327","0.71628489011","0.778846153846","0.475274725275"
"328","0.715849587912","0.778846153846","0.445054945055"
"329","0.715594368132","0.778846153846","0.427197802198"
"330","0.71628021978","0.778846153846","0.427197802198"
"331","0.716268681319","0.778846153846","0.429945054945"
"332","0.716644368132","0.778846153846","0.45467032967"
"333","0.717097802198","0.778846153846","0.43543956044"
"334","0.71710467033","0.778846153846","0.449175824176"
"335","0.716329807692","0.778846153846","0.427197802198"
"336","0.716901923077","0.778846153846","0.417582417582"
"337","0.716863049451","0.778846153846","0.443681318681"
"338","0.716310027473","0.778846153846","0.438186813187"
"339","0.716591208791","0.778846153846","0.45467032967"
"340","0.716310714286","0.778846153846","0.429945054945"
"341","0.716512774725","0.778846153846","0.45467032967"
"342","0.717005494505","0.778846153846","0.421703296703"
"343","0.71660521978","0.778846153846","0.427197802198"
"344","0.716345879121","0.778846153846","0.417582417582"
"345","0.716331318681","0.778846153846","0.446428571429"
"346","0.717148489011","0.778846153846","0.443681318681"
"347","0.716604120879","0.778846153846","0.436813186813"
"348","0.716117307692","0.778846153846","0.434065934066"
"349","0.71676717033","0.778846153846","0.407967032967"
"350","0.716217445055","0.778846153846","0.45467032967"
"351","0.716211263736","0.778846153846","0.456043956044"
"352","0.716494642857","0.778846153846","0.423076923077"
"353","0.71711771978","0.778846153846","0.467032967033"
"354","0.716863049451","0.778846153846","0.431318681319"
"355","0.717225961538","0.778846153846","0.450549450549"
"356","0.716938324176","0.778846153846","0.461538461538"
"357","0.71676771978","0.778846153846","0.471153846154"
"358","0.717410576923","0.778846153846","0.440934065934"
"359","0.717591071429","0.778846153846","0.413461538462"
"360","0.717624725275","0.778846153846","0.431318681319"
"361","0.716708653846","0.778846153846","0.457417582418"
"362","0.716472527473","0.778846153846","0.451923076923"
"363","0.717283241758","0.778846153846","0.446428571429"
"364","0.717140659341","0.778846153846","0.456043956044"
"365","0.716967032967","0.778846153846","0.450549450549"
"366","0.71721978022","0.778846153846","0.443681318681"
"367","0.716403983516","0.778846153846","0.451923076923"
"368","0.71719532967","0.778846153846","0.461538461538"
"369","0.716793543956","0.778846153846","0.428571428571"
"370","0.716603983516","0.778846153846","0.401098901099"
"371","0.717118956044","0.778846153846","0.460164835165"
"372","0.717266758242","0.778846153846","0.446428571429"
"373","0.718096703297","0.778846153846","0.440934065934"
"374","0.718124450549","0.778846153846","0.456043956044"
"375","0.71821717033","0.778846153846","0.445054945055"
"376","0.717144917582","0.778846153846","0.428571428571"
"377","0.717463049451","0.778846153846","0.468406593407"
"378","0.716972527473","0.778846153846","0.445054945055"
"379","0.718417857143","0.778846153846","0.43543956044"
"380","0.717780357143","0.778846153846","0.417582417582"
"381","0.717349725275","0.778846153846","0.42032967033"
"382","0.718154532967","0.778846153846","0.442307692308"
"383","0.717728846154","0.778846153846","0.464285714286"
"384","0.717722802198","0.778846153846","0.434065934066"
"385","0.71709217033","0.778846153846","0.464285714286"
"386","0.717391895604","0.778846153846","0.465659340659"
"387","0.718501510989","0.778846153846","0.451923076923"
"388","0.717914697802","0.778846153846","0.460164835165"
"389","0.717337637363","0.778846153846","0.442307692308"
"390","0.717718818681","0.778846153846","0.446428571429"
"391","0.71727293956","0.778846153846","0.465659340659"
"392","0.718127884615","0.778846153846","0.436813186813"
"393","0.718054945055","0.778846153846","0.407967032967"
"394","0.718172664835","0.778846153846","0.438186813187"
"395","0.718119642857","0.778846153846","0.451923076923"
"396","0.718022802198","0.778846153846","0.414835164835"
"397","0.71817293956","0.778846153846","0.473901098901"
"398","0.719230769231","0.778846153846","0.431318681319"
"399","0.719140247253","0.778846153846","0.442307692308"
"400","0.718599313187","0.778846153846","0.472527472527"
"401","0.718850274725","0.778846153846","0.487637362637"
"402","0.719329258242","0.778846153846","0.43956043956"
"403","0.718516071429","0.778846153846","0.457417582418"
"404","0.7183875","0.778846153846","0.417582417582"
"405","0.718785302198","0.778846153846","0.461538461538"
"406","0.718631181319","0.778846153846","0.442307692308"
"407","0.718469505495","0.778846153846","0.434065934066"
"408","0.718405357143","0.778846153846","0.417582417582"
"409","0.718539835165","0.778846153846","0.421703296703"
"410","0.718258241758","0.778846153846","0.42032967033"
"411","0.718350274725","0.778846153846","0.436813186813"
"412","0.718708516484","0.778846153846","0.449175824176"
"413","0.718245467033","0.778846153846","0.421703296703"
"414","0.71854271978","0.778846153846","0.456043956044"
"415","0.719191758242","0.778846153846","0.456043956044"
"416","0.718946565934","0.778846153846","0.449175824176"
"417","0.7188625","0.778846153846","0.461538461538"
"418","0.719043543956","0.778846153846","0.465659340659"
"419","0.718403296703","0.778846153846","0.461538461538"
"420","0.719042582418","0.778846153846","0.425824175824"
"421","0.718875","0.778846153846","0.440934065934"
"422","0.718961263736","0.778846153846","0.443681318681"
"423","0.719043956044","0.778846153846","0.453296703297"
"424","0.718471291209","0.778846153846","0.42032967033"
"425","0.71936978022","0.778846153846","0.451923076923"
"426","0.719417307692","0.778846153846","0.425824175824"
"427","0.719063873626","0.778846153846","0.446428571429"
"428","0.718239697802","0.778846153846","0.461538461538"
"429","0.719069917582","0.778846153846","0.446428571429"
"430","0.719153846154","0.778846153846","0.377747252747"
"431","0.719346153846","0.778846153846","0.453296703297"
"432","0.71931456044","0.778846153846","0.418956043956"
"433","0.719382967033","0.778846153846","0.461538461538"
"434","0.718950549451","0.778846153846","0.396978021978"
"435","0.719125412088","0.778846153846","0.462912087912"
"436","0.719328159341","0.778846153846","0.447802197802"
"437","0.718805494505","0.778846153846","0.467032967033"
"438","0.719241758242","0.778846153846","0.43543956044"
"439","0.718994093407","0.778846153846","0.431318681319"
"440","0.719476510989","0.778846153846","0.450549450549"
"441","0.71949532967","0.778846153846","0.445054945055"
"442","0.719617307692","0.778846153846","0.461538461538"
"443","0.719769368132","0.778846153846","0.445054945055"
"444","0.719893269231","0.778846153846","0.451923076923"
"445","0.719726373626","0.778846153846","0.432692307692"
"446","0.720400824176","0.778846153846","0.440934065934"
"447","0.719966208791","0.778846153846","0.461538461538"
"448","0.719823489011","0.778846153846","0.464285714286"
"449","0.719596565934","0.778846153846","0.449175824176"
"450","0.719556456044","0.778846153846","0.432692307692"
"451","0.720529120879","0.778846153846","0.45467032967"
"452","0.719945879121","0.778846153846","0.429945054945"
"453","0.719785164835","0.778846153846","0.451923076923"
"454","0.719744093407","0.778846153846","0.475274725275"
"455","0.720405631868","0.778846153846","0.449175824176"
"456","0.720560027473","0.778846153846","0.449175824176"
"457","0.719556593407","0.778846153846","0.424450549451"
"458","0.719481730769","0.778846153846","0.443681318681"
"459","0.719709615385","0.778846153846","0.473901098901"
"460","0.719683653846","0.778846153846","0.461538461538"
"461","0.719276923077","0.778846153846","0.458791208791"
"462","0.71964478022","0.778846153846","0.434065934066"
"463","0.719258241758","0.778846153846","0.45467032967"
"464","0.719142857143","0.778846153846","0.425824175824"
"465","0.719889285714","0.778846153846","0.43956043956"
"466","0.720028296703","0.778846153846","0.42032967033"
"467","0.719956181319","0.778846153846","0.432692307692"
"468","0.719437637363","0.778846153846","0.462912087912"
"469","0.719456181319","0.778846153846","0.446428571429"
"470","0.719605631868","0.778846153846","0.445054945055"
"471","0.720125137363","0.778846153846","0.446428571429"
"472","0.720448489011","0.778846153846","0.438186813187"
"473","0.720168269231","0.778846153846","0.440934065934"
"474","0.720495741758","0.778846153846","0.468406593407"
"475","0.719657142857","0.778846153846","0.447802197802"
"476","0.720066620879","0.778846153846","0.440934065934"
"477","0.720563049451","0.778846153846","0.450549450549"
"478","0.720278571429","0.778846153846","0.438186813187"
"479","0.720516758242","0.778846153846","0.468406593407"
"480","0.720494917582","0.778846153846","0.45467032967"
"481","0.720366758242","0.778846153846","0.40521978022"
"482","0.720023626374","0.778846153846","0.451923076923"
"483","0.720136126374","0.778846153846","0.429945054945"
"484","0.720931318681","0.778846153846","0.445054945055"
"485","0.720559615385","0.778846153846","0.450549450549"
"486","0.720606318681","0.778846153846","0.465659340659"
"487","0.719196428571","0.778846153846","0.456043956044"
"488","0.719744368132","0.778846153846","0.445054945055"
"489","0.720046428571","0.778846153846","0.43543956044"
"490","0.720617032967","0.778846153846","0.421703296703"
"491","0.721212362637","0.778846153846","0.445054945055"
"492","0.720747527473","0.778846153846","0.45467032967"
"493","0.720589010989","0.778846153846","0.428571428571"
"494","0.720640659341","0.778846153846","0.461538461538"
"495","0.720796565934","0.778846153846","0.446428571429"
"496","0.721278983516","0.778846153846","0.445054945055"
"497","0.721176236264","0.778846153846","0.45467032967"
"498","0.721043681319","0.778846153846","0.43543956044"
"499","0.720627747253","0.778846153846","0.43956043956"
"500","0.720206456044","0.778846153846","0.450549450549"
"501","0.720396978022","0.778846153846","0.46978021978"
"502","0.720533241758","0.778846153846","0.471153846154"
"503","0.720401373626","0.778846153846","0.432692307692"
"504","0.721357692308","0.778846153846","0.457417582418"
"505","0.720811401099","0.778846153846","0.440934065934"
"506","0.720810164835","0.778846153846","0.442307692308"
"507","0.721303708791","0.778846153846","0.432692307692"
"508","0.721990521978","0.778846153846","0.487637362637"
"509","0.721308516484","0.778846153846","0.458791208791"
"510","0.721326923077","0.778846153846","0.447802197802"
"511","0.722398214286","0.778846153846","0.472527472527"
"512","0.721526510989","0.778846153846","0.451923076923"
"513","0.721378296703","0.778846153846","0.440934065934"
"514","0.720764972527","0.778846153846","0.46978021978"
"515","0.72045521978","0.778846153846","0.472527472527"
"516","0.720999587912","0.778846153846","0.48489010989"
"517","0.720489835165","0.778846153846","0.436813186813"
"518","0.721604807692","0.778846153846","0.472527472527"
"519","0.721276785714","0.778846153846","0.468406593407"
"520","0.721895192308","0.778846153846","0.467032967033"
"521","0.721316346154","0.778846153846","0.443681318681"
"522","0.721809615385","0.778846153846","0.472527472527"
"523","0.721124725275","0.778846153846","0.468406593407"
"524","0.720772115385","0.778846153846","0.478021978022"
"525","0.720385576923","0.778846153846","0.446428571429"
"526","0.720599313187","0.778846153846","0.473901098901"
"527","0.721585989011","0.778846153846","0.449175824176"
"528","0.720967032967","0.778846153846","0.447802197802"
"529","0.720901510989","0.778846153846","0.460164835165"
"530","0.720934340659","0.778846153846","0.440934065934"
"531","0.721773489011","0.778846153846","0.429945054945"
"532","0.7224875","0.778846153846","0.465659340659"
"533","0.722414148352","0.778846153846","0.48489010989"
"534","0.721745054945","0.778846153846","0.456043956044"
"535","0.722205494505","0.778846153846","0.453296703297"
"536","0.721851098901","0.778846153846","0.476648351648"
"537","0.721641483516","0.778846153846","0.453296703297"
"538","0.722024587912","0.778846153846","0.46978021978"
"539","0.721958928571","0.778846153846","0.462912087912"
"540","0.7218875","0.778846153846","0.443681318681"
"541","0.721157142857","0.778846153846","0.432692307692"
"542","0.721962225275","0.778846153846","0.428571428571"
"543","0.721785302198","0.778846153846","0.442307692308"
"544","0.720589697802","0.778846153846","0.373626373626"
"545","0.72090206044","0.778846153846","0.427197802198"
"546","0.720489285714","0.778846153846","0.431318681319"
"547","0.721058104396","0.778846153846","0.425824175824"
"548","0.721600412088","0.778846153846","0.434065934066"
"549","0.721908653846","0.778846153846","0.467032967033"
"550","0.721595604396","0.778846153846","0.449175824176"
"551","0.721546565934","0.778846153846","0.456043956044"
"552","0.721974175824","0.778846153846","0.427197802198"
"553","0.721230769231","0.778846153846","0.438186813187"
"554","0.722198351648","0.778846153846","0.468406593407"
"555","0.72131771978","0.778846153846","0.457417582418"
"556","0.721596840659","0.778846153846","0.471153846154"
"557","0.720998214286","0.778846153846","0.473901098901"
"558","0.721895604396","0.778846153846","0.43543956044"
"559","0.722203708791","0.778846153846","0.461538461538"
"560","0.721984203297","0.778846153846","0.457417582418"
"561","0.721946153846","0.778846153846","0.425824175824"
"562","0.721538186813","0.778846153846","0.43543956044"
"563","0.722003434066","0.778846153846","0.423076923077"
"564","0.722460714286","0.778846153846","0.467032967033"
"565","0.722581730769","0.778846153846","0.431318681319"
"566","0.722886401099","0.778846153846","0.456043956044"
"567","0.72255206044","0.778846153846","0.440934065934"
"568","0.723341346154","0.778846153846","0.453296703297"
"569","0.72292293956","0.778846153846","0.446428571429"
"570","0.722401373626","0.778846153846","0.457417582418"
"571","0.722712225275","0.778846153846","0.418956043956"
"572","0.723070467033","0.778846153846","0.443681318681"
"573","0.722814423077","0.778846153846","0.457417582418"
"574","0.722099450549","0.778846153846","0.451923076923"
"575","0.721643681319","0.778846153846","0.406593406593"
"576","0.721503296703","0.778846153846","0.442307692308"
"577","0.721743406593","0.778846153846","0.417582417582"
"578","0.721743681319","0.778846153846","0.450549450549"
"579","0.721882142857","0.778846153846","0.457417582418"
"580","0.721823763736","0.778846153846","0.487637362637"
"581","0.723130906593","0.778846153846","0.429945054945"
"582","0.722874725275","0.778846153846","0.473901098901"
"583","0.722537774725","0.778846153846","0.476648351648"
"584","0.721974450549","0.778846153846","0.465659340659"
"585","0.722457417582","0.778846153846","0.483516483516"
"586","0.722257554945","0.778846153846","0.453296703297"
"587","0.721973351648","0.778846153846","0.460164835165"
"588","0.722320741758","0.778846153846","0.451923076923"
"589","0.722506730769","0.778846153846","0.478021978022"
"590","0.721828159341","0.778846153846","0.445054945055"
"591","0.721726785714","0.778846153846","0.443681318681"
"592","0.722434478022","0.778846153846","0.457417582418"
"593","0.72190728022","0.778846153846","0.464285714286"
"594","0.722736263736","0.778846153846","0.429945054945"
"595","0.72291717033","0.778846153846","0.472527472527"
"596","0.722300412088","0.778846153846","0.442307692308"
"597","0.722566758242","0.778846153846","0.445054945055"
"598","0.723175549451","0.778846153846","0.443681318681"
"599","0.723058241758","0.778846153846","0.449175824176"
"600","0.723250274725","0.778846153846","0.440934065934"
"601","0.722871291209","0.778846153846","0.465659340659"
"602","0.722611126374","0.778846153846","0.467032967033"
"603","0.723457417582","0.778846153846","0.460164835165"
"604","0.723656456044","0.778846153846","0.457417582418"
"605","0.723162362637","0.778846153846","0.456043956044"
"606","0.722621978022","0.778846153846","0.472527472527"
"607","0.723035576923","0.778846153846","0.442307692308"
"608","0.722989697802","0.778846153846","0.440934065934"
"609","0.723178983516","0.778846153846","0.475274725275"
"610","0.722755769231","0.778846153846","0.416208791209"
"611","0.722259065934","0.778846153846","0.467032967033"
"612","0.722544917582","0.778846153846","0.447802197802"
"613","0.722450961538","0.778846153846","0.442307692308"
"614","0.72246978022","0.778846153846","0.471153846154"
"615","0.722933653846","0.778846153846","0.442307692308"
"616","0.722818131868","0.778846153846","0.476648351648"
"617","0.723410989011","0.778846153846","0.43956043956"
"618","0.722623351648","0.778846153846","0.438186813187"
"619","0.723558379121","0.778846153846","0.472527472527"
"620","0.722660989011","0.778846153846","0.460164835165"
"621","0.723083653846","0.778846153846","0.450549450549"
"622","0.723391483516","0.778846153846","0.476648351648"
"623","0.723947527473","0.778846153846","0.475274725275"
"624","0.723375274725","0.778846153846","0.467032967033"
"625","0.723389010989","0.778846153846","0.456043956044"
"626","0.723321840659","0.778846153846","0.476648351648"
"627","0.722792857143","0.778846153846","0.45467032967"
"628","0.722208791209","0.778846153846","0.423076923077"
"629","0.722301236264","0.778846153846","0.440934065934"
"630","0.723235164835","0.778846153846","0.442307692308"
"631","0.723064285714","0.778846153846","0.464285714286"
"632","0.723687362637","0.778846153846","0.471153846154"
"633","0.723109752747","0.778846153846","0.425824175824"
"634","0.723709752747","0.778846153846","0.468406593407"
"635","0.722743406593","0.778846153846","0.438186813187"
"636","0.722731318681","0.778846153846","0.460164835165"
"637","0.722979395604","0.778846153846","0.413461538462"
"638","0.724124313187","0.778846153846","0.432692307692"
"639","0.722905494505","0.778846153846","0.445054945055"
"640","0.723880769231","0.778846153846","0.453296703297"
"641","0.723478021978","0.778846153846","0.457417582418"
"642","0.722701923077","0.778846153846","0.436813186813"
"643","0.722728021978","0.778846153846","0.449175824176"
"644","0.723035851648","0.778846153846","0.43543956044"
"645","0.723562362637","0.778846153846","0.45467032967"
"646","0.72416510989","0.778846153846","0.425824175824"
"647","0.723305357143","0.778846153846","0.43956043956"
"648","0.723440384615","0.778846153846","0.467032967033"
"649","0.723683928571","0.778846153846","0.45467032967"
"650","0.72386456044","0.778846153846","0.432692307692"
"651","0.723904945055","0.778846153846","0.447802197802"
"652","0.723965659341","0.778846153846","0.457417582418"
"653","0.723988324176","0.778846153846","0.429945054945"
"654","0.723550961538","0.778846153846","0.456043956044"
"655","0.724023763736","0.778846153846","0.464285714286"
"656","0.723577197802","0.778846153846","0.451923076923"
"657","0.723521840659","0.778846153846","0.468406593407"
"658","0.722986126374","0.778846153846","0.446428571429"
"659","0.723411813187","0.778846153846","0.468406593407"
"660","0.723607142857","0.778846153846","0.461538461538"
"661","0.722959340659","0.778846153846","0.440934065934"
"662","0.723203846154","0.778846153846","0.442307692308"
"663","0.723728296703","0.778846153846","0.473901098901"
"664","0.72390989011","0.778846153846","0.443681318681"
"665","0.724777335165","0.778846153846","0.45467032967"
"666","0.72451978022","0.778846153846","0.43543956044"
"667","0.723200961538","0.778846153846","0.451923076923"
"668","0.723471978022","0.778846153846","0.445054945055"
"669","0.723558653846","0.778846153846","0.442307692308"
"670","0.723581456044","0.778846153846","0.445054945055"
"671","0.723498076923","0.778846153846","0.45467032967"
"672","0.722689010989","0.778846153846","0.465659340659"
"673","0.723307554945","0.778846153846","0.453296703297"
"674","0.723891071429","0.778846153846","0.418956043956"
"675","0.723847664835","0.778846153846","0.45467032967"
"676","0.723531318681","0.778846153846","0.478021978022"
"677","0.723228159341","0.778846153846","0.431318681319"
"678","0.723719368132","0.778846153846","0.456043956044"
"679","0.724095879121","0.778846153846","0.388736263736"
"680","0.723171153846","0.778846153846","0.427197802198"
"681","0.722789010989","0.778846153846","0.453296703297"
"682","0.724004258242","0.778846153846","0.460164835165"
"683","0.72399532967","0.778846153846","0.443681318681"
"684","0.724836813187","0.778846153846","0.480769230769"
"685","0.7244375","0.778846153846","0.478021978022"
"686","0.724003159341","0.778846153846","0.476648351648"
"687","0.724331730769","0.778846153846","0.460164835165"
"688","0.724600549451","0.778846153846","0.453296703297"
"689","0.724445054945","0.778846153846","0.48489010989"
"690","0.724864972527","0.778846153846","0.450549450549"
"691","0.724762774725","0.778846153846","0.431318681319"
"692","0.724999862637","0.778846153846","0.479395604396"
"693","0.724220741758","0.778846153846","0.446428571429"
"694","0.723693406593","0.778846153846","0.451923076923"
"695","0.724535714286","0.778846153846","0.429945054945"
"696","0.724014835165","0.778846153846","0.465659340659"
"697","0.724118956044","0.778846153846","0.473901098901"
"698","0.724557005495","0.778846153846","0.464285714286"
"699","0.724239835165","0.778846153846","0.442307692308"
"700","0.724313598901","0.778846153846","0.471153846154"
"701","0.723432692308","0.778846153846","0.451923076923"
"702","0.723888324176","0.778846153846","0.456043956044"
"703","0.723714010989","0.778846153846","0.467032967033"
"704","0.72410260989","0.778846153846","0.475274725275"
"705","0.724521291209","0.778846153846","0.445054945055"
"706","0.72431456044","0.778846153846","0.442307692308"
"707","0.725139697802","0.778846153846","0.486263736264"
"708","0.724896153846","0.778846153846","0.468406593407"
"709","0.724224450549","0.778846153846","0.450549450549"
"710","0.724771291209","0.778846153846","0.472527472527"
"711","0.72468228022","0.778846153846","0.472527472527"
"712","0.724425686813","0.778846153846","0.475274725275"
"713","0.724074313187","0.778846153846","0.464285714286"
"714","0.723866208791","0.778846153846","0.451923076923"
"715","0.724237774725","0.778846153846","0.471153846154"
"716","0.723754807692","0.778846153846","0.464285714286"
"717","0.725111813187","0.778846153846","0.43543956044"
"718","0.724470879121","0.778846153846","0.472527472527"
"719","0.724349175824","0.778846153846","0.472527472527"
"720","0.724623901099","0.778846153846","0.428571428571"
"721","0.724963873626","0.778846153846","0.432692307692"
"722","0.724651098901","0.778846153846","0.462912087912"
"723","0.724741483516","0.778846153846","0.476648351648"
"724","0.723724175824","0.778846153846","0.456043956044"
"725","0.724084065934","0.778846153846","0.438186813187"
"726","0.724851510989","0.778846153846","0.46978021978"
"727","0.724674175824","0.778846153846","0.416208791209"
"728","0.724413598901","0.778846153846","0.453296703297"
"729","0.724934065934","0.778846153846","0.440934065934"
"730","0.724185027473","0.778846153846","0.457417582418"
"731","0.724535302198","0.778846153846","0.456043956044"
"732","0.72434010989","0.778846153846","0.489010989011"
"733","0.724586950549","0.778846153846","0.464285714286"
"734","0.724779532967","0.778846153846","0.442307692308"
"735","0.725104945055","0.778846153846","0.461538461538"
"736","0.724994368132","0.778846153846","0.442307692308"
"737","0.725193406593","0.778846153846","0.431318681319"
"738","0.725708379121","0.778846153846","0.473901098901"
"739","0.724803571429","0.778846153846","0.431318681319"
"740","0.72434793956","0.778846153846","0.467032967033"
"741","0.724044642857","0.778846153846","0.475274725275"
"742","0.723934752747","0.778846153846","0.421703296703"
"743","0.723718818681","0.778846153846","0.480769230769"
"744","0.723818543956","0.778846153846","0.453296703297"
"745","0.723359752747","0.778846153846","0.42032967033"
"746","0.723464423077","0.778846153846","0.464285714286"
"747","0.724282142857","0.778846153846","0.473901098901"
"748","0.724163324176","0.778846153846","0.468406593407"
"749","0.724321978022","0.778846153846","0.457417582418"
"750","0.724398489011","0.778846153846","0.464285714286"
"751","0.724810302198","0.778846153846","0.468406593407"
"752","0.724963873626","0.778846153846","0.43543956044"
"753","0.724808379121","0.778846153846","0.453296703297"
"754","0.723431456044","0.778846153846","0.465659340659"
"755","0.725073489011","0.778846153846","0.487637362637"
"756","0.725163598901","0.778846153846","0.483516483516"
"757","0.724883928571","0.778846153846","0.46978021978"
"758","0.724890796703","0.778846153846","0.447802197802"
"759","0.725028159341","0.778846153846","0.449175824176"
"760","0.725216071429","0.778846153846","0.446428571429"
"761","0.725409340659","0.778846153846","0.458791208791"
"762","0.72485206044","0.778846153846","0.450549450549"
"763","0.725389697802","0.778846153846","0.451923076923"
"764","0.724585989011","0.778846153846","0.443681318681"
"765","0.723797802198","0.778846153846","0.465659340659"
"766","0.724450137363","0.778846153846","0.473901098901"
"767","0.724447802198","0.778846153846","0.442307692308"
"768","0.724553571429","0.778846153846","0.486263736264"
"769","0.725213461538","0.778846153846","0.43543956044"
"770","0.724886126374","0.778846153846","0.479395604396"
"771","0.725255357143","0.778846153846","0.479395604396"
"772","0.725312637363","0.778846153846","0.427197802198"
"773","0.724735576923","0.778846153846","0.438186813187"
"774","0.724560989011","0.778846153846","0.438186813187"
"775","0.724303159341","0.778846153846","0.451923076923"
"776","0.724683928571","0.778846153846","0.465659340659"
"777","0.725650686813","0.778846153846","0.478021978022"
"778","0.724865247253","0.778846153846","0.414835164835"
"779","0.725347664835","0.778846153846","0.423076923077"
"780","0.725271153846","0.778846153846","0.456043956044"
"781","0.724855769231","0.778846153846","0.429945054945"
"782","0.725404945055","0.778846153846","0.465659340659"
"783","0.725037225275","0.778846153846","0.446428571429"
"784","0.725291620879","0.778846153846","0.471153846154"
"785","0.725225412088","0.778846153846","0.438186813187"
"786","0.726229395604","0.778846153846","0.472527472527"
"787","0.725303296703","0.778846153846","0.473901098901"
"788","0.725304945055","0.778846153846","0.440934065934"
"789","0.725053708791","0.778846153846","0.457417582418"
"790","0.725569917582","0.778846153846","0.462912087912"
"791","0.725361401099","0.778846153846","0.472527472527"
"792","0.725221703297","0.778846153846","0.446428571429"
"793","0.725381730769","0.778846153846","0.456043956044"
"794","0.725726098901","0.778846153846","0.465659340659"
"795","0.725807554945","0.778846153846","0.413461538462"
"796","0.725682554945","0.778846153846","0.465659340659"
"797","0.725911950549","0.778846153846","0.450549450549"
"798","0.72558228022","0.778846153846","0.447802197802"
"799","0.725075824176","0.778846153846","0.414835164835"
"800","0.7259","0.778846153846","0.473901098901"
"801","0.72576043956","0.778846153846","0.460164835165"
"802","0.726116208791","0.778846153846","0.460164835165"
"803","0.726006456044","0.778846153846","0.442307692308"
"804","0.725659478022","0.778846153846","0.471153846154"
"805","0.72520260989","0.778846153846","0.487637362637"
"806","0.725584065934","0.778846153846","0.468406593407"
"807","0.725476098901","0.778846153846","0.473901098901"
"808","0.725361401099","0.778846153846","0.438186813187"
"809","0.725371428571","0.778846153846","0.450549450549"
"810","0.725307142857","0.778846153846","0.471153846154"
"811","0.725406868132","0.778846153846","0.453296703297"
"812","0.725507554945","0.778846153846","0.456043956044"
"813","0.725740659341","0.778846153846","0.456043956044"
"814","0.725319917582","0.778846153846","0.458791208791"
"815","0.725603296703","0.778846153846","0.406593406593"
"816","0.724693131868","0.778846153846","0.465659340659"
"817","0.725309065934","0.778846153846","0.427197802198"
"818","0.724163324176","0.778846153846","0.453296703297"
"819","0.725801648352","0.778846153846","0.438186813187"
"820","0.725141620879","0.778846153846","0.478021978022"
"821","0.725741895604","0.778846153846","0.482142857143"
"822","0.725698763736","0.778846153846","0.487637362637"
"823","0.725839010989","0.778846153846","0.449175824176"
"824","0.726171291209","0.778846153846","0.458791208791"
"825","0.725583104396","0.778846153846","0.491758241758"
"826","0.725863461538","0.778846153846","0.465659340659"
"827","0.725842994505","0.778846153846","0.436813186813"
"828","0.725293818681","0.778846153846","0.431318681319"
"829","0.725070741758","0.778846153846","0.446428571429"
"830","0.725636263736","0.778846153846","0.43956043956"
"831","0.725372802198","0.778846153846","0.450549450549"
"832","0.725429120879","0.778846153846","0.424450549451"
"833","0.725723351648","0.778846153846","0.483516483516"
"834","0.725679532967","0.778846153846","0.476648351648"
"835","0.725903434066","0.778846153846","0.458791208791"
"836","0.725416620879","0.778846153846","0.46978021978"
"837","0.725999450549","0.778846153846","0.487637362637"
"838","0.725669505495","0.778846153846","0.429945054945"
"839","0.726098351648","0.778846153846","0.456043956044"
"840","0.724494093407","0.778846153846","0.451923076923"
"841","0.725510164835","0.778846153846","0.475274725275"
"842","0.726799587912","0.778846153846","0.471153846154"
"843","0.726475961538","0.778846153846","0.432692307692"
"844","0.726224450549","0.778846153846","0.449175824176"
"845","0.726830906593","0.778846153846","0.462912087912"
"846","0.726241346154","0.778846153846","0.461538461538"
"847","0.726331456044","0.778846153846","0.461538461538"
"848","0.725397115385","0.778846153846","0.462912087912"
"849","0.725911538462","0.778846153846","0.468406593407"
"850","0.72596456044","0.778846153846","0.489010989011"
"851","0.725596978022","0.778846153846","0.462912087912"
"852","0.725823763736","0.778846153846","0.478021978022"
"853","0.725449313187","0.778846153846","0.471153846154"
"854","0.725147115385","0.778846153846","0.438186813187"
"855","0.726055357143","0.778846153846","0.476648351648"
"856","0.725368956044","0.778846153846","0.421703296703"
"857","0.725767032967","0.778846153846","0.428571428571"
"858","0.725687912088","0.778846153846","0.432692307692"
"859","0.726261401099","0.778846153846","0.476648351648"
"860","0.726000549451","0.778846153846","0.478021978022"
"861","0.725853021978","0.778846153846","0.479395604396"
"862","0.725904395604","0.778846153846","0.473901098901"
"863","0.725747115385","0.778846153846","0.458791208791"
"864","0.72605","0.778846153846","0.462912087912"
"865","0.726163873626","0.778846153846","0.456043956044"
"866","0.725769917582","0.778846153846","0.457417582418"
"867","0.726479395604","0.778846153846","0.427197802198"
"868","0.725472802198","0.778846153846","0.385989010989"
"869","0.726314285714","0.778846153846","0.442307692308"
"870","0.725524725275","0.778846153846","0.440934065934"
"871","0.726038598901","0.778846153846","0.471153846154"
"872","0.725799725275","0.778846153846","0.462912087912"
"873","0.725517857143","0.778846153846","0.417582417582"
"874","0.725774038462","0.778846153846","0.431318681319"
"875","0.725253846154","0.778846153846","0.432692307692"
"876","0.726397527473","0.778846153846","0.489010989011"
"877","0.725928296703","0.778846153846","0.453296703297"
"878","0.726249175824","0.778846153846","0.46978021978"
"879","0.726228296703","0.778846153846","0.385989010989"
"880","0.725880631868","0.778846153846","0.461538461538"
"881","0.725301098901","0.778846153846","0.482142857143"
"882","0.726175137363","0.778846153846","0.46978021978"
"883","0.726198489011","0.778846153846","0.43956043956"
"884","0.725781868132","0.778846153846","0.432692307692"
"885","0.726941895604","0.778846153846","0.468406593407"
"886","0.726695604396","0.778846153846","0.475274725275"
"887","0.72660782967","0.778846153846","0.427197802198"
"888","0.726603021978","0.778846153846","0.457417582418"
"889","0.726663736264","0.778846153846","0.46978021978"
"890","0.726036263736","0.778846153846","0.475274725275"
"891","0.725808791209","0.778846153846","0.472527472527"
"892","0.726705082418","0.778846153846","0.460164835165"
"893","0.725751236264","0.778846153846","0.458791208791"
"894","0.726437637363","0.778846153846","0.462912087912"
"895","0.726314285714","0.778846153846","0.467032967033"
"896","0.726710576923","0.778846153846","0.45467032967"
"897","0.72640260989","0.778846153846","0.450549450549"
"898","0.727119642857","0.778846153846","0.434065934066"
"899","0.727146703297","0.778846153846","0.431318681319"
"900","0.727093681319","0.778846153846","0.467032967033"
"901","0.726471016484","0.778846153846","0.456043956044"
"902","0.726674175824","0.778846153846","0.468406593407"
"903","0.726986538462","0.778846153846","0.438186813187"
"904","0.726334065934","0.778846153846","0.451923076923"
"905","0.726756318681","0.778846153846","0.460164835165"
"906","0.726267994505","0.778846153846","0.473901098901"
"907","0.726874175824","0.778846153846","0.476648351648"
"908","0.726501648352","0.778846153846","0.467032967033"
"909","0.726911538462","0.778846153846","0.451923076923"
"910","0.726813049451","0.778846153846","0.46978021978"
"911","0.726425412088","0.778846153846","0.445054945055"
"912","0.726365521978","0.778846153846","0.464285714286"
"913","0.727021703297","0.778846153846","0.478021978022"
"914","0.726656593407","0.778846153846","0.471153846154"
"915","0.726422115385","0.778846153846","0.431318681319"
"916","0.726548626374","0.778846153846","0.471153846154"
"917","0.72652760989","0.778846153846","0.465659340659"
"918","0.726179120879","0.778846153846","0.43956043956"
"919","0.72662967033","0.778846153846","0.489010989011"
"920","0.726240796703","0.778846153846","0.476648351648"
"921","0.725749725275","0.778846153846","0.428571428571"
"922","0.726260989011","0.778846153846","0.462912087912"
"923","0.726509065934","0.778846153846","0.442307692308"
"924","0.726514835165","0.778846153846","0.471153846154"
"925","0.726263186813","0.778846153846","0.450549450549"
"926","0.726793406593","0.778846153846","0.428571428571"
"927","0.727194505495","0.778846153846","0.473901098901"
"928","0.726719917582","0.778846153846","0.475274725275"
"929","0.727296016484","0.778846153846","0.482142857143"
"930","0.726447664835","0.778846153846","0.456043956044"
"931","0.727085027473","0.778846153846","0.460164835165"
"932","0.726559340659","0.778846153846","0.431318681319"
"933","0.72657967033","0.778846153846","0.436813186813"
"934","0.726982967033","0.778846153846","0.456043956044"
"935","0.72695","0.778846153846","0.476648351648"
"936","0.727361263736","0.778846153846","0.447802197802"
"937","0.72743956044","0.778846153846","0.465659340659"
"938","0.727631593407","0.778846153846","0.476648351648"
"939","0.727220467033","0.778846153846","0.471153846154"
"940","0.727552747253","0.778846153846","0.456043956044"
"941","0.727396703297","0.778846153846","0.490384615385"
"942","0.727276373626","0.778846153846","0.478021978022"
"943","0.727059065934","0.778846153846","0.401098901099"
"944","0.727004395604","0.778846153846","0.464285714286"
"945","0.727255494505","0.778846153846","0.461538461538"
"946","0.727163049451","0.778846153846","0.428571428571"
"947","0.727046016484","0.778846153846","0.46978021978"
"948","0.727051373626","0.778846153846","0.471153846154"
"949","0.726906868132","0.778846153846","0.445054945055"
"950","0.726859752747","0.778846153846","0.451923076923"
"951","0.726413049451","0.778846153846","0.456043956044"
"952","0.726801923077","0.778846153846","0.473901098901"
"953","0.727124862637","0.778846153846","0.48489010989"
"954","0.727373489011","0.778846153846","0.497252747253"
"955","0.726693269231","0.778846153846","0.471153846154"
"956","0.727179532967","0.778846153846","0.449175824176"
"957","0.726698351648","0.778846153846","0.46978021978"
"958","0.72695989011","0.778846153846","0.475274725275"
"959","0.726895192308","0.778846153846","0.440934065934"
"960","0.726806868132","0.778846153846","0.464285714286"
"961","0.726428983516","0.778846153846","0.446428571429"
"962","0.726762637363","0.778846153846","0.450549450549"
"963","0.726308516484","0.778846153846","0.425824175824"
"964","0.72682293956","0.778846153846","0.478021978022"
"965","0.727113049451","0.778846153846","0.467032967033"
"966","0.727308516484","0.778846153846","0.451923076923"
"967","0.726949038462","0.778846153846","0.465659340659"
"968","0.727442032967","0.778846153846","0.45467032967"
"969","0.727365247253","0.778846153846","0.464285714286"
"970","0.727197252747","0.778846153846","0.465659340659"
"971","0.72705","0.778846153846","0.458791208791"
"972","0.727024725275","0.778846153846","0.443681318681"
"973","0.726689010989","0.778846153846","0.442307692308"
"974","0.726670741758","0.778846153846","0.483516483516"
"975","0.726143956044","0.778846153846","0.471153846154"
"976","0.726137087912","0.778846153846","0.423076923077"
"977","0.726964423077","0.778846153846","0.478021978022"
"978","0.726762362637","0.778846153846","0.445054945055"
"979","0.727250274725","0.778846153846","0.46978021978"
"980","0.727322802198","0.778846153846","0.471153846154"
"981","0.726815796703","0.778846153846","0.427197802198"
"982","0.726469230769","0.778846153846","0.468406593407"
"983","0.726806593407","0.778846153846","0.465659340659"
"984","0.726467857143","0.778846153846","0.476648351648"
"985","0.726546016484","0.778846153846","0.468406593407"
"986","0.726797252747","0.778846153846","0.445054945055"
"987","0.727223214286","0.778846153846","0.471153846154"
"988","0.726221840659","0.778846153846","0.468406593407"
"989","0.725812362637","0.778846153846","0.43956043956"
"990","0.726184752747","0.778846153846","0.476648351648"
"991","0.726708928571","0.778846153846","0.421703296703"
"992","0.726387362637","0.778846153846","0.482142857143"
"993","0.725712362637","0.778846153846","0.489010989011"
"994","0.725973626374","0.778846153846","0.457417582418"
"995","0.726602197802","0.778846153846","0.471153846154"
"996","0.7266","0.778846153846","0.479395604396"
"997","0.727090934066","0.778846153846","0.449175824176"
"998","0.727572252747","0.778846153846","0.446428571429"
"999","0.727584340659","0.778846153846","0.457417582418"
"1000","0.727453434066","0.778846153846","0.472527472527"
