"Series","Unilever NV 3y 1d"
"Signal","OGMA"
"Generations","1000"
"Ending","max generations were reached"
"Best Strategy","0000010000100000000000001010000000100000000000001010000000000000	","Accuracy","0.824146981627"
"Unique Strats","9980"
"0","0.502616929134","0.775590551181","0.229658792651"
"1","0.57533832021","0.778215223097","0.240157480315"
"2","0.628002362205","0.782152230971","0.280839895013"
"3","0.658995144357","0.791338582677","0.271653543307"
"4","0.678036089239","0.796587926509","0.307086614173"
"5","0.690984645669","0.797900262467","0.326771653543"
"6","0.699409973753","0.799212598425","0.321522309711"
"7","0.705659711286","0.799212598425","0.304461942257"
"8","0.709497506562","0.808398950131","0.317585301837"
"9","0.711928346457","0.808398950131","0.320209973753"
"10","0.714277952756","0.808398950131","0.263779527559"
"11","0.715726246719","0.808398950131","0.308398950131"
"12","0.717071653543","0.814960629921","0.338582677165"
"13","0.718743569554","0.814960629921","0.341207349081"
"14","0.719575853018","0.814960629921","0.314960629921"
"15","0.720610498688","0.814960629921","0.322834645669"
"16","0.721589895013","0.814960629921","0.38188976378"
"17","0.723288451444","0.814960629921","0.305774278215"
"18","0.724321259843","0.814960629921","0.326771653543"
"19","0.724810367454","0.814960629921","0.359580052493"
"20","0.726089632546","0.814960629921","0.303149606299"
"21","0.725327427822","0.814960629921","0.376640419948"
"22","0.727176771654","0.814960629921","0.332020997375"
"23","0.726912204724","0.814960629921","0.299212598425"
"24","0.727696062992","0.814960629921","0.328083989501"
"25","0.727783070866","0.814960629921","0.355643044619"
"26","0.728479658793","0.814960629921","0.341207349081"
"27","0.730158267717","0.814960629921","0.355643044619"
"28","0.730866929134","0.814960629921","0.380577427822"
"29","0.730537401575","0.814960629921","0.379265091864"
"30","0.730317060367","0.814960629921","0.341207349081"
"31","0.730293307087","0.814960629921","0.354330708661"
"32","0.731980577428","0.814960629921","0.363517060367"
"33","0.732542913386","0.814960629921","0.353018372703"
"34","0.732399868766","0.814960629921","0.358267716535"
"35","0.732337926509","0.814960629921","0.324146981627"
"36","0.731845800525","0.814960629921","0.305774278215"
"37","0.731987926509","0.814960629921","0.392388451444"
"38","0.732591207349","0.814960629921","0.360892388451"
"39","0.733110892388","0.816272965879","0.339895013123"
"40","0.735032939633","0.816272965879","0.368766404199"
"41","0.735919028871","0.816272965879","0.360892388451"
"42","0.735700131234","0.816272965879","0.364829396325"
"43","0.735889632546","0.816272965879","0.356955380577"
"44","0.735","0.816272965879","0.355643044619"
"45","0.736468372703","0.816272965879","0.335958005249"
"46","0.736510498688","0.816272965879","0.349081364829"
"47","0.735808005249","0.816272965879","0.385826771654"
"48","0.736148950131","0.816272965879","0.359580052493"
"49","0.737320603675","0.816272965879","0.376640419948"
"50","0.737524409449","0.816272965879","0.380577427822"
"51","0.736516929134","0.816272965879","0.38188976378"
"52","0.737867191601","0.816272965879","0.343832020997"
"53","0.738554461942","0.816272965879","0.366141732283"
"54","0.738846587927","0.816272965879","0.37532808399"
"55","0.738916404199","0.816272965879","0.356955380577"
"56","0.738053149606","0.816272965879","0.366141732283"
"57","0.739392650919","0.817585301837","0.349081364829"
"58","0.739775459318","0.817585301837","0.41469816273"
"59","0.740037664042","0.817585301837","0.389763779528"
"60","0.738834776903","0.817585301837","0.364829396325"
"61","0.740784514436","0.817585301837","0.335958005249"
"62","0.739948293963","0.818897637795","0.353018372703"
"63","0.740755249344","0.818897637795","0.355643044619"
"64","0.740132414698","0.818897637795","0.379265091864"
"65","0.739792257218","0.818897637795","0.380577427822"
"66","0.739801312336","0.818897637795","0.359580052493"
"67","0.740295669291","0.818897637795","0.356955380577"
"68","0.741245144357","0.818897637795","0.347769028871"
"69","0.742032152231","0.820209973753","0.389763779528"
"70","0.742086089239","0.820209973753","0.350393700787"
"71","0.742508136483","0.820209973753","0.405511811024"
"72","0.74152152231","0.820209973753","0.359580052493"
"73","0.742167979003","0.820209973753","0.326771653543"
"74","0.741431102362","0.820209973753","0.391076115486"
"75","0.742927034121","0.820209973753","0.387139107612"
"76","0.743376246719","0.820209973753","0.396325459318"
"77","0.743580446194","0.820209973753","0.396325459318"
"78","0.74463503937","0.820209973753","0.416010498688"
"79","0.743970866142","0.820209973753","0.356955380577"
"80","0.74395984252","0.820209973753","0.396325459318"
"81","0.743640813648","0.820209973753","0.37532808399"
"82","0.743144225722","0.820209973753","0.345144356955"
"83","0.743075721785","0.820209973753","0.385826771654"
"84","0.74385984252","0.820209973753","0.367454068241"
"85","0.744562598425","0.820209973753","0.402887139108"
"86","0.744867060367","0.820209973753","0.398950131234"
"87","0.744483727034","0.820209973753","0.38845144357"
"88","0.744758661417","0.820209973753","0.364829396325"
"89","0.7438","0.820209973753","0.40813648294"
"90","0.744220209974","0.820209973753","0.38845144357"
"91","0.745163385827","0.820209973753","0.396325459318"
"92","0.744560892388","0.820209973753","0.391076115486"
"93","0.744294488189","0.820209973753","0.377952755906"
"94","0.744917191601","0.820209973753","0.387139107612"
"95","0.744971259843","0.820209973753","0.320209973753"
"96","0.745962335958","0.820209973753","0.330708661417"
"97","0.746004986877","0.821522309711","0.405511811024"
"98","0.746724540682","0.821522309711","0.40157480315"
"99","0.74650511811","0.821522309711","0.391076115486"
"100","0.745746194226","0.821522309711","0.377952755906"
"101","0.745456824147","0.821522309711","0.311023622047"
"102","0.745932020997","0.821522309711","0.400262467192"
"103","0.746933464567","0.821522309711","0.364829396325"
"104","0.746706692913","0.821522309711","0.39501312336"
"105","0.747055380577","0.821522309711","0.396325459318"
"106","0.746725853018","0.821522309711","0.416010498688"
"107","0.747167454068","0.821522309711","0.409448818898"
"108","0.747708005249","0.821522309711","0.391076115486"
"109","0.747743963255","0.821522309711","0.38188976378"
"110","0.746564304462","0.821522309711","0.398950131234"
"111","0.74733503937","0.821522309711","0.396325459318"
"112","0.747377427822","0.821522309711","0.380577427822"
"113","0.748601049869","0.821522309711","0.402887139108"
"114","0.748121391076","0.821522309711","0.359580052493"
"115","0.74851023622","0.821522309711","0.393700787402"
"116","0.747632020997","0.821522309711","0.372703412073"
"117","0.748672572178","0.821522309711","0.384514435696"
"118","0.748002230971","0.821522309711","0.385826771654"
"119","0.748322965879","0.821522309711","0.384514435696"
"120","0.748525853018","0.821522309711","0.383202099738"
"121","0.748527034121","0.821522309711","0.396325459318"
"122","0.74878832021","0.821522309711","0.38188976378"
"123","0.748982152231","0.821522309711","0.360892388451"
"124","0.748429002625","0.821522309711","0.387139107612"
"125","0.748662598425","0.821522309711","0.397637795276"
"126","0.748036220472","0.822834645669","0.377952755906"
"127","0.748854986877","0.822834645669","0.367454068241"
"128","0.74932847769","0.822834645669","0.40813648294"
"129","0.748914304462","0.822834645669","0.349081364829"
"130","0.74907808399","0.822834645669","0.413385826772"
"131","0.749854724409","0.822834645669","0.40157480315"
"132","0.749786745407","0.822834645669","0.38845144357"
"133","0.749747112861","0.822834645669","0.38845144357"
"134","0.749909711286","0.822834645669","0.396325459318"
"135","0.749540944882","0.822834645669","0.383202099738"
"136","0.750948031496","0.822834645669","0.371391076115"
"137","0.750873884514","0.822834645669","0.383202099738"
"138","0.75079488189","0.822834645669","0.377952755906"
"139","0.751037795276","0.822834645669","0.367454068241"
"140","0.750291994751","0.822834645669","0.402887139108"
"141","0.750764304462","0.822834645669","0.413385826772"
"142","0.750827821522","0.822834645669","0.383202099738"
"143","0.751236745407","0.822834645669","0.397637795276"
"144","0.751950262467","0.822834645669","0.37532808399"
"145","0.751256036745","0.822834645669","0.367454068241"
"146","0.751648950131","0.822834645669","0.410761154856"
"147","0.751384776903","0.822834645669","0.383202099738"
"148","0.751947244094","0.822834645669","0.370078740157"
"149","0.751600787402","0.822834645669","0.392388451444"
"150","0.750895406824","0.822834645669","0.39501312336"
"151","0.751469160105","0.822834645669","0.400262467192"
"152","0.751973622047","0.822834645669","0.417322834646"
"153","0.752103805774","0.822834645669","0.379265091864"
"154","0.752116404199","0.822834645669","0.417322834646"
"155","0.752713385827","0.822834645669","0.396325459318"
"156","0.75304855643","0.822834645669","0.318897637795"
"157","0.752339632546","0.822834645669","0.38188976378"
"158","0.75112335958","0.822834645669","0.379265091864"
"159","0.751609055118","0.822834645669","0.398950131234"
"160","0.752033858268","0.822834645669","0.413385826772"
"161","0.751357611549","0.822834645669","0.412073490814"
"162","0.751957217848","0.822834645669","0.405511811024"
"163","0.751957217848","0.822834645669","0.413385826772"
"164","0.75291312336","0.822834645669","0.387139107612"
"165","0.753704593176","0.822834645669","0.393700787402"
"166","0.752668766404","0.822834645669","0.383202099738"
"167","0.75270183727","0.822834645669","0.380577427822"
"168","0.752760104987","0.822834645669","0.396325459318"
"169","0.75378832021","0.822834645669","0.40157480315"
"170","0.753557217848","0.822834645669","0.39501312336"
"171","0.752777559055","0.822834645669","0.416010498688"
"172","0.752625065617","0.822834645669","0.40813648294"
"173","0.753149343832","0.822834645669","0.410761154856"
"174","0.753538188976","0.822834645669","0.412073490814"
"175","0.753482808399","0.822834645669","0.402887139108"
"176","0.754030446194","0.822834645669","0.397637795276"
"177","0.753611811024","0.822834645669","0.419947506562"
"178","0.754008005249","0.822834645669","0.374015748031"
"179","0.754331364829","0.822834645669","0.406824146982"
"180","0.75452664042","0.822834645669","0.354330708661"
"181","0.754121391076","0.822834645669","0.393700787402"
"182","0.754212729659","0.822834645669","0.404199475066"
"183","0.753793832021","0.822834645669","0.397637795276"
"184","0.754633858268","0.822834645669","0.405511811024"
"185","0.75360183727","0.822834645669","0.439632545932"
"186","0.753958136483","0.822834645669","0.356955380577"
"187","0.753352099738","0.822834645669","0.413385826772"
"188","0.754784251969","0.822834645669","0.387139107612"
"189","0.754322047244","0.822834645669","0.377952755906"
"190","0.754350131234","0.822834645669","0.393700787402"
"191","0.753870997375","0.822834645669","0.400262467192"
"192","0.754674278215","0.822834645669","0.389763779528"
"193","0.754003543307","0.822834645669","0.328083989501"
"194","0.754239501312","0.822834645669","0.380577427822"
"195","0.754679790026","0.822834645669","0.316272965879"
"196","0.754157742782","0.822834645669","0.379265091864"
"197","0.753574934383","0.822834645669","0.393700787402"
"198","0.753741863517","0.822834645669","0.364829396325"
"199","0.753959580052","0.822834645669","0.354330708661"
"200","0.754455511811","0.822834645669","0.385826771654"
"201","0.754421391076","0.822834645669","0.410761154856"
"202","0.75523976378","0.822834645669","0.39501312336"
"203","0.754930314961","0.822834645669","0.374015748031"
"204","0.754838188976","0.822834645669","0.329396325459"
"205","0.754824934383","0.822834645669","0.431758530184"
"206","0.754209317585","0.822834645669","0.425196850394"
"207","0.754942125984","0.824146981627","0.425196850394"
"208","0.755531364829","0.824146981627","0.429133858268"
"209","0.755009580052","0.824146981627","0.410761154856"
"210","0.755220341207","0.824146981627","0.376640419948"
"211","0.755376377953","0.824146981627","0.363517060367"
"212","0.756022965879","0.824146981627","0.404199475066"
"213","0.756100131234","0.824146981627","0.418635170604"
"214","0.755445931759","0.824146981627","0.42125984252"
"215","0.754407086614","0.824146981627","0.371391076115"
"216","0.754313385827","0.824146981627","0.385826771654"
"217","0.755020603675","0.824146981627","0.38188976378"
"218","0.755650656168","0.824146981627","0.397637795276"
"219","0.75597992126","0.824146981627","0.423884514436"
"220","0.754633333333","0.824146981627","0.363517060367"
"221","0.755066666667","0.824146981627","0.389763779528"
"222","0.755827427822","0.824146981627","0.37532808399"
"223","0.755764698163","0.824146981627","0.40813648294"
"224","0.757227821522","0.824146981627","0.439632545932"
"225","0.756687795276","0.824146981627","0.38845144357"
"226","0.756602887139","0.824146981627","0.349081364829"
"227","0.756345144357","0.824146981627","0.379265091864"
"228","0.756192519685","0.824146981627","0.38188976378"
"229","0.75632519685","0.824146981627","0.433070866142"
"230","0.757224015748","0.824146981627","0.384514435696"
"231","0.755885695538","0.824146981627","0.402887139108"
"232","0.756189370079","0.824146981627","0.417322834646"
"233","0.756268503937","0.824146981627","0.410761154856"
"234","0.755541863517","0.824146981627","0.406824146982"
"235","0.756152362205","0.824146981627","0.42125984252"
"236","0.755813648294","0.824146981627","0.409448818898"
"237","0.755989107612","0.824146981627","0.442257217848"
"238","0.756126509186","0.824146981627","0.419947506562"
"239","0.757068372703","0.824146981627","0.402887139108"
"240","0.756919816273","0.824146981627","0.422572178478"
"241","0.756663385827","0.824146981627","0.417322834646"
"242","0.757124278215","0.824146981627","0.404199475066"
"243","0.756554593176","0.824146981627","0.409448818898"
"244","0.757228608924","0.824146981627","0.431758530184"
"245","0.757697375328","0.824146981627","0.391076115486"
"246","0.756797112861","0.824146981627","0.418635170604"
"247","0.756620341207","0.824146981627","0.425196850394"
"248","0.757373884514","0.824146981627","0.40813648294"
"249","0.758566141732","0.824146981627","0.410761154856"
"250","0.758012598425","0.824146981627","0.410761154856"
"251","0.758100787402","0.824146981627","0.412073490814"
"252","0.758415354331","0.824146981627","0.370078740157"
"253","0.758214829396","0.824146981627","0.422572178478"
"254","0.758198293963","0.824146981627","0.38845144357"
"255","0.757746587927","0.824146981627","0.41469816273"
"256","0.757137532808","0.824146981627","0.416010498688"
"257","0.757675459318","0.824146981627","0.392388451444"
"258","0.757069816273","0.824146981627","0.393700787402"
"259","0.757742913386","0.824146981627","0.402887139108"
"260","0.758154855643","0.824146981627","0.406824146982"
"261","0.758134120735","0.824146981627","0.417322834646"
"262","0.758103543307","0.824146981627","0.398950131234"
"263","0.757447112861","0.824146981627","0.422572178478"
"264","0.757556299213","0.824146981627","0.370078740157"
"265","0.757920209974","0.824146981627","0.413385826772"
"266","0.757620603675","0.824146981627","0.396325459318"
"267","0.757801049869","0.824146981627","0.384514435696"
"268","0.757581233596","0.824146981627","0.385826771654"
"269","0.7587667979","0.824146981627","0.405511811024"
"270","0.757472703412","0.824146981627","0.416010498688"
"271","0.759159055118","0.824146981627","0.393700787402"
"272","0.759032414698","0.824146981627","0.430446194226"
"273","0.758553674541","0.824146981627","0.410761154856"
"274","0.758852493438","0.824146981627","0.363517060367"
"275","0.759179790026","0.824146981627","0.389763779528"
"276","0.758168635171","0.824146981627","0.406824146982"
"277","0.758513254593","0.824146981627","0.398950131234"
"278","0.7598","0.824146981627","0.393700787402"
"279","0.758674540682","0.824146981627","0.423884514436"
"280","0.758967585302","0.824146981627","0.40157480315"
"281","0.759133333333","0.824146981627","0.409448818898"
"282","0.758067716535","0.824146981627","0.396325459318"
"283","0.75895511811","0.824146981627","0.426509186352"
"284","0.759545275591","0.824146981627","0.423884514436"
"285","0.758765879265","0.824146981627","0.404199475066"
"286","0.758495144357","0.824146981627","0.417322834646"
"287","0.758458661417","0.824146981627","0.387139107612"
"288","0.759414041995","0.824146981627","0.358267716535"
"289","0.759546062992","0.824146981627","0.379265091864"
"290","0.759230052493","0.824146981627","0.442257217848"
"291","0.759103018373","0.824146981627","0.398950131234"
"292","0.759447244094","0.824146981627","0.40157480315"
"293","0.75979671916","0.824146981627","0.431758530184"
"294","0.758795013123","0.824146981627","0.42782152231"
"295","0.759791994751","0.824146981627","0.377952755906"
"296","0.759362860892","0.824146981627","0.367454068241"
"297","0.759377690289","0.824146981627","0.423884514436"
"298","0.759580183727","0.824146981627","0.4343832021"
"299","0.758518897638","0.824146981627","0.402887139108"
"300","0.759572309711","0.824146981627","0.422572178478"
"301","0.759475853018","0.824146981627","0.405511811024"
"302","0.760031889764","0.824146981627","0.451443569554"
"303","0.759888582677","0.824146981627","0.42782152231"
"304","0.760287532808","0.824146981627","0.413385826772"
"305","0.760119947507","0.824146981627","0.391076115486"
"306","0.759500656168","0.824146981627","0.387139107612"
"307","0.759595013123","0.824146981627","0.419947506562"
"308","0.759794488189","0.824146981627","0.351706036745"
"309","0.760103937008","0.824146981627","0.412073490814"
"310","0.759530971129","0.824146981627","0.41469816273"
"311","0.759285433071","0.824146981627","0.42125984252"
"312","0.761052755906","0.824146981627","0.402887139108"
"313","0.760666535433","0.824146981627","0.418635170604"
"314","0.760002099738","0.824146981627","0.41469816273"
"315","0.759313254593","0.824146981627","0.400262467192"
"316","0.76045328084","0.824146981627","0.380577427822"
"317","0.759812204724","0.824146981627","0.431758530184"
"318","0.760217585302","0.824146981627","0.398950131234"
"319","0.760532677165","0.824146981627","0.400262467192"
"320","0.760073097113","0.824146981627","0.397637795276"
"321","0.760477559055","0.824146981627","0.402887139108"
"322","0.760509317585","0.824146981627","0.335958005249"
"323","0.760999212598","0.824146981627","0.397637795276"
"324","0.760952099738","0.824146981627","0.44750656168"
"325","0.759767847769","0.824146981627","0.40157480315"
"326","0.760219291339","0.824146981627","0.417322834646"
"327","0.761137139108","0.824146981627","0.343832020997"
"328","0.761223622047","0.824146981627","0.404199475066"
"329","0.76004816273","0.824146981627","0.392388451444"
"330","0.760882414698","0.824146981627","0.419947506562"
"331","0.760349868766","0.824146981627","0.405511811024"
"332","0.761019816273","0.824146981627","0.405511811024"
"333","0.761199212598","0.824146981627","0.455380577428"
"334","0.761236614173","0.824146981627","0.435695538058"
"335","0.760964698163","0.824146981627","0.366141732283"
"336","0.761655774278","0.824146981627","0.39501312336"
"337","0.761252755906","0.824146981627","0.409448818898"
"338","0.760823753281","0.824146981627","0.383202099738"
"339","0.761409186352","0.824146981627","0.400262467192"
"340","0.76129015748","0.824146981627","0.419947506562"
"341","0.761124409449","0.824146981627","0.431758530184"
"342","0.760709973753","0.824146981627","0.425196850394"
"343","0.76103976378","0.824146981627","0.45406824147"
"344","0.76082664042","0.824146981627","0.402887139108"
"345","0.760640551181","0.824146981627","0.419947506562"
"346","0.7603167979","0.824146981627","0.398950131234"
"347","0.761552887139","0.824146981627","0.400262467192"
"348","0.760633070866","0.824146981627","0.413385826772"
"349","0.760574146982","0.824146981627","0.42125984252"
"350","0.761105380577","0.824146981627","0.442257217848"
"351","0.761495800525","0.824146981627","0.380577427822"
"352","0.761377296588","0.824146981627","0.37532808399"
"353","0.761798687664","0.824146981627","0.410761154856"
"354","0.761862335958","0.824146981627","0.422572178478"
"355","0.761162335958","0.824146981627","0.333333333333"
"356","0.76177664042","0.824146981627","0.393700787402"
"357","0.761821128609","0.824146981627","0.44094488189"
"358","0.761899737533","0.824146981627","0.437007874016"
"359","0.761545275591","0.824146981627","0.41469816273"
"360","0.761959055118","0.824146981627","0.425196850394"
"361","0.761331233596","0.824146981627","0.419947506562"
"362","0.762123490814","0.824146981627","0.42125984252"
"363","0.762660367454","0.824146981627","0.439632545932"
"364","0.762225853018","0.824146981627","0.405511811024"
"365","0.761901049869","0.824146981627","0.429133858268"
"366","0.762014041995","0.824146981627","0.363517060367"
"367","0.761960892388","0.824146981627","0.38188976378"
"368","0.762113910761","0.824146981627","0.377952755906"
"369","0.762062467192","0.824146981627","0.40157480315"
"370","0.761999737533","0.824146981627","0.438320209974"
"371","0.761490419948","0.824146981627","0.425196850394"
"372","0.761812729659","0.824146981627","0.426509186352"
"373","0.76082191601","0.824146981627","0.431758530184"
"374","0.7613","0.824146981627","0.4343832021"
"375","0.761089370079","0.824146981627","0.39501312336"
"376","0.762368897638","0.824146981627","0.419947506562"
"377","0.762960104987","0.824146981627","0.402887139108"
"378","0.762475328084","0.824146981627","0.42125984252"
"379","0.762611942257","0.824146981627","0.412073490814"
"380","0.762240682415","0.824146981627","0.402887139108"
"381","0.761686089239","0.824146981627","0.321522309711"
"382","0.762002099738","0.824146981627","0.398950131234"
"383","0.762397637795","0.824146981627","0.380577427822"
"384","0.762100524934","0.824146981627","0.422572178478"
"385","0.761873753281","0.824146981627","0.40813648294"
"386","0.761176509186","0.824146981627","0.405511811024"
"387","0.761696587927","0.824146981627","0.422572178478"
"388","0.761692125984","0.824146981627","0.405511811024"
"389","0.762107611549","0.824146981627","0.410761154856"
"390","0.761932677165","0.824146981627","0.418635170604"
"391","0.761761023622","0.824146981627","0.417322834646"
"392","0.762235170604","0.824146981627","0.402887139108"
"393","0.76280328084","0.824146981627","0.391076115486"
"394","0.761884645669","0.824146981627","0.387139107612"
"395","0.762902755906","0.824146981627","0.437007874016"
"396","0.762560892388","0.824146981627","0.39501312336"
"397","0.761174146982","0.824146981627","0.398950131234"
"398","0.762543569554","0.824146981627","0.385826771654"
"399","0.762943700787","0.824146981627","0.426509186352"
"400","0.761684908136","0.824146981627","0.402887139108"
"401","0.761626509186","0.824146981627","0.380577427822"
"402","0.763280839895","0.824146981627","0.40813648294"
"403","0.761961286089","0.824146981627","0.437007874016"
"404","0.761622965879","0.824146981627","0.42782152231"
"405","0.762731496063","0.824146981627","0.444881889764"
"406","0.762581627297","0.824146981627","0.416010498688"
"407","0.763459711286","0.824146981627","0.377952755906"
"408","0.762973097113","0.824146981627","0.383202099738"
"409","0.763158136483","0.824146981627","0.396325459318"
"410","0.763642388451","0.824146981627","0.397637795276"
"411","0.76328832021","0.824146981627","0.41469816273"
"412","0.76295984252","0.824146981627","0.409448818898"
"413","0.762111154856","0.824146981627","0.39501312336"
"414","0.762500787402","0.824146981627","0.448818897638"
"415","0.763564304462","0.824146981627","0.425196850394"
"416","0.762397900262","0.824146981627","0.343832020997"
"417","0.761923228346","0.824146981627","0.379265091864"
"418","0.762471391076","0.824146981627","0.410761154856"
"419","0.762582545932","0.824146981627","0.438320209974"
"420","0.762916272966","0.824146981627","0.366141732283"
"421","0.76296496063","0.824146981627","0.38188976378"
"422","0.761979790026","0.824146981627","0.356955380577"
"423","0.762752887139","0.824146981627","0.426509186352"
"424","0.762608792651","0.824146981627","0.400262467192"
"425","0.762578740157","0.824146981627","0.426509186352"
"426","0.76265511811","0.824146981627","0.391076115486"
"427","0.763040944882","0.824146981627","0.389763779528"
"428","0.763031364829","0.824146981627","0.442257217848"
"429","0.763599868766","0.824146981627","0.442257217848"
"430","0.762967847769","0.824146981627","0.431758530184"
"431","0.762847244094","0.824146981627","0.42782152231"
"432","0.763683727034","0.824146981627","0.46062992126"
"433","0.76391023622","0.824146981627","0.437007874016"
"434","0.762332939633","0.824146981627","0.422572178478"
"435","0.763022965879","0.824146981627","0.409448818898"
"436","0.762180839895","0.824146981627","0.446194225722"
"437","0.76274015748","0.824146981627","0.400262467192"
"438","0.763289370079","0.824146981627","0.426509186352"
"439","0.763548031496","0.824146981627","0.413385826772"
"440","0.763886745407","0.824146981627","0.39501312336"
"441","0.763287664042","0.824146981627","0.367454068241"
"442","0.764026377953","0.824146981627","0.42125984252"
"443","0.763738582677","0.824146981627","0.379265091864"
"444","0.764121653543","0.824146981627","0.391076115486"
"445","0.763842913386","0.824146981627","0.431758530184"
"446","0.762804855643","0.824146981627","0.423884514436"
"447","0.763131496063","0.824146981627","0.404199475066"
"448","0.763576902887","0.824146981627","0.438320209974"
"449","0.764287926509","0.824146981627","0.391076115486"
"450","0.764075984252","0.824146981627","0.416010498688"
"451","0.762825984252","0.824146981627","0.405511811024"
"452","0.763954855643","0.824146981627","0.41469816273"
"453","0.764339501312","0.824146981627","0.389763779528"
"454","0.763815616798","0.824146981627","0.410761154856"
"455","0.763364304462","0.824146981627","0.443569553806"
"456","0.763320866142","0.824146981627","0.425196850394"
"457","0.763951574803","0.824146981627","0.40813648294"
"458","0.763299606299","0.824146981627","0.379265091864"
"459","0.763180708661","0.824146981627","0.380577427822"
"460","0.763422178478","0.824146981627","0.433070866142"
"461","0.763246456693","0.824146981627","0.426509186352"
"462","0.763888451444","0.824146981627","0.405511811024"
"463","0.763259580052","0.824146981627","0.337270341207"
"464","0.764454593176","0.824146981627","0.433070866142"
"465","0.764723884514","0.824146981627","0.442257217848"
"466","0.763647637795","0.824146981627","0.396325459318"
"467","0.764344356955","0.824146981627","0.435695538058"
"468","0.765096194226","0.824146981627","0.423884514436"
"469","0.764602624672","0.824146981627","0.360892388451"
"470","0.763525459318","0.824146981627","0.40157480315"
"471","0.764578346457","0.824146981627","0.42782152231"
"472","0.764102887139","0.824146981627","0.426509186352"
"473","0.763913648294","0.824146981627","0.398950131234"
"474","0.76412335958","0.824146981627","0.376640419948"
"475","0.764317847769","0.824146981627","0.44750656168"
"476","0.762650918635","0.824146981627","0.405511811024"
"477","0.764364041995","0.824146981627","0.404199475066"
"478","0.765807349081","0.824146981627","0.418635170604"
"479","0.764537795276","0.824146981627","0.350393700787"
"480","0.764260629921","0.824146981627","0.426509186352"
"481","0.764336745407","0.824146981627","0.392388451444"
"482","0.763829133858","0.824146981627","0.426509186352"
"483","0.764631627297","0.824146981627","0.437007874016"
"484","0.76437191601","0.824146981627","0.431758530184"
"485","0.765190813648","0.824146981627","0.44094488189"
"486","0.764926771654","0.824146981627","0.410761154856"
"487","0.765012860892","0.824146981627","0.448818897638"
"488","0.764276115486","0.824146981627","0.355643044619"
"489","0.765463254593","0.824146981627","0.398950131234"
"490","0.764678740157","0.824146981627","0.402887139108"
"491","0.764433989501","0.824146981627","0.44094488189"
"492","0.764856692913","0.824146981627","0.40813648294"
"493","0.76462007874","0.824146981627","0.362204724409"
"494","0.764981496063","0.824146981627","0.409448818898"
"495","0.765250262467","0.824146981627","0.42782152231"
"496","0.764087401575","0.824146981627","0.410761154856"
"497","0.764753805774","0.824146981627","0.425196850394"
"498","0.764505643045","0.824146981627","0.393700787402"
"499","0.764061154856","0.824146981627","0.417322834646"
"500","0.764664041995","0.824146981627","0.42125984252"
"501","0.765115485564","0.824146981627","0.397637795276"
"502","0.764894094488","0.824146981627","0.376640419948"
"503","0.765184908136","0.824146981627","0.426509186352"
"504","0.764941863517","0.824146981627","0.413385826772"
"505","0.76405511811","0.824146981627","0.422572178478"
"506","0.764251312336","0.824146981627","0.41469816273"
"507","0.764083333333","0.824146981627","0.413385826772"
"508","0.76560511811","0.824146981627","0.405511811024"
"509","0.766470472441","0.824146981627","0.383202099738"
"510","0.766812335958","0.824146981627","0.425196850394"
"511","0.765354068241","0.824146981627","0.435695538058"
"512","0.765250656168","0.824146981627","0.409448818898"
"513","0.765233727034","0.824146981627","0.442257217848"
"514","0.764380708661","0.824146981627","0.439632545932"
"515","0.764457086614","0.824146981627","0.423884514436"
"516","0.764607480315","0.824146981627","0.406824146982"
"517","0.764672178478","0.824146981627","0.429133858268"
"518","0.764730183727","0.824146981627","0.435695538058"
"519","0.765576377953","0.824146981627","0.458005249344"
"520","0.765151574803","0.824146981627","0.433070866142"
"521","0.766225853018","0.824146981627","0.400262467192"
"522","0.765339370079","0.824146981627","0.406824146982"
"523","0.764352362205","0.824146981627","0.4343832021"
"524","0.764403543307","0.824146981627","0.4343832021"
"525","0.765658923885","0.824146981627","0.44094488189"
"526","0.765027034121","0.824146981627","0.387139107612"
"527","0.764899606299","0.824146981627","0.442257217848"
"528","0.76565656168","0.824146981627","0.412073490814"
"529","0.764894619423","0.824146981627","0.423884514436"
"530","0.765574409449","0.824146981627","0.451443569554"
"531","0.765727034121","0.824146981627","0.42782152231"
"532","0.765893700787","0.824146981627","0.418635170604"
"533","0.765144094488","0.824146981627","0.422572178478"
"534","0.765762335958","0.824146981627","0.437007874016"
"535","0.765951574803","0.824146981627","0.422572178478"
"536","0.765709448819","0.824146981627","0.355643044619"
"537","0.765375459318","0.824146981627","0.41469816273"
"538","0.765405905512","0.824146981627","0.404199475066"
"539","0.76522191601","0.824146981627","0.433070866142"
"540","0.764836351706","0.824146981627","0.430446194226"
"541","0.765807742782","0.824146981627","0.450131233596"
"542","0.765601574803","0.824146981627","0.397637795276"
"543","0.765558923885","0.824146981627","0.42125984252"
"544","0.766483727034","0.824146981627","0.405511811024"
"545","0.766503149606","0.824146981627","0.396325459318"
"546","0.766089107612","0.824146981627","0.370078740157"
"547","0.766273884514","0.824146981627","0.435695538058"
"548","0.765527034121","0.824146981627","0.444881889764"
"549","0.765290682415","0.824146981627","0.416010498688"
"550","0.765574934383","0.824146981627","0.413385826772"
"551","0.764545931759","0.824146981627","0.417322834646"
"552","0.766012729659","0.824146981627","0.42125984252"
"553","0.765547900262","0.824146981627","0.39501312336"
"554","0.765719553806","0.824146981627","0.41469816273"
"555","0.765876771654","0.824146981627","0.44750656168"
"556","0.765772834646","0.824146981627","0.417322834646"
"557","0.764869422572","0.824146981627","0.380577427822"
"558","0.765857480315","0.824146981627","0.419947506562"
"559","0.766075328084","0.824146981627","0.431758530184"
"560","0.765898687664","0.824146981627","0.439632545932"
"561","0.766188713911","0.824146981627","0.374015748031"
"562","0.765442257218","0.824146981627","0.429133858268"
"563","0.765241732283","0.824146981627","0.405511811024"
"564","0.766043175853","0.824146981627","0.398950131234"
"565","0.765451312336","0.824146981627","0.417322834646"
"566","0.766107742782","0.824146981627","0.42125984252"
"567","0.766511417323","0.824146981627","0.419947506562"
"568","0.766107874016","0.824146981627","0.404199475066"
"569","0.766862992126","0.824146981627","0.44750656168"
"570","0.765386220472","0.824146981627","0.423884514436"
"571","0.76608175853","0.824146981627","0.426509186352"
"572","0.766102230971","0.824146981627","0.443569553806"
"573","0.765935433071","0.824146981627","0.446194225722"
"574","0.766221128609","0.824146981627","0.387139107612"
"575","0.766010498688","0.824146981627","0.444881889764"
"576","0.766304986877","0.824146981627","0.435695538058"
"577","0.766270734908","0.824146981627","0.409448818898"
"578","0.765803805774","0.824146981627","0.413385826772"
"579","0.765688582677","0.824146981627","0.433070866142"
"580","0.766095538058","0.824146981627","0.402887139108"
"581","0.76615839895","0.824146981627","0.412073490814"
"582","0.765435433071","0.824146981627","0.405511811024"
"583","0.765911154856","0.824146981627","0.42782152231"
"584","0.766710892388","0.824146981627","0.42125984252"
"585","0.766882152231","0.824146981627","0.444881889764"
"586","0.766356299213","0.824146981627","0.435695538058"
"587","0.766003412073","0.824146981627","0.425196850394"
"588","0.766009317585","0.824146981627","0.406824146982"
"589","0.766088845144","0.824146981627","0.450131233596"
"590","0.767003412073","0.824146981627","0.426509186352"
"591","0.766828871391","0.824146981627","0.347769028871"
"592","0.766801181102","0.824146981627","0.413385826772"
"593","0.766627427822","0.824146981627","0.426509186352"
"594","0.765468503937","0.824146981627","0.435695538058"
"595","0.766399343832","0.824146981627","0.417322834646"
"596","0.766892257218","0.824146981627","0.438320209974"
"597","0.766572309711","0.824146981627","0.430446194226"
"598","0.766712992126","0.824146981627","0.439632545932"
"599","0.766438451444","0.824146981627","0.41469816273"
"600","0.766780839895","0.824146981627","0.42782152231"
"601","0.766578608924","0.824146981627","0.443569553806"
"602","0.766048818898","0.824146981627","0.417322834646"
"603","0.765740944882","0.824146981627","0.425196850394"
"604","0.76567808399","0.824146981627","0.423884514436"
"605","0.766920341207","0.824146981627","0.397637795276"
"606","0.766829790026","0.824146981627","0.429133858268"
"607","0.76639488189","0.824146981627","0.39501312336"
"608","0.766594094488","0.824146981627","0.417322834646"
"609","0.767087270341","0.824146981627","0.4343832021"
"610","0.76760656168","0.824146981627","0.418635170604"
"611","0.766347900262","0.824146981627","0.400262467192"
"612","0.767135695538","0.824146981627","0.40813648294"
"613","0.766590026247","0.824146981627","0.442257217848"
"614","0.766275590551","0.824146981627","0.433070866142"
"615","0.766859711286","0.824146981627","0.446194225722"
"616","0.767375065617","0.824146981627","0.44094488189"
"617","0.767105249344","0.824146981627","0.42782152231"
"618","0.767945144357","0.824146981627","0.433070866142"
"619","0.767636745407","0.824146981627","0.44750656168"
"620","0.76743175853","0.824146981627","0.443569553806"
"621","0.766209186352","0.824146981627","0.426509186352"
"622","0.765776902887","0.824146981627","0.42782152231"
"623","0.767111942257","0.824146981627","0.393700787402"
"624","0.766884120735","0.824146981627","0.384514435696"
"625","0.766422047244","0.824146981627","0.425196850394"
"626","0.767327952756","0.824146981627","0.417322834646"
"627","0.767027296588","0.824146981627","0.438320209974"
"628","0.767222309711","0.824146981627","0.42125984252"
"629","0.767052493438","0.824146981627","0.452755905512"
"630","0.767617191601","0.824146981627","0.437007874016"
"631","0.767227296588","0.824146981627","0.413385826772"
"632","0.766168110236","0.824146981627","0.439632545932"
"633","0.767529658793","0.824146981627","0.430446194226"
"634","0.767668110236","0.824146981627","0.41469816273"
"635","0.767283989501","0.824146981627","0.406824146982"
"636","0.767560892388","0.824146981627","0.422572178478"
"637","0.767209973753","0.824146981627","0.4343832021"
"638","0.767684514436","0.824146981627","0.438320209974"
"639","0.767942125984","0.824146981627","0.40157480315"
"640","0.767484645669","0.824146981627","0.410761154856"
"641","0.766990551181","0.824146981627","0.455380577428"
"642","0.767994094488","0.824146981627","0.417322834646"
"643","0.767026771654","0.824146981627","0.44094488189"
"644","0.767110104987","0.824146981627","0.416010498688"
"645","0.768404986877","0.824146981627","0.410761154856"
"646","0.768008267717","0.824146981627","0.442257217848"
"647","0.767089632546","0.824146981627","0.45406824147"
"648","0.767117191601","0.824146981627","0.444881889764"
"649","0.76809855643","0.824146981627","0.429133858268"
"650","0.767501312336","0.824146981627","0.4343832021"
"651","0.766755249344","0.824146981627","0.402887139108"
"652","0.767106167979","0.824146981627","0.418635170604"
"653","0.767454724409","0.824146981627","0.461942257218"
"654","0.767391732283","0.824146981627","0.37532808399"
"655","0.767359580052","0.824146981627","0.405511811024"
"656","0.766953674541","0.824146981627","0.442257217848"
"657","0.767020209974","0.824146981627","0.443569553806"
"658","0.768279527559","0.824146981627","0.392388451444"
"659","0.766824409449","0.824146981627","0.437007874016"
"660","0.766908136483","0.824146981627","0.431758530184"
"661","0.767845538058","0.824146981627","0.416010498688"
"662","0.767306692913","0.824146981627","0.42782152231"
"663","0.766958661417","0.824146981627","0.437007874016"
"664","0.767097769029","0.824146981627","0.404199475066"
"665","0.767280971129","0.824146981627","0.422572178478"
"666","0.766820997375","0.824146981627","0.44750656168"
"667","0.767220209974","0.824146981627","0.393700787402"
"668","0.766924540682","0.824146981627","0.4343832021"
"669","0.767195669291","0.824146981627","0.404199475066"
"670","0.767229790026","0.824146981627","0.400262467192"
"671","0.767064041995","0.824146981627","0.38188976378"
"672","0.767369028871","0.824146981627","0.452755905512"
"673","0.768503805774","0.824146981627","0.413385826772"
"674","0.76842335958","0.824146981627","0.40157480315"
"675","0.768323490814","0.824146981627","0.451443569554"
"676","0.768118503937","0.824146981627","0.429133858268"
"677","0.768193832021","0.824146981627","0.439632545932"
"678","0.767786351706","0.824146981627","0.452755905512"
"679","0.767624278215","0.824146981627","0.423884514436"
"680","0.768272309711","0.824146981627","0.423884514436"
"681","0.768409448819","0.824146981627","0.444881889764"
"682","0.767444356955","0.824146981627","0.433070866142"
"683","0.767799212598","0.824146981627","0.400262467192"
"684","0.767414041995","0.824146981627","0.422572178478"
"685","0.767984645669","0.824146981627","0.405511811024"
"686","0.768285958005","0.824146981627","0.423884514436"
"687","0.768899212598","0.824146981627","0.413385826772"
"688","0.768298687664","0.824146981627","0.431758530184"
"689","0.768140419948","0.824146981627","0.429133858268"
"690","0.768608530184","0.824146981627","0.439632545932"
"691","0.767927165354","0.824146981627","0.44094488189"
"692","0.768402624672","0.824146981627","0.444881889764"
"693","0.768069422572","0.824146981627","0.456692913386"
"694","0.76812191601","0.824146981627","0.418635170604"
"695","0.768780971129","0.824146981627","0.422572178478"
"696","0.768037664042","0.824146981627","0.426509186352"
"697","0.767511811024","0.824146981627","0.444881889764"
"698","0.76810328084","0.824146981627","0.439632545932"
"699","0.767903805774","0.824146981627","0.419947506562"
"700","0.768276771654","0.824146981627","0.41469816273"
"701","0.768195406824","0.824146981627","0.385826771654"
"702","0.768751049869","0.824146981627","0.409448818898"
"703","0.768345538058","0.824146981627","0.398950131234"
"704","0.768966272966","0.824146981627","0.443569553806"
"705","0.769229790026","0.824146981627","0.45406824147"
"706","0.768493700787","0.824146981627","0.41469816273"
"707","0.767896850394","0.824146981627","0.426509186352"
"708","0.767496981627","0.824146981627","0.40813648294"
"709","0.767638057743","0.824146981627","0.429133858268"
"710","0.767998687664","0.824146981627","0.402887139108"
"711","0.767812598425","0.824146981627","0.40813648294"
"712","0.768372703412","0.824146981627","0.418635170604"
"713","0.768323228346","0.824146981627","0.42782152231"
"714","0.768820603675","0.824146981627","0.448818897638"
"715","0.768216535433","0.824146981627","0.423884514436"
"716","0.768640288714","0.824146981627","0.416010498688"
"717","0.767483989501","0.824146981627","0.437007874016"
"718","0.767964566929","0.824146981627","0.435695538058"
"719","0.76836167979","0.824146981627","0.4343832021"
"720","0.768360892388","0.824146981627","0.431758530184"
"721","0.769504986877","0.824146981627","0.423884514436"
"722","0.76892152231","0.824146981627","0.444881889764"
"723","0.768244094488","0.824146981627","0.444881889764"
"724","0.768517847769","0.824146981627","0.422572178478"
"725","0.767759448819","0.824146981627","0.418635170604"
"726","0.767654330709","0.824146981627","0.410761154856"
"727","0.768384514436","0.824146981627","0.413385826772"
"728","0.768287664042","0.824146981627","0.422572178478"
"729","0.768658005249","0.824146981627","0.385826771654"
"730","0.767063648294","0.824146981627","0.443569553806"
"731","0.768212335958","0.824146981627","0.431758530184"
"732","0.76789816273","0.824146981627","0.377952755906"
"733","0.76840144357","0.824146981627","0.39501312336"
"734","0.768567191601","0.824146981627","0.40157480315"
"735","0.768377690289","0.824146981627","0.442257217848"
"736","0.768417979003","0.824146981627","0.426509186352"
"737","0.767662073491","0.824146981627","0.425196850394"
"738","0.768962467192","0.824146981627","0.451443569554"
"739","0.768691469816","0.824146981627","0.437007874016"
"740","0.768417716535","0.824146981627","0.422572178478"
"741","0.768494094488","0.824146981627","0.437007874016"
"742","0.768645800525","0.824146981627","0.443569553806"
"743","0.76796351706","0.824146981627","0.438320209974"
"744","0.767596456693","0.824146981627","0.418635170604"
"745","0.768449606299","0.824146981627","0.430446194226"
"746","0.768333070866","0.824146981627","0.461942257218"
"747","0.767662729659","0.824146981627","0.446194225722"
"748","0.76768976378","0.824146981627","0.405511811024"
"749","0.767595013123","0.824146981627","0.425196850394"
"750","0.768075459318","0.824146981627","0.404199475066"
"751","0.768029396325","0.824146981627","0.360892388451"
"752","0.768635301837","0.824146981627","0.438320209974"
"753","0.767976902887","0.824146981627","0.425196850394"
"754","0.768038057743","0.824146981627","0.39501312336"
"755","0.76948687664","0.824146981627","0.385826771654"
"756","0.768426509186","0.824146981627","0.438320209974"
"757","0.768851968504","0.824146981627","0.42782152231"
"758","0.7687667979","0.824146981627","0.456692913386"
"759","0.768318766404","0.824146981627","0.42782152231"
"760","0.768142125984","0.824146981627","0.437007874016"
"761","0.768491469816","0.824146981627","0.426509186352"
"762","0.769099343832","0.824146981627","0.442257217848"
"763","0.768860104987","0.824146981627","0.39501312336"
"764","0.7685667979","0.824146981627","0.4343832021"
"765","0.768701574803","0.824146981627","0.423884514436"
"766","0.768422572178","0.824146981627","0.391076115486"
"767","0.769875853018","0.824146981627","0.450131233596"
"768","0.768587139108","0.824146981627","0.475065616798"
"769","0.768874540682","0.824146981627","0.426509186352"
"770","0.76849343832","0.824146981627","0.405511811024"
"771","0.768500787402","0.824146981627","0.419947506562"
"772","0.767871128609","0.824146981627","0.430446194226"
"773","0.768166272966","0.824146981627","0.426509186352"
"774","0.768117979003","0.824146981627","0.437007874016"
"775","0.768162204724","0.824146981627","0.442257217848"
"776","0.768717454068","0.824146981627","0.40813648294"
"777","0.768412335958","0.824146981627","0.42125984252"
"778","0.769168372703","0.824146981627","0.444881889764"
"779","0.769507217848","0.824146981627","0.437007874016"
"780","0.770437664042","0.824146981627","0.461942257218"
"781","0.769541863517","0.824146981627","0.438320209974"
"782","0.769599868766","0.824146981627","0.450131233596"
"783","0.769440026247","0.824146981627","0.437007874016"
"784","0.769182939633","0.824146981627","0.398950131234"
"785","0.76885328084","0.824146981627","0.376640419948"
"786","0.769126246719","0.824146981627","0.4343832021"
"787","0.768663779528","0.824146981627","0.46062992126"
"788","0.768701968504","0.824146981627","0.4343832021"
"789","0.768361154856","0.824146981627","0.418635170604"
"790","0.768516010499","0.824146981627","0.397637795276"
"791","0.76820984252","0.824146981627","0.40157480315"
"792","0.768538713911","0.824146981627","0.426509186352"
"793","0.76931351706","0.824146981627","0.429133858268"
"794","0.769532020997","0.824146981627","0.426509186352"
"795","0.769561154856","0.824146981627","0.4343832021"
"796","0.769198425197","0.824146981627","0.45406824147"
"797","0.76887519685","0.824146981627","0.448818897638"
"798","0.769771653543","0.824146981627","0.422572178478"
"799","0.768366010499","0.824146981627","0.442257217848"
"800","0.768548031496","0.824146981627","0.44094488189"
"801","0.768572834646","0.824146981627","0.435695538058"
"802","0.768742913386","0.824146981627","0.42125984252"
"803","0.768312992126","0.824146981627","0.452755905512"
"804","0.768612729659","0.824146981627","0.396325459318"
"805","0.769091994751","0.824146981627","0.461942257218"
"806","0.768673884514","0.824146981627","0.417322834646"
"807","0.768925328084","0.824146981627","0.431758530184"
"808","0.769121259843","0.824146981627","0.41469816273"
"809","0.768861154856","0.824146981627","0.40157480315"
"810","0.769220603675","0.824146981627","0.4343832021"
"811","0.768461942257","0.824146981627","0.391076115486"
"812","0.768877165354","0.824146981627","0.425196850394"
"813","0.769776115486","0.824146981627","0.439632545932"
"814","0.768729265092","0.824146981627","0.412073490814"
"815","0.769200787402","0.824146981627","0.439632545932"
"816","0.769329658793","0.824146981627","0.450131233596"
"817","0.768730839895","0.824146981627","0.433070866142"
"818","0.769086614173","0.824146981627","0.423884514436"
"819","0.768416929134","0.824146981627","0.426509186352"
"820","0.769198031496","0.824146981627","0.429133858268"
"821","0.768011023622","0.824146981627","0.392388451444"
"822","0.769440026247","0.824146981627","0.46719160105"
"823","0.769459448819","0.824146981627","0.444881889764"
"824","0.769661811024","0.824146981627","0.431758530184"
"825","0.769314829396","0.824146981627","0.412073490814"
"826","0.76964343832","0.824146981627","0.41469816273"
"827","0.769382939633","0.824146981627","0.42782152231"
"828","0.769088057743","0.824146981627","0.439632545932"
"829","0.769268635171","0.824146981627","0.387139107612"
"830","0.768869028871","0.824146981627","0.437007874016"
"831","0.76945183727","0.824146981627","0.471128608924"
"832","0.770122834646","0.824146981627","0.418635170604"
"833","0.76975839895","0.824146981627","0.393700787402"
"834","0.769396194226","0.824146981627","0.44094488189"
"835","0.769216404199","0.824146981627","0.405511811024"
"836","0.768825328084","0.824146981627","0.465879265092"
"837","0.76830984252","0.824146981627","0.450131233596"
"838","0.768811154856","0.824146981627","0.435695538058"
"839","0.769328871391","0.824146981627","0.423884514436"
"840","0.769707742782","0.824146981627","0.392388451444"
"841","0.770050131234","0.824146981627","0.385826771654"
"842","0.770342388451","0.824146981627","0.413385826772"
"843","0.76914343832","0.824146981627","0.439632545932"
"844","0.769004986877","0.824146981627","0.405511811024"
"845","0.770103674541","0.824146981627","0.4343832021"
"846","0.77033503937","0.824146981627","0.355643044619"
"847","0.770059055118","0.824146981627","0.410761154856"
"848","0.769755774278","0.824146981627","0.426509186352"
"849","0.769308005249","0.824146981627","0.433070866142"
"850","0.768930971129","0.824146981627","0.423884514436"
"851","0.768682939633","0.824146981627","0.423884514436"
"852","0.769191469816","0.824146981627","0.418635170604"
"853","0.769827952756","0.824146981627","0.423884514436"
"854","0.76916351706","0.824146981627","0.396325459318"
"855","0.76988976378","0.824146981627","0.422572178478"
"856","0.769214698163","0.824146981627","0.452755905512"
"857","0.769545669291","0.824146981627","0.426509186352"
"858","0.769349081365","0.824146981627","0.42782152231"
"859","0.769276771654","0.824146981627","0.439632545932"
"860","0.769143044619","0.824146981627","0.442257217848"
"861","0.77042007874","0.824146981627","0.44094488189"
"862","0.769683858268","0.824146981627","0.426509186352"
"863","0.770148818898","0.824146981627","0.444881889764"
"864","0.769664829396","0.824146981627","0.443569553806"
"865","0.769837139108","0.824146981627","0.446194225722"
"866","0.769255905512","0.824146981627","0.451443569554"
"867","0.769369947507","0.824146981627","0.435695538058"
"868","0.769436614173","0.824146981627","0.41469816273"
"869","0.769069816273","0.824146981627","0.417322834646"
"870","0.769394094488","0.824146981627","0.404199475066"
"871","0.769090026247","0.824146981627","0.418635170604"
"872","0.769939895013","0.824146981627","0.463254593176"
"873","0.76956351706","0.824146981627","0.422572178478"
"874","0.769518897638","0.824146981627","0.448818897638"
"875","0.77007847769","0.824146981627","0.429133858268"
"876","0.76896351706","0.824146981627","0.393700787402"
"877","0.768758530184","0.824146981627","0.412073490814"
"878","0.76943648294","0.824146981627","0.410761154856"
"879","0.769953018373","0.824146981627","0.431758530184"
"880","0.769687532808","0.824146981627","0.437007874016"
"881","0.769663385827","0.824146981627","0.410761154856"
"882","0.769821391076","0.824146981627","0.419947506562"
"883","0.769866010499","0.824146981627","0.448818897638"
"884","0.769903937008","0.824146981627","0.416010498688"
"885","0.769853149606","0.824146981627","0.438320209974"
"886","0.769664173228","0.824146981627","0.40813648294"
"887","0.770231627297","0.824146981627","0.435695538058"
"888","0.770807480315","0.824146981627","0.380577427822"
"889","0.769968766404","0.824146981627","0.455380577428"
"890","0.769806036745","0.824146981627","0.463254593176"
"891","0.769765748031","0.824146981627","0.418635170604"
"892","0.769010367454","0.824146981627","0.416010498688"
"893","0.768918372703","0.824146981627","0.433070866142"
"894","0.769142257218","0.824146981627","0.42125984252"
"895","0.769180314961","0.824146981627","0.417322834646"
"896","0.769140813648","0.824146981627","0.42782152231"
"897","0.770061811024","0.824146981627","0.387139107612"
"898","0.769799868766","0.824146981627","0.431758530184"
"899","0.770246587927","0.824146981627","0.437007874016"
"900","0.770089895013","0.824146981627","0.442257217848"
"901","0.770842125984","0.824146981627","0.45406824147"
"902","0.770269816273","0.824146981627","0.444881889764"
"903","0.76984488189","0.824146981627","0.409448818898"
"904","0.768610629921","0.824146981627","0.406824146982"
"905","0.770303412073","0.824146981627","0.406824146982"
"906","0.770088451444","0.824146981627","0.461942257218"
"907","0.77042191601","0.824146981627","0.409448818898"
"908","0.769820341207","0.824146981627","0.42782152231"
"909","0.770629527559","0.824146981627","0.469816272966"
"910","0.76960511811","0.824146981627","0.435695538058"
"911","0.77021312336","0.824146981627","0.459317585302"
"912","0.769954461942","0.824146981627","0.444881889764"
"913","0.77002808399","0.824146981627","0.430446194226"
"914","0.769232414698","0.824146981627","0.446194225722"
"915","0.769274146982","0.824146981627","0.413385826772"
"916","0.769010761155","0.824146981627","0.423884514436"
"917","0.769809580052","0.824146981627","0.451443569554"
"918","0.76981312336","0.824146981627","0.405511811024"
"919","0.769252493438","0.824146981627","0.406824146982"
"920","0.770617322835","0.824146981627","0.442257217848"
"921","0.770302887139","0.824146981627","0.429133858268"
"922","0.77023503937","0.824146981627","0.42782152231"
"923","0.769827559055","0.824146981627","0.45406824147"
"924","0.769676246719","0.824146981627","0.380577427822"
"925","0.769608792651","0.824146981627","0.405511811024"
"926","0.769066141732","0.824146981627","0.444881889764"
"927","0.76946167979","0.824146981627","0.400262467192"
"928","0.769958661417","0.824146981627","0.433070866142"
"929","0.769175590551","0.824146981627","0.425196850394"
"930","0.769158136483","0.824146981627","0.425196850394"
"931","0.76951496063","0.824146981627","0.451443569554"
"932","0.769975984252","0.824146981627","0.392388451444"
"933","0.770417585302","0.824146981627","0.44094488189"
"934","0.769318897638","0.824146981627","0.412073490814"
"935","0.76935","0.824146981627","0.393700787402"
"936","0.770528740157","0.824146981627","0.413385826772"
"937","0.769570341207","0.824146981627","0.385826771654"
"938","0.769420866142","0.824146981627","0.430446194226"
"939","0.769725984252","0.824146981627","0.443569553806"
"940","0.769925065617","0.824146981627","0.446194225722"
"941","0.770223753281","0.824146981627","0.45406824147"
"942","0.769620997375","0.824146981627","0.450131233596"
"943","0.770280708661","0.824146981627","0.446194225722"
"944","0.769305380577","0.824146981627","0.433070866142"
"945","0.769989370079","0.824146981627","0.400262467192"
"946","0.770561811024","0.824146981627","0.430446194226"
"947","0.769104199475","0.824146981627","0.426509186352"
"948","0.769706955381","0.824146981627","0.413385826772"
"949","0.769906299213","0.824146981627","0.44094488189"
"950","0.769515091864","0.824146981627","0.444881889764"
"951","0.769242388451","0.824146981627","0.422572178478"
"952","0.770494356955","0.824146981627","0.425196850394"
"953","0.770393700787","0.824146981627","0.422572178478"
"954","0.769858923885","0.824146981627","0.418635170604"
"955","0.770366272966","0.824146981627","0.416010498688"
"956","0.770085958005","0.824146981627","0.384514435696"
"957","0.770535826772","0.824146981627","0.442257217848"
"958","0.770376902887","0.824146981627","0.419947506562"
"959","0.77020183727","0.824146981627","0.405511811024"
"960","0.769872572178","0.824146981627","0.451443569554"
"961","0.770139501312","0.824146981627","0.413385826772"
"962","0.770013648294","0.824146981627","0.422572178478"
"963","0.771100787402","0.824146981627","0.442257217848"
"964","0.770745669291","0.824146981627","0.442257217848"
"965","0.77053503937","0.824146981627","0.402887139108"
"966","0.769618635171","0.824146981627","0.418635170604"
"967","0.770934645669","0.824146981627","0.44094488189"
"968","0.770635695538","0.824146981627","0.396325459318"
"969","0.770989107612","0.824146981627","0.385826771654"
"970","0.77084855643","0.824146981627","0.425196850394"
"971","0.770980314961","0.824146981627","0.450131233596"
"972","0.770702362205","0.824146981627","0.425196850394"
"973","0.771233070866","0.824146981627","0.439632545932"
"974","0.771203937008","0.824146981627","0.463254593176"
"975","0.770377296588","0.824146981627","0.433070866142"
"976","0.770769160105","0.824146981627","0.430446194226"
"977","0.77051824147","0.824146981627","0.429133858268"
"978","0.769840551181","0.824146981627","0.413385826772"
"979","0.769752099738","0.824146981627","0.40157480315"
"980","0.769460104987","0.824146981627","0.380577427822"
"981","0.770173097113","0.824146981627","0.435695538058"
"982","0.770205380577","0.824146981627","0.40813648294"
"983","0.770449606299","0.824146981627","0.461942257218"
"984","0.769804724409","0.824146981627","0.4343832021"
"985","0.770149475066","0.824146981627","0.372703412073"
"986","0.770461023622","0.824146981627","0.461942257218"
"987","0.770663385827","0.824146981627","0.461942257218"
"988","0.769672572178","0.824146981627","0.435695538058"
"989","0.771204068241","0.824146981627","0.464566929134"
"990","0.771282808399","0.824146981627","0.406824146982"
"991","0.771056299213","0.824146981627","0.41469816273"
"992","0.770437664042","0.824146981627","0.443569553806"
"993","0.770720866142","0.824146981627","0.442257217848"
"994","0.770035826772","0.824146981627","0.429133858268"
"995","0.770537664042","0.824146981627","0.437007874016"
"996","0.770913648294","0.824146981627","0.456692913386"
"997","0.769712992126","0.824146981627","0.417322834646"
"998","0.770637532808","0.824146981627","0.429133858268"
"999","0.769322047244","0.824146981627","0.433070866142"
"1000","0.770306167979","0.824146981627","0.431758530184"
