"Series","Unilever NV 3m 5m"
"Signal","CGO"
"Generations","1000"
"Ending","max generations were reached"
"Best Strategy","0000000000000010001000000000010011010000000010100000000011000011	","Accuracy","0.54134869958"
"Unique Strats","9236"
"0","0.499960473447","0.524528889581","0.478118673104"
"1","0.502490219592","0.525774801433","0.479520323937"
"2","0.504008316462","0.525774801433","0.479053106993"
"3","0.505214514873","0.526397757359","0.482323625603"
"4","0.505995795048","0.526397757359","0.483569537455"
"5","0.506724700202","0.527176452266","0.482323625603"
"6","0.507335617505","0.527487930229","0.481233452733"
"7","0.507844572496","0.527955147173","0.481544930696"
"8","0.508221009189","0.527955147173","0.481544930696"
"9","0.508532814203","0.528889581062","0.482635103566"
"10","0.508968509578","0.529045320044","0.482012147641"
"11","0.509443591341","0.529045320044","0.481700669678"
"12","0.509791076156","0.529668275969","0.486995795048"
"13","0.509980641645","0.529668275969","0.485749883196"
"14","0.510330509266","0.529668275969","0.483725276437"
"15","0.510654991434","0.530135492914","0.489176140788"
"16","0.51084918237","0.530135492914","0.486995795048"
"17","0.511178601464","0.533094533562","0.486372839122"
"18","0.511410792711","0.533094533562","0.486684317085"
"19","0.511614187821","0.533094533562","0.48512692727"
"20","0.51171138452","0.533094533562","0.487463011992"
"21","0.511907724653","0.533094533562","0.48621710014"
"22","0.512183569537","0.533094533562","0.486684317085"
"23","0.512312941909","0.533094533562","0.482790842548"
"24","0.512488522037","0.533094533562","0.487774489955"
"25","0.512755380782","0.533406011525","0.488397445881"
"26","0.512858604579","0.533561750506","0.486684317085"
"27","0.513022348544","0.534340445413","0.488241706899"
"28","0.513114530447","0.534340445413","0.484348232363"
"29","0.513296511447","0.534340445413","0.486528578103"
"30","0.513513954213","0.534340445413","0.489954835695"
"31","0.513706681202","0.534340445413","0.49151222551"
"32","0.513788397446","0.534963401339","0.486995795048"
"33","0.513985080206","0.534963401339","0.48730727301"
"34","0.514056657841","0.534963401339","0.490733530603"
"35","0.514217146862","0.534963401339","0.491045008566"
"36","0.514387883507","0.534963401339","0.489799096714"
"37","0.514592742563","0.534963401339","0.488708923844"
"38","0.514674334216","0.534963401339","0.49042205264"
"39","0.514847671702","0.534963401339","0.489643357732"
"40","0.51483152157","0.534963401339","0.489176140788"
"41","0.514968166952","0.534963401339","0.486061361159"
"42","0.5151452266","0.534963401339","0.490266313658"
"43","0.515094081919","0.534963401339","0.489020401807"
"44","0.515307195141","0.534963401339","0.491045008566"
"45","0.515421040336","0.534963401339","0.491356486529"
"46","0.515470207133","0.534963401339","0.492135181436"
"47","0.515513486996","0.534963401339","0.489799096714"
"48","0.515639199502","0.534963401339","0.491823703473"
"49","0.515742438872","0.534963401339","0.487618750973"
"50","0.51574550693","0.534963401339","0.49151222551"
"51","0.515917925557","0.534963401339","0.488553184862"
"52","0.515989845818","0.534963401339","0.485905622177"
"53","0.516039697866","0.534963401339","0.48933187977"
"54","0.516126351036","0.534963401339","0.492446659399"
"55","0.516208939418","0.534963401339","0.489954835695"
"56","0.516414156673","0.534963401339","0.492913876343"
"57","0.516398302445","0.534963401339","0.490733530603"
"58","0.516586123657","0.535274879302","0.488397445881"
"59","0.516591792556","0.535274879302","0.492135181436"
"60","0.516720401807","0.535274879302","0.494004049214"
"61","0.51680523283","0.535274879302","0.49151222551"
"62","0.516856751285","0.535274879302","0.490110574677"
"63","0.516901463946","0.536520791154","0.491667964492"
"64","0.517029372372","0.536520791154","0.491823703473"
"65","0.517141800343","0.537610964024","0.490577791621"
"66","0.517190375331","0.537610964024","0.491045008566"
"67","0.517322597726","0.537610964024","0.491823703473"
"68","0.517403706588","0.537610964024","0.494471266158"
"69","0.5175091886","0.537610964024","0.489954835695"
"70","0.517527363339","0.537610964024","0.493536832269"
"71","0.517560270986","0.537610964024","0.492135181436"
"72","0.517493256502","0.537610964024","0.494315527176"
"73","0.517704376265","0.537610964024","0.490889269584"
"74","0.517840242953","0.537610964024","0.492446659399"
"75","0.517901323781","0.537610964024","0.492135181436"
"76","0.517838093755","0.537610964024","0.494315527176"
"77","0.51798142034","0.537610964024","0.494627005139"
"78","0.518120526398","0.537610964024","0.486372839122"
"79","0.518235087993","0.537610964024","0.493225354306"
"80","0.518217582931","0.537610964024","0.494315527176"
"81","0.51828501791","0.537610964024","0.494004049214"
"82","0.518316835384","0.537610964024","0.48730727301"
"83","0.518272294035","0.537610964024","0.494315527176"
"84","0.518310714842","0.537610964024","0.492446659399"
"85","0.518500685252","0.537610964024","0.493692571251"
"86","0.518448092197","0.537610964024","0.492913876343"
"87","0.518467045632","0.537610964024","0.496495872917"
"88","0.518522675596","0.537610964024","0.493536832269"
"89","0.518540414266","0.537610964024","0.490733530603"
"90","0.518745320044","0.537610964024","0.494004049214"
"91","0.518789409749","0.537610964024","0.493692571251"
"92","0.518697757359","0.537610964024","0.495561439028"
"93","0.518679411307","0.537610964024","0.493536832269"
"94","0.518750241395","0.537610964024","0.49571717801"
"95","0.518874194051","0.537610964024","0.493381093288"
"96","0.518979333437","0.537610964024","0.493069615325"
"97","0.519106572185","0.537610964024","0.494159788195"
"98","0.519043933967","0.537610964024","0.494159788195"
"99","0.519095281109","0.537610964024","0.494315527176"
"100","0.519128515808","0.537610964024","0.494938483102"
"101","0.519131755178","0.537610964024","0.489954835695"
"102","0.519205886933","0.537610964024","0.494159788195"
"103","0.519274879302","0.537610964024","0.495405700047"
"104","0.51941893786","0.537610964024","0.496184394954"
"105","0.519409515652","0.537610964024","0.491045008566"
"106","0.519580392462","0.537610964024","0.492913876343"
"107","0.519722021492","0.537610964024","0.494471266158"
"108","0.519673976016","0.537610964024","0.494627005139"
"109","0.519596838499","0.537610964024","0.494159788195"
"110","0.519689814671","0.537610964024","0.497118828843"
"111","0.519698411462","0.537610964024","0.495561439028"
"112","0.519608160723","0.537610964024","0.491045008566"
"113","0.519766469397","0.537610964024","0.494004049214"
"114","0.519934137985","0.537610964024","0.494938483102"
"115","0.52002049525","0.537610964024","0.494627005139"
"116","0.519940118362","0.537610964024","0.493225354306"
"117","0.519973508799","0.537610964024","0.488553184862"
"118","0.51990056066","0.537610964024","0.492290920417"
"119","0.520006836941","0.537610964024","0.496495872917"
"120","0.520098925401","0.537610964024","0.49571717801"
"121","0.520151580751","0.537610964024","0.496963089861"
"122","0.520218065722","0.537610964024","0.495872916991"
"123","0.520241146239","0.537610964024","0.491667964492"
"124","0.520270285002","0.537610964024","0.496963089861"
"125","0.520275377667","0.537610964024","0.496651611898"
"126","0.520420573119","0.537610964024","0.497586045787"
"127","0.520389954836","0.537610964024","0.494782744121"
"128","0.520391683538","0.537610964024","0.49571717801"
"129","0.520522192805","0.537610964024","0.494938483102"
"130","0.520400077869","0.537610964024","0.488397445881"
"131","0.520471842392","0.537610964024","0.493381093288"
"132","0.520611633702","0.537610964024","0.49571717801"
"133","0.520563261174","0.537610964024","0.496340133936"
"134","0.52059604423","0.537610964024","0.494004049214"
"135","0.520652001246","0.537610964024","0.494627005139"
"136","0.520808316462","0.537610964024","0.493848310232"
"137","0.520659476717","0.537610964024","0.496963089861"
"138","0.520638576546","0.537610964024","0.495094222084"
"139","0.52073300109","0.537610964024","0.495405700047"
"140","0.520798318019","0.537610964024","0.495561439028"
"141","0.520796838499","0.537610964024","0.495249961065"
"142","0.520864569382","0.537610964024","0.496963089861"
"143","0.520923158387","0.537610964024","0.495561439028"
"144","0.520980454758","0.538078180969","0.496495872917"
"145","0.520976218658","0.53823391995","0.49680735088"
"146","0.520967310388","0.53823391995","0.494315527176"
"147","0.521002351659","0.53823391995","0.497741784769"
"148","0.521090577792","0.53823391995","0.495249961065"
"149","0.521114841925","0.53823391995","0.496184394954"
"150","0.521093334372","0.53823391995","0.496495872917"
"151","0.521239573275","0.53823391995","0.494938483102"
"152","0.521262840679","0.53823391995","0.499454913565"
"153","0.521347079894","0.53823391995","0.497118828843"
"154","0.521338607694","0.53823391995","0.496495872917"
"155","0.521269490734","0.53823391995","0.496184394954"
"156","0.521237906868","0.53823391995","0.496184394954"
"157","0.52139201059","0.538701136895","0.496963089861"
"158","0.52142508955","0.538701136895","0.495094222084"
"159","0.52150247625","0.538701136895","0.494315527176"
"160","0.521569241551","0.538701136895","0.491667964492"
"161","0.52148070394","0.538701136895","0.496963089861"
"162","0.521476218658","0.538701136895","0.497430306806"
"163","0.521499408192","0.538701136895","0.494471266158"
"164","0.521565114468","0.538701136895","0.498209001713"
"165","0.521518953434","0.538701136895","0.496340133936"
"166","0.521593396667","0.538701136895","0.493692571251"
"167","0.521590608939","0.538701136895","0.49571717801"
"168","0.52165837097","0.538701136895","0.498831957639"
"169","0.521695654882","0.538701136895","0.498053262732"
"170","0.521717894409","0.538701136895","0.497430306806"
"171","0.521762482479","0.538701136895","0.497586045787"
"172","0.521867014484","0.538701136895","0.49789752375"
"173","0.521913564865","0.538701136895","0.494159788195"
"174","0.521916041115","0.538701136895","0.497430306806"
"175","0.521974536677","0.538701136895","0.497741784769"
"176","0.521919171469","0.538701136895","0.495249961065"
"177","0.521900264756","0.538701136895","0.496340133936"
"178","0.521881295748","0.538701136895","0.496184394954"
"179","0.521889752375","0.538701136895","0.498053262732"
"180","0.522045538078","0.538701136895","0.497741784769"
"181","0.522145070861","0.538701136895","0.496495872917"
"182","0.522122005918","0.538701136895","0.499610652546"
"183","0.522057514406","0.538701136895","0.498053262732"
"184","0.5221547734","0.538701136895","0.496963089861"
"185","0.522255131599","0.538701136895","0.499299174583"
"186","0.522138919171","0.538701136895","0.498364740695"
"187","0.522178632612","0.539479831802","0.496963089861"
"188","0.522202974615","0.539479831802","0.500545086435"
"189","0.522226210871","0.539479831802","0.495094222084"
"190","0.522121865753","0.539479831802","0.499143435602"
"191","0.522166812023","0.539479831802","0.498364740695"
"192","0.52207894409","0.539479831802","0.497586045787"
"193","0.522232222395","0.539479831802","0.498831957639"
"194","0.522348310232","0.539479831802","0.500389347454"
"195","0.522410995172","0.539479831802","0.498364740695"
"196","0.522505622177","0.539479831802","0.495249961065"
"197","0.522540959352","0.539479831802","0.500077869491"
"198","0.522541800343","0.539479831802","0.494938483102"
"199","0.522590671235","0.539479831802","0.498053262732"
"200","0.522550054509","0.539479831802","0.499454913565"
"201","0.522547967606","0.539479831802","0.497586045787"
"202","0.522508441053","0.539479831802","0.499610652546"
"203","0.522560598038","0.539479831802","0.499143435602"
"204","0.522490717957","0.539479831802","0.496340133936"
"205","0.522580174428","0.539479831802","0.498209001713"
"206","0.522655458651","0.539479831802","0.499766391528"
"207","0.522666765301","0.539479831802","0.498676218658"
"208","0.522717551783","0.539479831802","0.49898769662"
"209","0.522705279551","0.539479831802","0.501790998287"
"210","0.522794331101","0.539479831802","0.498364740695"
"211","0.522863479209","0.539479831802","0.497274567824"
"212","0.522835788818","0.539479831802","0.500545086435"
"213","0.522844136427","0.539479831802","0.495872916991"
"214","0.522822769039","0.539479831802","0.49789752375"
"215","0.522958822613","0.539479831802","0.500077869491"
"216","0.52297491045","0.539479831802","0.496963089861"
"217","0.523019825572","0.539479831802","0.499454913565"
"218","0.522894549136","0.539479831802","0.499610652546"
"219","0.522903410684","0.539479831802","0.497430306806"
"220","0.522879520324","0.539479831802","0.499454913565"
"221","0.522983491668","0.539479831802","0.498053262732"
"222","0.522895312257","0.539479831802","0.499610652546"
"223","0.523062529201","0.539479831802","0.500233608472"
"224","0.523123189534","0.539479831802","0.500233608472"
"225","0.523181934278","0.539791309765","0.498676218658"
"226","0.523224123968","0.539791309765","0.498209001713"
"227","0.523131007631","0.539791309765","0.499454913565"
"228","0.523220401807","0.539791309765","0.499299174583"
"229","0.523216570628","0.539791309765","0.496340133936"
"230","0.523182494938","0.539791309765","0.49789752375"
"231","0.523180548201","0.539791309765","0.500077869491"
"232","0.523303286093","0.539791309765","0.500856564398"
"233","0.523220199346","0.539791309765","0.499922130509"
"234","0.523146970877","0.539791309765","0.499299174583"
"235","0.523014032082","0.539791309765","0.49789752375"
"236","0.523091216321","0.539791309765","0.499299174583"
"237","0.523249462701","0.539791309765","0.49680735088"
"238","0.523275346519","0.539791309765","0.496340133936"
"239","0.52321562062","0.539791309765","0.498364740695"
"240","0.523291683538","0.539791309765","0.49789752375"
"241","0.523362591497","0.539791309765","0.498209001713"
"242","0.523456844728","0.539791309765","0.498676218658"
"243","0.523510200903","0.539791309765","0.499454913565"
"244","0.523520012459","0.539791309765","0.501790998287"
"245","0.523458744744","0.539791309765","0.498831957639"
"246","0.523459336552","0.539791309765","0.499299174583"
"247","0.52348953434","0.539791309765","0.501323781342"
"248","0.523529247781","0.539791309765","0.499299174583"
"249","0.523579816228","0.539791309765","0.49571717801"
"250","0.52356551939","0.539791309765","0.500545086435"
"251","0.523634184706","0.539791309765","0.493381093288"
"252","0.523681825261","0.539791309765","0.499766391528"
"253","0.523655707834","0.539947048746","0.493225354306"
"254","0.523534356019","0.539947048746","0.50101230338"
"255","0.52354502414","0.539947048746","0.49571717801"
"256","0.523629933032","0.539947048746","0.500856564398"
"257","0.523622457561","0.539947048746","0.500077869491"
"258","0.523665145616","0.539947048746","0.498209001713"
"259","0.52372904532","0.539947048746","0.498209001713"
"260","0.523754555365","0.539947048746","0.498831957639"
"261","0.523776623579","0.539947048746","0.498209001713"
"262","0.523792057312","0.539947048746","0.494782744121"
"263","0.523822878056","0.539947048746","0.500233608472"
"264","0.523804843482","0.539947048746","0.500077869491"
"265","0.523908129575","0.539947048746","0.499454913565"
"266","0.523917396044","0.539947048746","0.499299174583"
"267","0.523808970565","0.539947048746","0.501323781342"
"268","0.523868042361","0.539947048746","0.499143435602"
"269","0.523810014017","0.539947048746","0.500389347454"
"270","0.52387590718","0.539947048746","0.498053262732"
"271","0.523917676374","0.539947048746","0.500389347454"
"272","0.523932378134","0.539947048746","0.501946737268"
"273","0.524018314904","0.539947048746","0.500233608472"
"274","0.523883335929","0.539947048746","0.500856564398"
"275","0.523823781342","0.539947048746","0.500700825417"
"276","0.523904843482","0.539947048746","0.500856564398"
"277","0.52394926024","0.539947048746","0.499299174583"
"278","0.524023719047","0.539947048746","0.50210247625"
"279","0.524077729326","0.539947048746","0.502725432176"
"280","0.524051191403","0.539947048746","0.499766391528"
"281","0.524214748482","0.539947048746","0.503815605046"
"282","0.524111882884","0.539947048746","0.501479520324"
"283","0.524122068214","0.539947048746","0.503348388102"
"284","0.524095623735","0.539947048746","0.496495872917"
"285","0.524074785859","0.539947048746","0.500077869491"
"286","0.524140616726","0.539947048746","0.500389347454"
"287","0.524171001402","0.539947048746","0.500545086435"
"288","0.524190032705","0.539947048746","0.498053262732"
"289","0.524246565955","0.539947048746","0.495872916991"
"290","0.52427491045","0.539947048746","0.500700825417"
"291","0.524381467061","0.539947048746","0.502725432176"
"292","0.524211337798","0.539947048746","0.498364740695"
"293","0.524236925713","0.539947048746","0.498676218658"
"294","0.524193100763","0.540102787728","0.499454913565"
"295","0.5243409905","0.540102787728","0.500856564398"
"296","0.524437159321","0.540102787728","0.500389347454"
"297","0.524411882884","0.540102787728","0.502569693194"
"298","0.524432144526","0.540102787728","0.499299174583"
"299","0.52443999377","0.540102787728","0.502258215231"
"300","0.524439947049","0.540102787728","0.499922130509"
"301","0.524490499922","0.540102787728","0.499766391528"
"302","0.524366391528","0.540102787728","0.499766391528"
"303","0.524326226444","0.540102787728","0.500077869491"
"304","0.524446830712","0.540102787728","0.503036910139"
"305","0.524502974615","0.540102787728","0.499610652546"
"306","0.524537408503","0.540102787728","0.502413954213"
"307","0.524533561751","0.540102787728","0.501168042361"
"308","0.524538607694","0.540102787728","0.501790998287"
"309","0.524468603021","0.540102787728","0.50210247625"
"310","0.524461423454","0.540102787728","0.499766391528"
"311","0.52451094845","0.540102787728","0.498209001713"
"312","0.524677635882","0.540102787728","0.500856564398"
"313","0.524642781498","0.540102787728","0.501635259305"
"314","0.524670752219","0.540102787728","0.499766391528"
"315","0.524579535898","0.540725743654","0.501635259305"
"316","0.524556159477","0.540725743654","0.499454913565"
"317","0.524545802834","0.540725743654","0.498364740695"
"318","0.524548325806","0.540725743654","0.497118828843"
"319","0.524640725744","0.540725743654","0.500856564398"
"320","0.524670207133","0.540725743654","0.50101230338"
"321","0.524779473602","0.540725743654","0.500856564398"
"322","0.524764102165","0.540725743654","0.500389347454"
"323","0.524722114935","0.540725743654","0.503036910139"
"324","0.524740881483","0.540725743654","0.49898769662"
"325","0.524732518299","0.540725743654","0.501479520324"
"326","0.524711182059","0.540725743654","0.501479520324"
"327","0.524715994393","0.540725743654","0.500077869491"
"328","0.524719420651","0.540725743654","0.499922130509"
"329","0.524703893475","0.540725743654","0.501479520324"
"330","0.524744074132","0.540725743654","0.500545086435"
"331","0.524775144059","0.540725743654","0.496963089861"
"332","0.524738965893","0.540725743654","0.500700825417"
"333","0.524701900016","0.540725743654","0.502258215231"
"334","0.52472996418","0.540725743654","0.498520479676"
"335","0.524707366454","0.540725743654","0.498209001713"
"336","0.524871188288","0.540725743654","0.500856564398"
"337","0.524799626226","0.540725743654","0.500545086435"
"338","0.524729714998","0.540725743654","0.500077869491"
"339","0.524864740695","0.540725743654","0.499610652546"
"340","0.524939775736","0.540725743654","0.500077869491"
"341","0.524858293101","0.540725743654","0.502413954213"
"342","0.524931365831","0.540725743654","0.501323781342"
"343","0.524989658932","0.540725743654","0.500856564398"
"344","0.524976296527","0.540725743654","0.500233608472"
"345","0.525069895655","0.540725743654","0.498831957639"
"346","0.524976950631","0.540725743654","0.500389347454"
"347","0.524920479676","0.540725743654","0.501635259305"
"348","0.52492940352","0.540725743654","0.500856564398"
"349","0.525137424077","0.540725743654","0.50319264912"
"350","0.52516947516","0.540725743654","0.500077869491"
"351","0.525146581529","0.540725743654","0.500233608472"
"352","0.525210792711","0.540725743654","0.500856564398"
"353","0.525223563308","0.540725743654","0.498209001713"
"354","0.525181778539","0.540725743654","0.500389347454"
"355","0.525122068214","0.540725743654","0.501479520324"
"356","0.525136583087","0.540725743654","0.498520479676"
"357","0.525195343404","0.540725743654","0.500856564398"
"358","0.525187821212","0.540725743654","0.501323781342"
"359","0.525154555365","0.540725743654","0.501323781342"
"360","0.525247562685","0.540725743654","0.498209001713"
"361","0.525267061205","0.540725743654","0.497274567824"
"362","0.525214265691","0.540725743654","0.501790998287"
"363","0.525144899548","0.540725743654","0.501946737268"
"364","0.525136474069","0.540725743654","0.501168042361"
"365","0.525188864663","0.540725743654","0.501479520324"
"366","0.525281358044","0.540725743654","0.501635259305"
"367","0.525293910606","0.540725743654","0.498053262732"
"368","0.525316757514","0.540725743654","0.501790998287"
"369","0.525204500857","0.541037221617","0.499610652546"
"370","0.525231474848","0.541037221617","0.499454913565"
"371","0.525252266002","0.541037221617","0.503348388102"
"372","0.525244214297","0.541037221617","0.499766391528"
"373","0.525371032549","0.541037221617","0.501479520324"
"374","0.525381809687","0.541037221617","0.499766391528"
"375","0.525387930229","0.541037221617","0.500389347454"
"376","0.525390219592","0.541037221617","0.499454913565"
"377","0.525411742719","0.541037221617","0.499299174583"
"378","0.525414047656","0.541037221617","0.50319264912"
"379","0.525434947827","0.541037221617","0.501790998287"
"380","0.525463977574","0.541037221617","0.503971344027"
"381","0.525529216633","0.541037221617","0.500856564398"
"382","0.525475362093","0.541037221617","0.500700825417"
"383","0.525426584644","0.541037221617","0.497274567824"
"384","0.525422878056","0.541037221617","0.499299174583"
"385","0.525464989877","0.541037221617","0.497430306806"
"386","0.525498831958","0.541037221617","0.50101230338"
"387","0.525523407569","0.541037221617","0.501790998287"
"388","0.52560551316","0.541037221617","0.501479520324"
"389","0.525636411774","0.541037221617","0.503348388102"
"390","0.525662607071","0.541037221617","0.503036910139"
"391","0.525673680112","0.541037221617","0.500856564398"
"392","0.525667216944","0.541037221617","0.500856564398"
"393","0.525543918393","0.541037221617","0.499299174583"
"394","0.525501370503","0.541037221617","0.501790998287"
"395","0.525485983492","0.541037221617","0.504438560972"
"396","0.525405092665","0.541037221617","0.501946737268"
"397","0.525590826974","0.541037221617","0.503815605046"
"398","0.525730665005","0.541037221617","0.502725432176"
"399","0.525597679489","0.541037221617","0.50319264912"
"400","0.525666344806","0.541037221617","0.500545086435"
"401","0.525715776359","0.541037221617","0.501635259305"
"402","0.525699268027","0.541037221617","0.501635259305"
"403","0.525658277527","0.541037221617","0.501635259305"
"404","0.52556875876","0.541037221617","0.501790998287"
"405","0.525666531693","0.541037221617","0.499610652546"
"406","0.525649509422","0.541037221617","0.499299174583"
"407","0.525654025853","0.541037221617","0.503348388102"
"408","0.525673913721","0.541037221617","0.502413954213"
"409","0.525739308519","0.541037221617","0.498520479676"
"410","0.525740024918","0.541037221617","0.500545086435"
"411","0.525728142034","0.541037221617","0.503815605046"
"412","0.525783974459","0.541037221617","0.499143435602"
"413","0.52575773244","0.541037221617","0.50210247625"
"414","0.525850225822","0.541037221617","0.503971344027"
"415","0.525818641956","0.541037221617","0.501323781342"
"416","0.525864865286","0.541037221617","0.50319264912"
"417","0.525859694752","0.541037221617","0.498520479676"
"418","0.525821445258","0.541037221617","0.503348388102"
"419","0.525752702071","0.541037221617","0.502258215231"
"420","0.525822862482","0.541037221617","0.502258215231"
"421","0.525891185174","0.541037221617","0.497586045787"
"422","0.525923096091","0.541037221617","0.504905777916"
"423","0.525950879925","0.541037221617","0.501168042361"
"424","0.525893038468","0.541037221617","0.499143435602"
"425","0.525890702383","0.541037221617","0.501168042361"
"426","0.525907491045","0.541037221617","0.501479520324"
"427","0.52594007164","0.541037221617","0.501635259305"
"428","0.52589824015","0.541037221617","0.502258215231"
"429","0.525834854384","0.541037221617","0.497274567824"
"430","0.525881295748","0.541037221617","0.501168042361"
"431","0.525964834138","0.541037221617","0.501635259305"
"432","0.525888350724","0.541037221617","0.49898769662"
"433","0.526009079583","0.541037221617","0.501946737268"
"434","0.525994751596","0.541037221617","0.503971344027"
"435","0.525964989877","0.541037221617","0.501168042361"
"436","0.525925556767","0.541037221617","0.498676218658"
"437","0.525973010435","0.541037221617","0.503504127083"
"438","0.525996433577","0.541037221617","0.504750038935"
"439","0.525990640087","0.541037221617","0.505372994861"
"440","0.52594310855","0.541037221617","0.50101230338"
"441","0.525885983492","0.541037221617","0.500233608472"
"442","0.52603307896","0.541037221617","0.499766391528"
"443","0.526025946114","0.541037221617","0.49680735088"
"444","0.526109422208","0.541037221617","0.50210247625"
"445","0.526185095779","0.541037221617","0.503348388102"
"446","0.526239869179","0.541037221617","0.502569693194"
"447","0.526157265223","0.541037221617","0.502881171157"
"448","0.526155256191","0.541037221617","0.502258215231"
"449","0.526033795359","0.541037221617","0.502881171157"
"450","0.526062420184","0.541037221617","0.50101230338"
"451","0.526077355552","0.541037221617","0.50319264912"
"452","0.526204469709","0.541037221617","0.503036910139"
"453","0.526087478586","0.541037221617","0.503504127083"
"454","0.526056548824","0.541037221617","0.503971344027"
"455","0.526215324716","0.541037221617","0.499454913565"
"456","0.526208472201","0.541037221617","0.502725432176"
"457","0.526229263355","0.541037221617","0.500389347454"
"458","0.526186637595","0.541037221617","0.502725432176"
"459","0.526081513783","0.541037221617","0.502258215231"
"460","0.526121834605","0.541037221617","0.502413954213"
"461","0.526118190313","0.541037221617","0.504127083009"
"462","0.526157109485","0.541037221617","0.501323781342"
"463","0.526190297461","0.541037221617","0.501946737268"
"464","0.526230680579","0.541037221617","0.503348388102"
"465","0.526202211494","0.541037221617","0.503504127083"
"466","0.526249369257","0.541037221617","0.502725432176"
"467","0.526295296683","0.541037221617","0.503815605046"
"468","0.526321554275","0.541037221617","0.50210247625"
"469","0.526302460676","0.541037221617","0.503971344027"
"470","0.526313035353","0.541037221617","0.504750038935"
"471","0.526355536521","0.541037221617","0.502569693194"
"472","0.526458355396","0.541037221617","0.503971344027"
"473","0.526457872606","0.541037221617","0.503659866064"
"474","0.526342672481","0.541037221617","0.502569693194"
"475","0.526294440118","0.541037221617","0.501323781342"
"476","0.526334854384","0.541037221617","0.503971344027"
"477","0.526444323314","0.541037221617","0.503036910139"
"478","0.526455957016","0.541037221617","0.503971344027"
"479","0.526422348544","0.541037221617","0.503036910139"
"480","0.526396340134","0.541037221617","0.500233608472"
"481","0.526414483725","0.541037221617","0.503971344027"
"482","0.526365768572","0.541037221617","0.500545086435"
"483","0.526318595234","0.541037221617","0.499922130509"
"484","0.526251783211","0.541037221617","0.502725432176"
"485","0.526302086902","0.541037221617","0.499922130509"
"486","0.526337206043","0.541037221617","0.498364740695"
"487","0.526399672948","0.541037221617","0.504594299953"
"488","0.526361921819","0.541037221617","0.503659866064"
"489","0.526501463946","0.541037221617","0.503971344027"
"490","0.526396807351","0.541037221617","0.505372994861"
"491","0.526447624981","0.541037221617","0.502569693194"
"492","0.526465612833","0.541037221617","0.501323781342"
"493","0.526509064009","0.541037221617","0.50319264912"
"494","0.52652600841","0.541037221617","0.500856564398"
"495","0.526580797384","0.541037221617","0.500077869491"
"496","0.526531646161","0.541037221617","0.501790998287"
"497","0.526494782744","0.541037221617","0.502881171157"
"498","0.526480672792","0.541037221617","0.504438560972"
"499","0.526535617505","0.541037221617","0.499766391528"
"500","0.526416165706","0.541037221617","0.500077869491"
"501","0.526512848466","0.541037221617","0.504750038935"
"502","0.526650677465","0.541037221617","0.50210247625"
"503","0.526531085501","0.541037221617","0.501790998287"
"504","0.526513331257","0.541037221617","0.502413954213"
"505","0.526542392151","0.541037221617","0.498676218658"
"506","0.526584846597","0.541037221617","0.498520479676"
"507","0.526664133313","0.541037221617","0.504127083009"
"508","0.526693941754","0.541037221617","0.503659866064"
"509","0.526731817474","0.541037221617","0.502258215231"
"510","0.526822800187","0.541037221617","0.503348388102"
"511","0.526853262732","0.541037221617","0.502881171157"
"512","0.52673695686","0.541037221617","0.505217255879"
"513","0.526741488865","0.541037221617","0.502725432176"
"514","0.526754275035","0.541037221617","0.504594299953"
"515","0.526671141567","0.541037221617","0.500700825417"
"516","0.526733655194","0.541037221617","0.501790998287"
"517","0.526707319732","0.541192960598","0.502881171157"
"518","0.526673103878","0.541192960598","0.503348388102"
"519","0.526676156362","0.541192960598","0.499766391528"
"520","0.526766827597","0.541192960598","0.505372994861"
"521","0.526675175206","0.541192960598","0.504438560972"
"522","0.526545896278","0.541192960598","0.502725432176"
"523","0.526541286404","0.541192960598","0.504438560972"
"524","0.526537626538","0.541192960598","0.499766391528"
"525","0.526625136272","0.541192960598","0.50101230338"
"526","0.52664282822","0.541192960598","0.49571717801"
"527","0.526630665005","0.541192960598","0.500389347454"
"528","0.526651923376","0.541192960598","0.504750038935"
"529","0.526694580283","0.541192960598","0.50101230338"
"530","0.526710559103","0.541192960598","0.503971344027"
"531","0.526801728703","0.541192960598","0.503659866064"
"532","0.526776016197","0.541192960598","0.50319264912"
"533","0.526776670301","0.541192960598","0.501323781342"
"534","0.526845678243","0.541192960598","0.50101230338"
"535","0.526850724186","0.541192960598","0.503348388102"
"536","0.526830867466","0.541192960598","0.50428282199"
"537","0.526697508176","0.541192960598","0.504905777916"
"538","0.526704921352","0.541192960598","0.501479520324"
"539","0.52672876499","0.541192960598","0.502413954213"
"540","0.526852468463","0.541192960598","0.50428282199"
"541","0.526857857032","0.541192960598","0.505061516898"
"542","0.5269091886","0.541192960598","0.504127083009"
"543","0.526819000156","0.541192960598","0.503036910139"
"544","0.52678565644","0.541192960598","0.50319264912"
"545","0.526884612989","0.541192960598","0.501946737268"
"546","0.526890390905","0.541192960598","0.500077869491"
"547","0.526935804392","0.541192960598","0.503659866064"
"548","0.526896371282","0.541192960598","0.505217255879"
"549","0.526846456938","0.541192960598","0.500389347454"
"550","0.526939355241","0.541192960598","0.505840211805"
"551","0.52695109796","0.541192960598","0.505372994861"
"552","0.526952811089","0.54134869958","0.50428282199"
"553","0.526890219592","0.54134869958","0.506307428749"
"554","0.527035866687","0.54134869958","0.502258215231"
"555","0.526934963401","0.54134869958","0.504905777916"
"556","0.526945958573","0.54134869958","0.50101230338"
"557","0.526887276125","0.54134869958","0.502725432176"
"558","0.526875938327","0.54134869958","0.503659866064"
"559","0.526897009812","0.54134869958","0.503348388102"
"560","0.526953698801","0.54134869958","0.503971344027"
"561","0.526991621243","0.54134869958","0.501168042361"
"562","0.527016492758","0.54134869958","0.501635259305"
"563","0.526946472512","0.54134869958","0.500389347454"
"564","0.526920464102","0.54134869958","0.50319264912"
"565","0.526855193895","0.54134869958","0.49789752375"
"566","0.526861750506","0.54134869958","0.502258215231"
"567","0.52690219592","0.54134869958","0.502258215231"
"568","0.526897025385","0.54134869958","0.500389347454"
"569","0.527026973992","0.54134869958","0.505684472824"
"570","0.527115075533","0.54134869958","0.501479520324"
"571","0.527132533873","0.54134869958","0.505840211805"
"572","0.527117847687","0.54134869958","0.502413954213"
"573","0.527159554587","0.54134869958","0.501323781342"
"574","0.527202133624","0.54134869958","0.50428282199"
"575","0.527131023205","0.54134869958","0.50428282199"
"576","0.527086980221","0.54134869958","0.505372994861"
"577","0.527140803613","0.54134869958","0.505217255879"
"578","0.527132814203","0.54134869958","0.504594299953"
"579","0.52721406323","0.54134869958","0.505217255879"
"580","0.527243264289","0.54134869958","0.501635259305"
"581","0.527205575456","0.54134869958","0.504127083009"
"582","0.527154897991","0.54134869958","0.503036910139"
"583","0.527113969787","0.54134869958","0.502413954213"
"584","0.527184021181","0.54134869958","0.503504127083"
"585","0.52724550693","0.54134869958","0.502881171157"
"586","0.527219825572","0.54134869958","0.50428282199"
"587","0.527136536365","0.54134869958","0.504127083009"
"588","0.527077246535","0.54134869958","0.503348388102"
"589","0.527177822769","0.54134869958","0.503659866064"
"590","0.52715045943","0.54134869958","0.503348388102"
"591","0.52723391995","0.54134869958","0.505840211805"
"592","0.527189238436","0.54134869958","0.503504127083"
"593","0.527037906868","0.54134869958","0.503971344027"
"594","0.527109733686","0.54134869958","0.503659866064"
"595","0.527071842392","0.54134869958","0.50319264912"
"596","0.527100731973","0.54134869958","0.501479520324"
"597","0.527081202305","0.54134869958","0.50210247625"
"598","0.527110138608","0.54134869958","0.505684472824"
"599","0.527206136116","0.54134869958","0.505684472824"
"600","0.527215293568","0.54134869958","0.505217255879"
"601","0.527225665784","0.54134869958","0.503036910139"
"602","0.52731745834","0.54134869958","0.505217255879"
"603","0.52729512537","0.54134869958","0.503504127083"
"604","0.527259632456","0.54134869958","0.502413954213"
"605","0.527217442766","0.54134869958","0.505684472824"
"606","0.527273275191","0.54134869958","0.499143435602"
"607","0.527324575611","0.54134869958","0.503504127083"
"608","0.527191122878","0.54134869958","0.505684472824"
"609","0.527126164149","0.54134869958","0.504127083009"
"610","0.527196916368","0.54134869958","0.504905777916"
"611","0.527315480455","0.54134869958","0.505372994861"
"612","0.527257109485","0.54134869958","0.502881171157"
"613","0.527289144993","0.54134869958","0.507241862638"
"614","0.52729696309","0.54134869958","0.501946737268"
"615","0.527232409282","0.54134869958","0.500545086435"
"616","0.5272141411","0.54134869958","0.501790998287"
"617","0.527326678088","0.54134869958","0.505840211805"
"618","0.527158589005","0.54134869958","0.503036910139"
"619","0.527258589005","0.54134869958","0.500545086435"
"620","0.527331225666","0.54134869958","0.503659866064"
"621","0.527205201682","0.54134869958","0.503036910139"
"622","0.527177900639","0.54134869958","0.503815605046"
"623","0.527252281576","0.54134869958","0.501479520324"
"624","0.527289285158","0.54134869958","0.496184394954"
"625","0.527276296527","0.54134869958","0.503036910139"
"626","0.527311680424","0.54134869958","0.50428282199"
"627","0.527402803302","0.54134869958","0.50319264912"
"628","0.527484005607","0.54134869958","0.505061516898"
"629","0.527403706588","0.54134869958","0.50101230338"
"630","0.527418346052","0.54134869958","0.506774645694"
"631","0.527378617038","0.54134869958","0.505528733842"
"632","0.5274363962","0.54134869958","0.505061516898"
"633","0.527388895811","0.54134869958","0.502725432176"
"634","0.527315745211","0.54134869958","0.504905777916"
"635","0.527294175362","0.54134869958","0.504750038935"
"636","0.527277994082","0.54134869958","0.503504127083"
"637","0.527417084566","0.54134869958","0.501946737268"
"638","0.527373103878","0.54134869958","0.501790998287"
"639","0.527403192649","0.54134869958","0.505061516898"
"640","0.527281358044","0.54134869958","0.501635259305"
"641","0.52743575767","0.54134869958","0.504438560972"
"642","0.527406385298","0.54134869958","0.506307428749"
"643","0.52740699268","0.54134869958","0.500389347454"
"644","0.527415511603","0.54134869958","0.498520479676"
"645","0.527418891138","0.54134869958","0.503504127083"
"646","0.527492555677","0.54134869958","0.501635259305"
"647","0.527560161969","0.54134869958","0.503036910139"
"648","0.52751985672","0.54134869958","0.502569693194"
"649","0.527567762031","0.54134869958","0.50319264912"
"650","0.527527410061","0.54134869958","0.505061516898"
"651","0.52752077558","0.54134869958","0.503504127083"
"652","0.527494268805","0.54134869958","0.504750038935"
"653","0.527413393552","0.54134869958","0.500233608472"
"654","0.527548839745","0.54134869958","0.503348388102"
"655","0.527512272232","0.54134869958","0.502881171157"
"656","0.527425774801","0.54134869958","0.502881171157"
"657","0.527518969008","0.54134869958","0.503036910139"
"658","0.527440445413","0.54134869958","0.505528733842"
"659","0.527439900327","0.54134869958","0.50210247625"
"660","0.52757710637","0.54134869958","0.505061516898"
"661","0.527534169133","0.54134869958","0.501790998287"
"662","0.527431957639","0.54134869958","0.505061516898"
"663","0.527526818253","0.54134869958","0.505217255879"
"664","0.527468712039","0.54134869958","0.503815605046"
"665","0.52752600841","0.54134869958","0.505372994861"
"666","0.527570440741","0.54134869958","0.50101230338"
"667","0.527544930696","0.54134869958","0.497274567824"
"668","0.527433982246","0.54134869958","0.502725432176"
"669","0.527453636505","0.54134869958","0.502413954213"
"670","0.527617006697","0.54134869958","0.503659866064"
"671","0.5276088304","0.54134869958","0.507241862638"
"672","0.527579130976","0.54134869958","0.506463167731"
"673","0.527490141722","0.54134869958","0.505061516898"
"674","0.52758629497","0.54134869958","0.505840211805"
"675","0.527643715932","0.54134869958","0.503815605046"
"676","0.527602211494","0.54134869958","0.50210247625"
"677","0.527575798162","0.54134869958","0.503659866064"
"678","0.527616866532","0.54134869958","0.505684472824"
"679","0.527610418938","0.54134869958","0.503348388102"
"680","0.527559959508","0.54134869958","0.502258215231"
"681","0.527569210403","0.54134869958","0.506930384675"
"682","0.527539230649","0.54134869958","0.501323781342"
"683","0.527644868401","0.54134869958","0.504905777916"
"684","0.527637081451","0.54134869958","0.50319264912"
"685","0.527633063386","0.54134869958","0.506618906712"
"686","0.527538950319","0.54134869958","0.501790998287"
"687","0.527597352437","0.54134869958","0.504750038935"
"688","0.527643326585","0.54134869958","0.502881171157"
"689","0.527667201371","0.54134869958","0.50210247625"
"690","0.527647858589","0.54134869958","0.506307428749"
"691","0.527657389815","0.54134869958","0.503504127083"
"692","0.527628500234","0.54134869958","0.502413954213"
"693","0.527674053886","0.54134869958","0.497274567824"
"694","0.527774707989","0.54134869958","0.502881171157"
"695","0.527709157452","0.54134869958","0.507241862638"
"696","0.527844261019","0.54134869958","0.50428282199"
"697","0.527657156206","0.54134869958","0.50428282199"
"698","0.527561361159","0.54134869958","0.504594299953"
"699","0.527614732908","0.54134869958","0.506151689768"
"700","0.52774438561","0.54134869958","0.502881171157"
"701","0.527831007631","0.54134869958","0.50319264912"
"702","0.527803457405","0.54134869958","0.500856564398"
"703","0.527787976951","0.54134869958","0.502413954213"
"704","0.527812926335","0.54134869958","0.506463167731"
"705","0.527824824794","0.54134869958","0.506774645694"
"706","0.527761672637","0.54134869958","0.504127083009"
"707","0.527758635727","0.54134869958","0.503971344027"
"708","0.527709359913","0.54134869958","0.502725432176"
"709","0.527640507709","0.54134869958","0.505840211805"
"710","0.527671748949","0.54134869958","0.503815605046"
"711","0.527736707678","0.54134869958","0.506307428749"
"712","0.527764538234","0.54134869958","0.498676218658"
"713","0.527829621554","0.54134869958","0.505061516898"
"714","0.5277911696","0.54134869958","0.506463167731"
"715","0.52777363339","0.54134869958","0.505217255879"
"716","0.527715527176","0.54134869958","0.50319264912"
"717","0.527714546021","0.54134869958","0.505061516898"
"718","0.527690390905","0.54134869958","0.503659866064"
"719","0.527720884597","0.54134869958","0.500856564398"
"720","0.527761984115","0.54134869958","0.505372994861"
"721","0.527724933811","0.54134869958","0.502258215231"
"722","0.527848777449","0.54134869958","0.504438560972"
"723","0.527823516586","0.54134869958","0.502569693194"
"724","0.527826631366","0.54134869958","0.505061516898"
"725","0.527813331257","0.54134869958","0.507553340601"
"726","0.527816586202","0.54134869958","0.503971344027"
"727","0.527870580906","0.54134869958","0.504127083009"
"728","0.527807428749","0.54134869958","0.501946737268"
"729","0.527886045787","0.54134869958","0.506307428749"
"730","0.527812646005","0.54134869958","0.501168042361"
"731","0.527850225822","0.54134869958","0.505372994861"
"732","0.527891278617","0.54134869958","0.505684472824"
"733","0.527903644292","0.54134869958","0.503659866064"
"734","0.527880361314","0.54134869958","0.49789752375"
"735","0.52790974926","0.54134869958","0.505061516898"
"736","0.527923999377","0.54134869958","0.503815605046"
"737","0.52787434979","0.54134869958","0.507086123657"
"738","0.527851814359","0.54134869958","0.503036910139"
"739","0.52777730883","0.54134869958","0.506774645694"
"740","0.527842937237","0.54134869958","0.505061516898"
"741","0.527846270051","0.54134869958","0.506151689768"
"742","0.527932346986","0.54134869958","0.504750038935"
"743","0.52797914655","0.54134869958","0.503971344027"
"744","0.527946472512","0.54134869958","0.505528733842"
"745","0.527897928672","0.54134869958","0.504750038935"
"746","0.527931895343","0.54134869958","0.50319264912"
"747","0.527878990811","0.54134869958","0.50739760162"
"748","0.527918595234","0.54134869958","0.506151689768"
"749","0.527947811867","0.54134869958","0.507709079583"
"750","0.527918688678","0.54134869958","0.507086123657"
"751","0.527926164149","0.54134869958","0.505840211805"
"752","0.528081825261","0.54134869958","0.50101230338"
"753","0.52805449307","0.54134869958","0.500856564398"
"754","0.528008129575","0.54134869958","0.499143435602"
"755","0.527907615636","0.54134869958","0.506307428749"
"756","0.527944152001","0.54134869958","0.505528733842"
"757","0.527986871204","0.54134869958","0.506151689768"
"758","0.527964180034","0.54134869958","0.505528733842"
"759","0.528061890671","0.54134869958","0.50428282199"
"760","0.528032128952","0.54134869958","0.507241862638"
"761","0.527912209936","0.54134869958","0.502569693194"
"762","0.528014655038","0.54134869958","0.500700825417"
"763","0.528079255568","0.54134869958","0.506307428749"
"764","0.528015854228","0.54134869958","0.503348388102"
"765","0.527940460987","0.54134869958","0.505840211805"
"766","0.527878726055","0.54134869958","0.504127083009"
"767","0.527841083943","0.54134869958","0.502569693194"
"768","0.527965752998","0.54134869958","0.505217255879"
"769","0.527985220371","0.54134869958","0.504594299953"
"770","0.528016975549","0.54134869958","0.507086123657"
"771","0.528008814826","0.54134869958","0.506151689768"
"772","0.528081576078","0.54134869958","0.503815605046"
"773","0.528170409594","0.54134869958","0.506463167731"
"774","0.528117972278","0.54134869958","0.504438560972"
"775","0.528152764367","0.54134869958","0.505684472824"
"776","0.528170409594","0.54134869958","0.502258215231"
"777","0.528065052173","0.54134869958","0.505528733842"
"778","0.528054103722","0.54134869958","0.505217255879"
"779","0.528015932098","0.54134869958","0.501790998287"
"780","0.528070175985","0.54134869958","0.505840211805"
"781","0.528096153247","0.54134869958","0.504438560972"
"782","0.528042002803","0.54134869958","0.504594299953"
"783","0.528045102009","0.54134869958","0.503659866064"
"784","0.528135555209","0.54134869958","0.506307428749"
"785","0.528104282822","0.54134869958","0.503348388102"
"786","0.528139401962","0.54134869958","0.504127083009"
"787","0.528225307584","0.54134869958","0.504750038935"
"788","0.528157794736","0.54134869958","0.504905777916"
"789","0.528184690858","0.54134869958","0.506151689768"
"790","0.528157607849","0.54134869958","0.506930384675"
"791","0.528054041427","0.54134869958","0.503504127083"
"792","0.528167061205","0.54134869958","0.504905777916"
"793","0.528143918393","0.54134869958","0.506463167731"
"794","0.528169054664","0.54134869958","0.504750038935"
"795","0.528066687432","0.54134869958","0.498053262732"
"796","0.528099377044","0.54134869958","0.506151689768"
"797","0.528050023361","0.54134869958","0.504905777916"
"798","0.528071297306","0.54134869958","0.505217255879"
"799","0.528085999066","0.54134869958","0.506307428749"
"800","0.528123921508","0.54134869958","0.504905777916"
"801","0.528169381716","0.54134869958","0.505995950786"
"802","0.528150303691","0.54134869958","0.503036910139"
"803","0.528190982713","0.54134869958","0.504594299953"
"804","0.528195390126","0.54134869958","0.504438560972"
"805","0.528242859368","0.54134869958","0.507241862638"
"806","0.528194720449","0.54134869958","0.504438560972"
"807","0.528222909204","0.54134869958","0.501946737268"
"808","0.528205918081","0.54134869958","0.504905777916"
"809","0.528251362716","0.54134869958","0.504438560972"
"810","0.528094471266","0.54134869958","0.506774645694"
"811","0.528138280642","0.54134869958","0.503036910139"
"812","0.528281731817","0.54134869958","0.507241862638"
"813","0.528236910139","0.54134869958","0.506307428749"
"814","0.528175798162","0.54134869958","0.505372994861"
"815","0.528137159321","0.54134869958","0.504438560972"
"816","0.528138342937","0.54134869958","0.505684472824"
"817","0.528152203707","0.54134869958","0.505372994861"
"818","0.528207288584","0.54134869958","0.505061516898"
"819","0.528334978975","0.54134869958","0.503659866064"
"820","0.528313533717","0.54134869958","0.505217255879"
"821","0.528313814048","0.54134869958","0.500545086435"
"822","0.52830339511","0.54134869958","0.507709079583"
"823","0.528190733531","0.54134869958","0.504750038935"
"824","0.528232876499","0.54134869958","0.507241862638"
"825","0.528333530603","0.54134869958","0.505684472824"
"826","0.528315527176","0.54134869958","0.505217255879"
"827","0.528266687432","0.54134869958","0.501635259305"
"828","0.528259461143","0.54134869958","0.504594299953"
"829","0.528282370347","0.54134869958","0.503036910139"
"830","0.528337361782","0.54134869958","0.505217255879"
"831","0.528324419872","0.54134869958","0.507241862638"
"832","0.52822177231","0.54134869958","0.508643513471"
"833","0.528272589939","0.54134869958","0.508176296527"
"834","0.528275595702","0.54134869958","0.502725432176"
"835","0.528340165083","0.54134869958","0.503815605046"
"836","0.528215433733","0.54134869958","0.498053262732"
"837","0.528280579349","0.54134869958","0.505372994861"
"838","0.528274209625","0.54134869958","0.505528733842"
"839","0.528201043451","0.54134869958","0.506774645694"
"840","0.528236520791","0.54134869958","0.503348388102"
"841","0.528258589005","0.54134869958","0.500233608472"
"842","0.528208612366","0.54134869958","0.504905777916"
"843","0.528314748482","0.54134869958","0.506618906712"
"844","0.528214390282","0.54134869958","0.500856564398"
"845","0.52825229715","0.54134869958","0.504127083009"
"846","0.528334449463","0.54134869958","0.505528733842"
"847","0.528249322535","0.54134869958","0.506930384675"
"848","0.528244354462","0.54134869958","0.505840211805"
"849","0.52827399159","0.54134869958","0.506307428749"
"850","0.528319389503","0.54134869958","0.501479520324"
"851","0.528307428749","0.54134869958","0.50428282199"
"852","0.528332627317","0.54134869958","0.504905777916"
"853","0.528349384831","0.54134869958","0.508176296527"
"854","0.528350225822","0.54134869958","0.503036910139"
"855","0.528285672014","0.54134869958","0.505372994861"
"856","0.528275206354","0.54134869958","0.498364740695"
"857","0.528296527021","0.54134869958","0.505372994861"
"858","0.528272885843","0.54134869958","0.503504127083"
"859","0.52833787572","0.54134869958","0.506307428749"
"860","0.528389160567","0.54134869958","0.505528733842"
"861","0.528396168821","0.54134869958","0.505061516898"
"862","0.528389799097","0.54134869958","0.505061516898"
"863","0.528373726834","0.54134869958","0.508954991434"
"864","0.528350147952","0.54134869958","0.504594299953"
"865","0.528409406634","0.54134869958","0.503659866064"
"866","0.528397165551","0.54134869958","0.50428282199"
"867","0.528439588849","0.54134869958","0.502569693194"
"868","0.528396994238","0.54134869958","0.505061516898"
"869","0.528421850179","0.54134869958","0.507553340601"
"870","0.528347484815","0.54134869958","0.502569693194"
"871","0.528453231584","0.54134869958","0.504438560972"
"872","0.528337019156","0.54134869958","0.505995950786"
"873","0.528373680112","0.54134869958","0.503504127083"
"874","0.52832021492","0.54134869958","0.507086123657"
"875","0.528394440118","0.54134869958","0.505217255879"
"876","0.528483725276","0.54134869958","0.503971344027"
"877","0.528482666251","0.54134869958","0.507241862638"
"878","0.528528967451","0.54134869958","0.506151689768"
"879","0.52849456471","0.54134869958","0.508643513471"
"880","0.528459554587","0.54134869958","0.504127083009"
"881","0.528502522971","0.54134869958","0.503659866064"
"882","0.528541566734","0.54134869958","0.507709079583"
"883","0.52850515496","0.54134869958","0.502413954213"
"884","0.528431786326","0.54134869958","0.505528733842"
"885","0.528456299642","0.54134869958","0.506618906712"
"886","0.528444261019","0.54134869958","0.503659866064"
"887","0.528407958262","0.54134869958","0.505372994861"
"888","0.528353605357","0.54134869958","0.504905777916"
"889","0.52844989877","0.54134869958","0.508020557546"
"890","0.528421928049","0.54134869958","0.50428282199"
"891","0.528395000779","0.54134869958","0.503659866064"
"892","0.528419809998","0.54134869958","0.504594299953"
"893","0.528464289052","0.54134869958","0.503971344027"
"894","0.528573571095","0.54134869958","0.506151689768"
"895","0.528582681825","0.54134869958","0.503971344027"
"896","0.528531069927","0.54134869958","0.506307428749"
"897","0.528541504439","0.54134869958","0.505372994861"
"898","0.528522644448","0.54134869958","0.505528733842"
"899","0.528501915589","0.54134869958","0.50319264912"
"900","0.52852932565","0.54134869958","0.505061516898"
"901","0.528483055599","0.54134869958","0.506463167731"
"902","0.528518237035","0.54134869958","0.506774645694"
"903","0.528412926335","0.54134869958","0.50210247625"
"904","0.528477931786","0.54134869958","0.507241862638"
"905","0.528533437159","0.54134869958","0.503348388102"
"906","0.5285003582","0.54134869958","0.506151689768"
"907","0.528540336396","0.54134869958","0.50428282199"
"908","0.528531256814","0.54134869958","0.502569693194"
"909","0.528552951254","0.54134869958","0.505840211805"
"910","0.528553901261","0.54134869958","0.506930384675"
"911","0.528601962311","0.54134869958","0.506307428749"
"912","0.52860451643","0.54134869958","0.506463167731"
"913","0.528587073665","0.54134869958","0.503971344027"
"914","0.528575953901","0.54134869958","0.505840211805"
"915","0.528537828999","0.54134869958","0.506774645694"
"916","0.528486637595","0.54134869958","0.504438560972"
"917","0.528425681358","0.54134869958","0.503971344027"
"918","0.528504859056","0.54134869958","0.50319264912"
"919","0.528529995328","0.54134869958","0.506151689768"
"920","0.528488163837","0.54134869958","0.505995950786"
"921","0.528513907491","0.54134869958","0.506618906712"
"922","0.528677994082","0.54134869958","0.499766391528"
"923","0.528635913409","0.54134869958","0.508332035508"
"924","0.52866883663","0.54134869958","0.504438560972"
"925","0.5286586513","0.54134869958","0.504594299953"
"926","0.528551907803","0.54134869958","0.505061516898"
"927","0.528593910606","0.54134869958","0.505217255879"
"928","0.528614655038","0.54134869958","0.506618906712"
"929","0.528691325339","0.54134869958","0.505995950786"
"930","0.528592664694","0.54134869958","0.507864818564"
"931","0.528501152468","0.54134869958","0.506618906712"
"932","0.528609375487","0.54134869958","0.50739760162"
"933","0.52867794736","0.54134869958","0.503504127083"
"934","0.528750397134","0.54134869958","0.505217255879"
"935","0.528753589784","0.54134869958","0.503659866064"
"936","0.528688599907","0.54134869958","0.504594299953"
"937","0.528721663292","0.54134869958","0.506774645694"
"938","0.528693692571","0.54134869958","0.506307428749"
"939","0.52870395577","0.54134869958","0.506930384675"
"940","0.528526055132","0.54134869958","0.501479520324"
"941","0.528579644915","0.54134869958","0.506618906712"
"942","0.528559710325","0.54134869958","0.49898769662"
"943","0.528587104812","0.54134869958","0.506618906712"
"944","0.528698613923","0.54134869958","0.504438560972"
"945","0.528736224887","0.54134869958","0.50428282199"
"946","0.528639557701","0.54134869958","0.506930384675"
"947","0.52865045943","0.54134869958","0.506151689768"
"948","0.528673648964","0.54134869958","0.505684472824"
"949","0.528682090017","0.54134869958","0.504127083009"
"950","0.528746550382","0.54134869958","0.499766391528"
"951","0.528860442299","0.54134869958","0.505684472824"
"952","0.528798084411","0.54134869958","0.505528733842"
"953","0.528747624981","0.54134869958","0.506618906712"
"954","0.528832409282","0.54134869958","0.506151689768"
"955","0.528764460364","0.54134869958","0.505995950786"
"956","0.528681747391","0.54134869958","0.504594299953"
"957","0.528624902663","0.54134869958","0.505840211805"
"958","0.528761189846","0.54134869958","0.508643513471"
"959","0.528671219436","0.54134869958","0.505684472824"
"960","0.528705886933","0.54134869958","0.503659866064"
"961","0.528781576078","0.54134869958","0.506930384675"
"962","0.528734215854","0.54134869958","0.504594299953"
"963","0.528704734465","0.54134869958","0.508020557546"
"964","0.528662342314","0.54134869958","0.507864818564"
"965","0.528634091263","0.54134869958","0.50210247625"
"966","0.528700794269","0.54134869958","0.506930384675"
"967","0.528625696932","0.54134869958","0.504127083009"
"968","0.528626428905","0.54134869958","0.505372994861"
"969","0.528679364585","0.54134869958","0.505840211805"
"970","0.528715246846","0.54134869958","0.505372994861"
"971","0.528710496807","0.54134869958","0.50319264912"
"972","0.528766889893","0.54134869958","0.50319264912"
"973","0.528780174428","0.54134869958","0.506774645694"
"974","0.528786481856","0.54134869958","0.506774645694"
"975","0.528822348544","0.54134869958","0.504594299953"
"976","0.528890733531","0.54134869958","0.505840211805"
"977","0.528857561128","0.54134869958","0.503815605046"
"978","0.528786886778","0.54134869958","0.506151689768"
"979","0.528861049681","0.54134869958","0.505061516898"
"980","0.528728079738","0.54134869958","0.505684472824"
"981","0.528760457873","0.54134869958","0.505684472824"
"982","0.528848590562","0.54134869958","0.504438560972"
"983","0.528783398225","0.54134869958","0.50739760162"
"984","0.528818688678","0.54134869958","0.507241862638"
"985","0.528846706121","0.54134869958","0.504750038935"
"986","0.528888522037","0.54134869958","0.506774645694"
"987","0.528731303535","0.54134869958","0.506463167731"
"988","0.528749774178","0.54134869958","0.502725432176"
"989","0.528795358978","0.54134869958","0.508176296527"
"990","0.528754259461","0.54134869958","0.506774645694"
"991","0.528728546955","0.54134869958","0.498831957639"
"992","0.528778523594","0.54134869958","0.507241862638"
"993","0.528695654882","0.54134869958","0.507709079583"
"994","0.528770378446","0.54134869958","0.505528733842"
"995","0.528723345273","0.54134869958","0.506463167731"
"996","0.528656470955","0.54134869958","0.506151689768"
"997","0.528585672014","0.54134869958","0.503971344027"
"998","0.528656595546","0.54134869958","0.502569693194"
"999","0.528703581997","0.54134869958","0.506463167731"
"1000","0.52871618128","0.54134869958","0.506930384675"
